{"pos":[-6.338099956512451,655.3770141601563,74.11879730224609],"rotationMatrix":[-1,0,0,0,-1,0,0,0,1],"scale":1,"type":"billboard_structure1"}
{"pos":[-68.36470031738281,670.7670288085938,74.11879730224609],"rotationMatrix":[1,0,0,0,1,0,0,0,1],"scale":1,"type":"billboard_structure1"}
{"pos":[-354.9190063476563,304.2879943847656,101.6320037841797],"rotationMatrix":[0.7604296207427979,0.6494203209877014,0,-0.6494203209877014,0.7604296207427979,0,0,0,1],"scale":1,"type":"billboard_structure1"}
{"pos":[-595.2849731445313,118.1790008544922,102.1959991455078],"rotationMatrix":[0.728268027305603,0.6852924227714539,0,-0.6852924227714539,0.728268027305603,0,0,0,1],"scale":1,"type":"billboard_structure1"}
