{"pos":[-182.0200042724609,513.8270263671875,74.78769683837891],"rotationMatrix":[-1,0,0,0,-1,0,0,0,1],"scale":1,"type":"bollard_hoop_grey"}
{"pos":[-447.1900024414063,503.97900390625,96.40509796142578],"rotationMatrix":[-0.7071824073791504,-0.7070311307907104,0,0.7070311307907104,-0.7071824073791504,0,0,0,1],"scale":1,"type":"bollard_hoop_grey"}
{"pos":[-446.4830017089844,503.2720031738281,96.40509796142578],"rotationMatrix":[-0.7071824073791504,-0.7070311307907104,0,0.7070311307907104,-0.7071824073791504,0,0,0,1],"scale":1,"type":"bollard_hoop_grey"}
{"pos":[-447.8970031738281,504.6860046386719,96.42350006103516],"rotationMatrix":[-0.7071824073791504,-0.7070311307907104,0,0.7070311307907104,-0.7071824073791504,0,0,0,1],"scale":1,"type":"bollard_hoop_grey"}
{"pos":[-448.60400390625,505.3930053710938,96.42350006103516],"rotationMatrix":[-0.7071824073791504,-0.7070311307907104,0,0.7070311307907104,-0.7071824073791504,0,0,0,1],"scale":1,"type":"bollard_hoop_grey"}
{"pos":[-736.0380249023438,764.052001953125,84.61959838867188],"rotationMatrix":[1.931190490722656e-05,1,0,-1,1.931190490722656e-05,0,0,0,1],"scale":1,"type":"bollard_hoop_grey"}
{"pos":[-735.0380249023438,764.052001953125,84.46469879150391],"rotationMatrix":[1.931190490722656e-05,1,0,-1,1.931190490722656e-05,0,0,0,1],"scale":1,"type":"bollard_hoop_grey"}
{"pos":[-737.0380249023438,764.052001953125,84.74770355224609],"rotationMatrix":[1.931190490722656e-05,1,0,-1,1.931190490722656e-05,0,0,0,1],"scale":1,"type":"bollard_hoop_grey"}
{"pos":[-738.0380249023438,764.052001953125,84.90260314941406],"rotationMatrix":[1.931190490722656e-05,1,0,-1,1.931190490722656e-05,0,0,0,1],"scale":1,"type":"bollard_hoop_grey"}
{"pos":[-663.6890258789063,504.3689880371094,117.3649978637695],"rotationMatrix":[-0.7071824073791504,-0.7070311307907104,0,0.7070311307907104,-0.7071824073791504,0,0,0,1],"scale":1,"type":"bollard_hoop_grey"}
{"pos":[-662.9819946289063,503.6619873046875,117.3150024414063],"rotationMatrix":[-0.7071824073791504,-0.7070311307907104,0,0.7070311307907104,-0.7071824073791504,0,0,0,1],"scale":1,"type":"bollard_hoop_grey"}
{"pos":[-664.39599609375,505.0759887695313,117.4179992675781],"rotationMatrix":[-0.7071824073791504,-0.7070311307907104,0,0.7070311307907104,-0.7071824073791504,0,0,0,1],"scale":1,"type":"bollard_hoop_grey"}
{"pos":[-665.10302734375,505.7829895019531,117.4680023193359],"rotationMatrix":[-0.7071824073791504,-0.7070311307907104,0,0.7070311307907104,-0.7071824073791504,0,0,0,1],"scale":1,"type":"bollard_hoop_grey"}
{"pos":[-809.9730224609375,888.3319702148438,74.79429626464844],"rotationMatrix":[1,0,0,0,1,0,0,0,1],"scale":1,"type":"bollard_hoop_grey"}
{"pos":[-795.7470092773438,888.3319702148438,74.79429626464844],"rotationMatrix":[1,0,0,0,1,0,0,0,1],"scale":1,"type":"bollard_hoop_grey"}
{"pos":[-756.3330078125,888.3319702148438,74.79429626464844],"rotationMatrix":[1,0,0,0,1,0,0,0,1],"scale":1,"type":"bollard_hoop_grey"}
{"pos":[-766.3599853515625,888.3319702148438,74.79429626464844],"rotationMatrix":[1,0,0,0,1,0,0,0,1],"scale":1,"type":"bollard_hoop_grey"}
{"pos":[-776.3410034179688,888.3319702148438,74.79429626464844],"rotationMatrix":[1,0,0,0,1,0,0,0,1],"scale":1,"type":"bollard_hoop_grey"}
{"pos":[-754.1810302734375,656.0889892578125,106.0999984741211],"rotationMatrix":[1.931190490722656e-05,1,0,-1,1.931190490722656e-05,0,0,0,1],"scale":1,"type":"bollard_hoop_grey"}
{"pos":[-755.1810302734375,656.0889892578125,106.181999206543],"rotationMatrix":[1.931190490722656e-05,1,0,-1,1.931190490722656e-05,0,0,0,1],"scale":1,"type":"bollard_hoop_grey"}
{"pos":[-757.1810302734375,656.0889892578125,106.3270034790039],"rotationMatrix":[1.931190490722656e-05,1,0,-1,1.931190490722656e-05,0,0,0,1],"scale":1,"type":"bollard_hoop_grey"}
{"pos":[-756.1810302734375,656.0889892578125,106.2460021972656],"rotationMatrix":[1.931190490722656e-05,1,0,-1,1.931190490722656e-05,0,0,0,1],"scale":1,"type":"bollard_hoop_grey"}
{"pos":[-752.8369750976563,561.9249877929688,122.7689971923828],"rotationMatrix":[1.931190490722656e-05,-1,0,1,1.931190490722656e-05,0,0,0,1],"scale":1,"type":"bollard_hoop_grey"}
{"pos":[-751.8369750976563,561.9249877929688,122.5810012817383],"rotationMatrix":[1.931190490722656e-05,-1,0,1,1.931190490722656e-05,0,0,0,1],"scale":1,"type":"bollard_hoop_grey"}
{"pos":[-753.8369750976563,561.9249877929688,122.9499969482422],"rotationMatrix":[1.931190490722656e-05,-1,0,1,1.931190490722656e-05,0,0,0,1],"scale":1,"type":"bollard_hoop_grey"}
{"pos":[-754.8369750976563,561.9249877929688,123.1370010375977],"rotationMatrix":[1.931190490722656e-05,-1,0,1,1.931190490722656e-05,0,0,0,1],"scale":1,"type":"bollard_hoop_grey"}
{"pos":[-896.6920166015625,667.1069946289063,111.5540008544922],"rotationMatrix":[1.931190490722656e-05,-1,0,1,1.931190490722656e-05,0,0,0,1],"scale":1,"type":"bollard_hoop_grey"}
{"pos":[-895.6920166015625,667.1069946289063,111.5059967041016],"rotationMatrix":[1.931190490722656e-05,-1,0,1,1.931190490722656e-05,0,0,0,1],"scale":1,"type":"bollard_hoop_grey"}
{"pos":[-903.343017578125,562.0260009765625,131.6490020751953],"rotationMatrix":[1.931190490722656e-05,-1,0,1,1.931190490722656e-05,0,0,0,1],"scale":1,"type":"bollard_hoop_grey"}
{"pos":[-902.343017578125,562.0260009765625,131.5870056152344],"rotationMatrix":[1.931190490722656e-05,-1,0,1,1.931190490722656e-05,0,0,0,1],"scale":1,"type":"bollard_hoop_grey"}
{"pos":[-904.343017578125,562.0260009765625,131.6940002441406],"rotationMatrix":[1.931190490722656e-05,-1,0,1,1.931190490722656e-05,0,0,0,1],"scale":1,"type":"bollard_hoop_grey"}
{"pos":[-905.343017578125,562.0260009765625,131.7550048828125],"rotationMatrix":[1.931190490722656e-05,-1,0,1,1.931190490722656e-05,0,0,0,1],"scale":1,"type":"bollard_hoop_grey"}
{"pos":[-555.7369995117188,396.6619873046875,107.9889984130859],"rotationMatrix":[-0.7071824073791504,-0.7070311307907104,0,0.7070311307907104,-0.7071824073791504,0,0,0,1],"scale":1,"type":"bollard_hoop_grey"}
{"pos":[-556.4439697265625,397.3689880371094,108.1389999389648],"rotationMatrix":[-0.7071824073791504,-0.7070311307907104,0,0.7070311307907104,-0.7071824073791504,0,0,0,1],"scale":1,"type":"bollard_hoop_grey"}
{"pos":[-562.2960205078125,424.1719970703125,107.8610000610352],"rotationMatrix":[0.7070814371109009,-0.70713210105896,0,0.70713210105896,0.7070814371109009,0,0,0,1],"scale":1,"type":"bollard_hoop_grey"}
{"pos":[-561.5889892578125,424.8789978027344,107.754997253418],"rotationMatrix":[0.7070814371109009,-0.70713210105896,0,0.70713210105896,0.7070814371109009,0,0,0,1],"scale":1,"type":"bollard_hoop_grey"}
{"pos":[-560.1749877929688,426.2929992675781,107.5350036621094],"rotationMatrix":[0.7070814371109009,-0.70713210105896,0,0.70713210105896,0.7070814371109009,0,0,0,1],"scale":1,"type":"bollard_hoop_grey"}
{"pos":[-560.8820190429688,425.5859985351563,107.640998840332],"rotationMatrix":[0.7070814371109009,-0.70713210105896,0,0.70713210105896,0.7070814371109009,0,0,0,1],"scale":1,"type":"bollard_hoop_grey"}
{"pos":[-563.7100219726563,422.7579956054688,108.0550003051758],"rotationMatrix":[0.7070814371109009,-0.70713210105896,0,0.70713210105896,0.7070814371109009,0,0,0,1],"scale":1,"type":"bollard_hoop_grey"}
{"pos":[-563.0029907226563,423.4649963378906,107.9489974975586],"rotationMatrix":[0.7070814371109009,-0.70713210105896,0,0.70713210105896,0.7070814371109009,0,0,0,1],"scale":1,"type":"bollard_hoop_grey"}
{"pos":[-564.4169921875,422.0499877929688,108.1689987182617],"rotationMatrix":[0.7070814371109009,-0.70713210105896,0,0.70713210105896,0.7070814371109009,0,0,0,1],"scale":1,"type":"bollard_hoop_grey"}
{"pos":[-565.1240234375,421.3429870605469,108.2750015258789],"rotationMatrix":[0.7070814371109009,-0.70713210105896,0,0.70713210105896,0.7070814371109009,0,0,0,1],"scale":1,"type":"bollard_hoop_grey"}
{"pos":[-877.0029907226563,267.7479858398438,159.4510040283203],"rotationMatrix":[0.7070814371109009,-0.70713210105896,0,0.70713210105896,0.7070814371109009,0,0,0,1],"scale":1,