{"pos":[-202.0665893554688,524.6185913085938,74.94090270996094],"rotationMatrix":[1,1.509958025280866e-07,0,-1.509958025280866e-07,1,0,0,0,1],"scale":1,"type":"bollard_hoop_red"}
{"pos":[-202.0665893554688,514.506591796875,74.94090270996094],"rotationMatrix":[1,1.509958025280866e-07,0,-1.509958025280866e-07,1,0,0,0,1],"scale":1,"type":"bollard_hoop_red"}
{"pos":[-191.9970550537109,514.506591796875,74.94090270996094],"rotationMatrix":[1,1.509958025280866e-07,0,-1.509958025280866e-07,1,0,0,0,1],"scale":1,"type":"bollard_hoop_red"}
{"pos":[-191.9970550537109,524.6185913085938,74.94090270996094],"rotationMatrix":[1,1.509958025280866e-07,0,-1.509958025280866e-07,1,0,0,0,1],"scale":1,"type":"bollard_hoop_red"}
{"pos":[-181.9985961914063,524.6185913085938,74.94090270996094],"rotationMatrix":[1,1.509958025280866e-07,0,-1.509958025280866e-07,1,0,0,0,1],"scale":1,"type":"bollard_hoop_red"}
{"pos":[-181.9985961914063,514.506591796875,74.94090270996094],"rotationMatrix":[1,1.509958025280866e-07,0,-1.509958025280866e-07,1,0,0,0,1],"scale":1,"type":"bollard_hoop_red"}
{"pos":[-792.2958984375,850.4978637695313,74.94091033935547],"rotationMatrix":[-1.192092895507813e-07,1,0,-1,-1.192092895507813e-07,0,0,0,1],"scale":1,"type":"bollard_hoop_red"}
{"pos":[-802.4650268554688,850.4978637695313,74.94091033935547],"rotationMatrix":[-1.192092895507813e-07,1,0,-1,-1.192092895507813e-07,0,0,0,1],"scale":1,"type":"bollard_hoop_red"}
{"pos":[-802.4650268554688,859.4775390625,74.94091033935547],"rotationMatrix":[-1.192092895507813e-07,1,0,-1,-1.192092895507813e-07,0,0,0,1],"scale":1,"type":"bollard_hoop_red"}
{"pos":[-792.2958984375,859.4775390625,74.94091033935547],"rotationMatrix":[-1.192092895507813e-07,1,0,-1,-1.192092895507813e-07,0,0,0,1],"scale":1,"type":"bollard_hoop_red"}
{"pos":[-493.4447631835938,140.7142791748047,100.3330230712891],"rotationMatrix":[0.9551900029182434,-0.2959933578968048,0,0.2959933578968048,0.9551900029182434,0,0,0,1],"scale":1,"type":"bollard_hoop_red"}
{"pos":[-494.8542175292969,136.1658630371094,100.202262878418],"rotationMatrix":[0.9551900029182434,-0.2959933578968048,0,0.2959933578968048,0.9551900029182434,0,0,0,1],"scale":1,"type":"bollard_hoop_red"}
{"pos":[-496.4044799804688,131.1629180908203,100.3330230712891],"rotationMatrix":[0.9551900029182434,-0.2959933578968048,0,0.2959933578968048,0.9551900029182434,0,0,0,1],"scale":1,"type":"bollard_hoop_red"}
{"pos":[-488.7532958984375,128.7919769287109,100.3330230712891],"rotationMatrix":[0.9551900029182434,-0.2959933578968048,0,0.2959933578968048,0.9551900029182434,0,0,0,1],"scale":1,"type":"bollard_hoop_red"}
{"pos":[-487.395263671875,133.174560546875,100.202262878418],"rotationMatrix":[0.9551900029182434,-0.2959933578968048,0,0.2959933578968048,0.9551900029182434,0,0,0,1],"scale":1,"type":"bollard_hoop_red"}
{"pos":[-485.7935791015625,138.3433380126953,100.3330230712891],"rotationMatrix":[0.9551900029182434,-0.2959933578968048,0,0.2959933578968048,0.9551900029182434,0,0,0,1],"scale":1,"type":"bollard_hoop_red"}
{"pos":[-478.0896911621094,135.9560546875,100.3330230712891],"rotationMatrix":[0.9551900029182434,-0.2959933578968048,0,0.2959933578968048,0.9551900029182434,0,0,0,1],"scale":1,"type":"bollard_hoop_red"}
{"pos":[-479.4991455078125,131.4076385498047,100.202262878418],"rotationMatrix":[0.9551900029182434,-0.2959933578968048,0,0.2959933578968048,0.9551900029182434,0,0,0,1],"scale":1,"type":"bollard_hoop_red"}
{"pos":[-481.0494079589844,126.4046936035156,100.3330230712891],"rotationMatrix":[0.9551900029182434,-0.2959933578968048,0,0.2959933578968048,0.9551900029182434,0,0,0,1],"scale":1,"type":"bollard_hoop_red"}
