{"pos":[-108.0019989013672,-953.4970092773438,136.9770050048828],"rotationMatrix":[0.9353439807891846,-0.3537395000457764,0,0.3537395000457764,0.9353439807891846,0,0,0,1],"scale":1,"type":"boom_trafficlight_small"}
{"pos":[-337.8190002441406,623.7429809570313,79.95580291748047],"rotationMatrix":[-0.7071824073791504,0.7070311307907104,0,-0.7070311307907104,-0.7071824073791504,0,0,0,1],"scale":1,"type":"boom_trafficlight_small"}
{"pos":[-374.6109924316406,611.25,80.08809661865234],"rotationMatrix":[0.7070814371109009,-0.70713210105896,0,0.70713210105896,0.7070814371109009,0,0,0,1],"scale":1,"type":"boom_trafficlight_small"}
{"pos":[-453.7430114746094,689.9639892578125,80.12290191650391],"rotationMatrix":[0.7070814371109009,-0.70713210105896,0,0.70713210105896,0.7070814371109009,0,0,0,1],"scale":1,"type":"boom_trafficlight_small"}
{"pos":[-420.1799926757813,699.9320068359375,79.81710052490234],"rotationMatrix":[-0.7071824073791504,0.7070311307907104,0,-0.7070311307907104,-0.7071824073791504,0,0,0,1],"scale":1,"type":"boom_trafficlight_small"}
{"pos":[-479.7409973144531,506.0960083007813,101.8310012817383],"rotationMatrix":[0.7070814371109009,-0.70713210105896,0,0.70713210105896,0.7070814371109009,0,0,0,1],"scale":1,"type":"boom_trafficlight_small"}
{"pos":[-470.0060119628906,525.9879760742188,101.5599975585938],"rotationMatrix":[-0.7071824073791504,-0.7070311307907104,0,0.7070311307907104,-0.7071824073791504,0,0,0,1],"scale":1,"type":"boom_trafficlight_small"}
{"pos":[-31.78030014038086,394.1289978027344,106.1110000610352],"rotationMatrix":[0.7616739273071289,0.6479605436325073,0,-0.6479605436325073,0.7616739273071289,0,0,0,1],"scale":1,"type":"boom_trafficlight_small"}
{"pos":[-42.48059844970703,405.8840026855469,106.1370010375977],"rotationMatrix":[0.6480395793914795,-0.7616066336631775,0,0.7616066336631775,0.6480395793914795,0,0,0,1],"scale":1,"type":"boom_trafficlight_small"}
{"pos":[-306.0639953613281,330.447998046875,106.3130035400391],"rotationMatrix":[0.5411180257797241,-0.8409466743469238,0,0.8409466743469238,0.5411180257797241,0,0,0,1],"scale":1,"type":"boom_trafficlight_small"}
{"pos":[-403.3320007324219,429.9179992675781,101.245002746582],"rotationMatrix":[0.7070814371109009,-0.70713210105896,0,0.70713210105896,0.7070814371109009,0,0,0,1],"scale":1,"type":"boom_trafficlight_small"}
{"pos":[-385.4549865722656,418.0750122070313,101.2020034790039],"rotationMatrix":[0.7070814371109009,0.70713210105896,0,-0.70713210105896,0.7070814371109009,0,0,0,1],"scale":1,"type":"boom_trafficlight_small"}
{"pos":[-464.7439880371094,497.2019958496094,101.6139984130859],"rotationMatrix":[0.7070814371109009,0.70713210105896,0,-0.70713210105896,0.7070814371109009,0,0,0,1],"scale":1,"type":"boom_trafficlight_small"}
{"pos":[-481.9590148925781,328.0369873046875,102.088996887207],"rotationMatrix":[-0.7071824073791504,0.7070311307907104,0,-0.7070311307907104,-0.7071824073791504,0,0,0,1],"scale":1,"type":"boom_trafficlight_small"}
{"pos":[-435.343994140625,136.1940002441406,104.9390029907227],"rotationMatrix":[0.2862265110015869,0.9581620097160339,0,-0.9581620097160339,0.2862265110015869,0,0,0,1],"scale":1,"type":"boom_trafficlight_small"}
{"pos":[-458.6910095214844,159.1519927978516,105.4390029907227],"rotationMatrix":[-0.3480819463729858,-0.9374641180038452,0,0.9374641180038452,-0.3480819463729858,0,0,0,1],"scale":1,"type":"boom_trafficlight_small"}
{"pos":[-540.8359985351563,573.4669799804688,95.04010009765625],"rotationMatrix":[0.7070814371109009,0.70713210105896,0,-0.70713210105896,0.7070814371109009,0,0,0,1],"scale":1,"type":"boom_trafficlight_small"}
{"pos":[-558.676025390625,585.083984375,95.16819763183594],"rotationMatrix":[0.7070814371109009,-0.70713210105896,0,0.70713210105896,0.7070814371109009,0,0,0,1],"scale":1,"type":"boom_trafficlight_small"}
{"pos":[-775.3380126953125,670.6519775390625,110.822998046875],"rotationMatrix":[1.931190490722656e-05,-1,0,1,1.931190490722656e-05,0,0,0,1],"scale":1,"type":"boom_trafficlight_small"}
{"pos":[-778.968017578125,656.5139770507813,111.254997253418],"rotationMatrix":[1,0,0,0,1,0,0,0,1],"scale":1,"type":"boom_trafficlight_small"}
{"pos":[-775.5089721679688,565.218994140625,128.7669982910156],"rotationMatrix":[1.931190490722656e-05,-1,0,1,1.931190490722656e-05,0,0,0,1],"scale":1,"type":"boom_trafficlight_small"}
{"pos":[-778.1840209960938,548.4710083007813,128.8710021972656],"rotationMatrix":[1,0,0,0,1,0,0,0,1],"scale":1,"type":"boom_trafficlight_small"}
{"pos":[-570.1079711914063,415.9660034179688,114.0210037231445],"rotationMatrix":[-0.7071824073791504,-0.7070311307907104,0,0.7070311307907104,-0.7071824073791504,0,0,0,1],"scale":1,"type":"boom_trafficlight_small"}
{"pos":[-584.8209838867188,406.9460144042969,114.0449981689453],"rotationMatrix":[0.7070814371109009,-0.70713210105896,0,0.70713210105896,0.7070814371109009,0,0,0,1],"scale":1,"type":"boom_trafficlight_small"}
{"pos":[-508.4939880371094,324.7860107421875,102.1129989624023],"rotationMatrix":[0.7070814371109009,-0.70713210105896,0,0.70713210105896,0.7070814371109009,0,0,0,1],"scale":1,"type":"boom_trafficlight_small"}
{"pos":[-742.9180297851563,377.3609924316406,148.2760009765625],"rotationMatrix":[-0.7071824073791504,0.7070311307907104,0,-0.7070311307907104,-0.7071824073791504,0,0,0,1],"scale":1,"type":"boom_trafficlight_small"}
{"pos":[-649.010986328125,494.9159851074219,122.0540008544922],"rotationMatrix":[-0.7071824073791504,-0.7070311307907104,0,0.7070311307907104,-0.7071824073791504,0,0,0,1],"scale":1,"type":"boom_trafficlight_small"}
{"pos":[-663.6929931640625,485.8110046386719,122.1230010986328],"rotationMatrix":[0.7070814371109009,-0.70713210105896,0,0.70713210105896,0.7070814371109009,0,0,0,1],"scale":1,"type":"boom_trafficlight_small"}
{"pos":[-675.7839965820313,310.2690124511719,134.4029998779297],"rotationMatrix":[-0.7071824073791504,-0.7070311307907104,0,0.7070311307907104,-0.7071824073791504,0,0,0,1],"scale":1,"type":"boom_trafficlight_small"}
{"pos":[-690.4879760742188,301.18798828125,134.4989929199219],"rotationMatrix":[0.7070814371109009,-0.70713210105896,0,0.70713210105896,0.7070814371109009,0,0,0,1],"scale":1,"type":"boom_trafficlight_small"}
{"pos":[-614.177978515625,219.0279998779297,117.4759979248047],"rotationMatrix":[0.7070814371109009,-0.70713210105896,0,0.70713210105896,0.7070814371109009,0,0,0,1],"scale":1,"type":"boom_trafficlight_small"}
{"pos":[-587.6019897460938,222.2559967041016,117.4990005493164],"rotationMatrix":[-0.7071824073791504,0.7070311307907104,0,-0.7070311307907104,-0.7071824073791504,0,0,0,1],"scale":1,"type":"boom_trafficlight_small"}
{"pos":[-710.4130249023438,129.0160064697266,123.6070022583008],"rotationMatrix":[-0.7071824073791504,-0.7070311307907104,0,0.7070311307907104,-0.7071824073791504,0,0,0,1],"scale":1,"type":"boom_trafficlight_small"}
{"pos":[-719.4340209960938,113.927001953125,123.5930023193359],"rotationMatrix":[0.7070814371109009,-0.70713210105896,0,0.70713210105896,0.7070814371109009,0,0,0,1],"scale":1,"type":"boom_trafficlight_small"}
{"pos":[-778.2739868164063,365.4440002441406,148.447998046875],"rotationMatrix":[0.7070814371109009,-0.70713210105896,0,0.70713210105896,0.7070814371109009,0,0,0,1],"scale":1,"type":"boom_trafficlight_small"}
{"pos":[1006.989990234375,-793.833984375,172.0039978027344],"rotationMatrix":[-0.9860246181488037,-0.1665996760129929,0,0.1665996760129929,-0.9860246181488037,0,0,0,1],"scale":1,"type":"boom_trafficlight_small"}
{"pos":[990.302978515625,-736.5609741210938,171.5099945068359],"rotationMatrix":[-0.9428147077560425,-0.3333173096179962,0,0.3333173096179962,-0.9428147077560425,0,0,0,1],"scale":1,"type":"boom_trafficlight_small"}
{"pos":[977.2960205078125,-755.2849731445313,172.39599609375],"rotationMatrix":[0.9542165994644165,0.2991164922714233,0,-0.2991164922714233,0.9542165994644165,0,0,0,1],"scale":1,"type":"boom_trafficlight_small"}
{"pos":[989.5170288085938,-808.9630126953125,171.9869995117188],