{"pos":[-915.0009765625,-536.2150268554688,105.5999984741211],"rotationMatrix":[0.6850994825363159,0.7284495234489441,0,-0.7284495234489441,0.6850994825363159,0,0,0,1],"scale":1,"type":"dumpster"}
{"pos":[-1004.809997558594,-489.3489990234375,100.2080001831055],"rotationMatrix":[0.4652152061462402,-0.885197639465332,0,0.885197639465332,0.4652152061462402,0,0,0,1],"scale":1,"type":"dumpster"}
{"pos":[-14.53240013122559,695.968994140625,75.54920196533203],"rotationMatrix":[1,0,0,0,1,0,0,0,1],"scale":1,"type":"dumpster"}
{"pos":[-67.15650177001953,649.4080200195313,75.54920196533203],"rotationMatrix":[1,0,0,0,1,0,0,0,1],"scale":1,"type":"dumpster"}
{"pos":[-183.0709991455078,532.802978515625,75.81620025634766],"rotationMatrix":[1,0,0,0,1,0,0,0,1],"scale":1,"type":"dumpster"}
{"pos":[-394.7640075683594,216.8309936523438,101.5059967041016],"rotationMatrix":[0.4650082588195801,0.8853063583374023,0,-0.8853063583374023,0.4650082588195801,0,0,0,1],"scale":1,"type":"dumpster"}
{"pos":[-482.6199951171875,108.6220016479492,101.245002746582],"rotationMatrix":[0.9564285278320313,-0.2919665575027466,0,0.2919665575027466,0.9564285278320313,0,0,0,1],"scale":1,"type":"dumpster"}
{"pos":[-695.9080200195313,610.0960083007813,112.734001159668],"rotationMatrix":[0.7547199726104736,0.6560470461845398,0,-0.6560470461845398,0.7547199726104736,0,0,0,1],"scale":1,"type":"dumpster"}
{"pos":[-785.802978515625,845.93701171875,75.83999633789063],"rotationMatrix":[0.9991347789764404,-0.04158958420157433,0,0.04158958420157433,0.9991347789764404,0,0,0,1],"scale":1,"type":"dumpster"}
{"pos":[-936.8060302734375,550.2249755859375,133.0410003662109],"rotationMatrix":[1,0,0,0,0.9998784065246582,-0.01559397857636213,0,0.01559397857636213,0.9998784065246582],"scale":1,"type":"dumpster"}
{"pos":[-672,435.8280029296875,126.254997253418],"rotationMatrix":[0.6869854927062988,0.7209628820419312,-0.09090340137481689,-0.7250906825065613,0.6883525848388672,-0.02035241201519966,0.0479002557694912,0.07989501953125,0.9956517219543457],"scale":1,"type":"dumpster"}
{"pos":[-645.9559936523438,74.39119720458984,103.9400024414063],"rotationMatrix":[0.8127279281616211,0.5826433897018433,0,-0.5826433897018433,0.8127279281616211,0,0,0,1],"scale":1,"type":"dumpster"}
{"pos":[-745.593994140625,54.57429885864258,119.0370025634766],"rotationMatrix":[1,0,0,0,1,0,0,0,1],"scale":1,"type":"dumpster"}
{"pos":[67.30860137939453,721.343017578125,75.54920196533203],"rotationMatrix":[0.8645919561386108,0.5024746060371399,0,-0.5024746060371399,0.8645919561386108,0,0,0,1],"scale":1,"type":"dumpster"}
{"pos":[56.27030181884766,721.3820190429688,75.54920196533203],"rotationMatrix":[0.5343875885009766,-0.8452395796775818,0,0.8452395796775818,0.5343875885009766,0,0,0,1],"scale":1,"type":"dumpster"}
{"pos":[43.75859832763672,689.0900268554688,75.54920196533203],"rotationMatrix":[1,0,0,0,1,0,0,0,1],"scale":1,"type":"dumpster"}
{"pos":[53.17850112915039,668.594970703125,75.54920196533203],"rotationMatrix":[0.8117475509643555,0.584008514881134,0,-0.584008514881134,0.8117475509643555,0,0,0,1],"scale":1,"type":"dumpster"}
{"pos":[5.374899864196777,677.1199951171875,75.59919738769531],"rotationMatrix":[1,0,0,0,1,0,0,0,1],"scale":1,"type":"dumpster"}
{"pos":[39.59349822998047,586.6729736328125,75.54920196533203],"rotationMatrix":[0.9302115440368652,0.3670238256454468,0,-0.3670238256454468,0.9302115440368652,0,0,0,1],"scale":1,"type":"dumpster"}
{"pos":[49.87530136108398,566.0689697265625,75.54920196533203],"rotationMatrix":[1,0,0,0,1,0,0,0,1],"scale":1,"type":"dumpster"}
{"pos":[54.48870086669922,568.7039794921875,75.54920196533203],"rotationMatrix":[-0.218360424041748,0.9758681654930115,0,-0.9758681654930115,-0.218360424041748,0,0,0,1],"scale":1,"type":"dumpster"}
{"pos":[-596.6704711914063,78.15615844726563,102.868278503418],"rotationMatrix":[1,0,0,0,1,0,0,0,1],"scale":1,"type":"dumpster"}
{"pos":[651.7884521484375,805.2923583984375,118.1422958374023],"rotationMatrix":[1,0,0,0,1,0,0,0,1],"scale":1,"type":"dumpster"}
{"pos":[575.6553344726563,773.5482177734375,118.2349395751953],"rotationMatrix":[0.730496346950531,0.6829165816307068,0,-0.6829165816307068,0.730496346950531,0,0,0,1],"scale":1,"type":"dumpster"}
{"pos":[778.2537231445313,-864.529052734375,152.0225677490234],"rotationMatrix":[1,0,0,0,1,0,0,0,1],"scale":1,"type":"dumpster"}
{"pos":[969.5007934570313,-963.8124389648438,167.9646606445313],"rotationMatrix":[0.7085267901420593,-0.7056840658187866,0,0.7056840658187866,0.7085267901420593,0,0,0,1],"scale":1,"type":"dumpster"}
