{"pos":[-336.6749877929688,-174.1109924316406,118.2679977416992],"rotationMatrix":[0.7751477956771851,-0.6317799687385559,0,0.6317799687385559,0.7751477956771851,0,0,0,1],"scale":1.218600034713745,"type":"fanpalm_full"}
{"pos":[-385.510009765625,-413.9400024414063,102.806999206543],"rotationMatrix":[0.1736164093017578,0.9848133325576782,0,-0.9848133325576782,0.1736164093017578,0,0,0,1],"scale":1.215299963951111,"type":"fanpalm_full"}
{"pos":[-405.9909973144531,-381.9299926757813,101.4720001220703],"rotationMatrix":[0.9107046127319336,0.4130582511425018,0,-0.4130582511425018,0.9107046127319336,0,0,0,1],"scale":1.003499984741211,"type":"fanpalm_full"}
{"pos":[-402.489990234375,-483.0989990234375,107.6050033569336],"rotationMatrix":[0.7778222560882568,-0.628484308719635,0,0.628484308719635,0.7778222560882568,0,0,0,1],"scale":1.083799958229065,"type":"fanpalm_full"}
{"pos":[-475.9030151367188,-430.0639953613281,104.6829986572266],"rotationMatrix":[0.6533886194229126,0.7570226788520813,0,-0.7570226788520813,0.6533886194229126,0,0,0,1],"scale":1.177199959754944,"type":"fanpalm_full"}
{"pos":[-522.25,-59.12799835205078,98.10320281982422],"rotationMatrix":[-0.160678505897522,0.9870067834854126,0,-0.9870067834854126,-0.160678505897522,0,0,0,1],"scale":1.14300000667572,"type":"fanpalm_full"}
{"pos":[-541.302001953125,-9.165599822998047,99.27349853515625],"rotationMatrix":[0.7267916202545166,0.6868579983711243,0,-0.6868579983711243,0.7267916202545166,0,0,0,1],"scale":0.9782999753952026,"type":"fanpalm_full"}
{"pos":[-557.3410034179688,-189.1360015869141,106.370002746582],"rotationMatrix":[-0.9824386835098267,-0.1865857243537903,0,0.1865857243537903,-0.9824386835098267,0,0,0,1],"scale":1.05840003490448,"type":"fanpalm_full"}
{"pos":[-540.2659912109375,-403.9230041503906,104.6989974975586],"rotationMatrix":[-0.8305498361587524,0.5569443106651306,0,-0.5569443106651306,-0.8305498361587524,0,0,0,1],"scale":1.207399964332581,"type":"fanpalm_full"}
{"pos":[-719.302978515625,-482.2860107421875,102.0999984741211],"rotationMatrix":[0.9999154806137085,0.01300121657550335,0,-0.01300121657550335,0.9999154806137085,0,0,0,1],"scale":1.074000000953674,"type":"fanpalm_full"}
{"pos":[-783.6119995117188,-429.1749877929688,105.3209991455078],"rotationMatrix":[0.7806131839752197,-0.6250144243240356,0,0.6250144243240356,0.7806131839752197,0,0,0,1],"scale":1.113499999046326,"type":"fanpalm_full"}
{"pos":[-705.5380249023438,-547.4719848632813,106.7080001831055],"rotationMatrix":[0.9998874664306641,-0.01500181574374437,0,0.01500181574374437,0.9998874664306641,0,0,0,1],"scale":0.9674000144004822,"type":"fanpalm_full"}
{"pos":[-780.4979858398438,-627.8679809570313,105.3870010375977],"rotationMatrix":[-0.6832455396652222,0.7301886677742004,0,-0.7301886677742004,-0.6832455396652222,0,0,0,1],"scale":0.9857000112533569,"type":"fanpalm_full"}
{"pos":[-809.9019775390625,-664.3259887695313,106.1070022583008],"rotationMatrix":[-0.9463646411895752,0.3231005370616913,0,-0.3231005370616913,-0.9463646411895752,0,0,0,1],"scale":0.9192000031471252,"type":"fanpalm_full"}
{"pos":[-30.69569969177246,523.8820190429688,74.90830230712891],"rotationMatrix":[-0.9196243286132813,-0.39279904961586,0,0.39279904961586,-0.9196243286132813,0,0,0,1],"scale":0.9562000036239624,"type":"fanpalm_full"}
{"pos":[-172.1959991455078,679.0360107421875,74.08329772949219],"rotationMatrix":[-0.9992002248764038,0.03998637944459915,0,-0.03998637944459915,-0.9992002248764038,0,0,0,1],"scale":1.255699992179871,"type":"fanpalm_full"}
{"pos":[-178.5279998779297,616.6190185546875,74.30999755859375],"rotationMatrix":[-0.944786548614502,0.3276863992214203,0,-0.3276863992214203,-0.944786548614502,0,0,0,1],"scale":1.29229998588562,"type":"fanpalm_full"}
{"pos":[-181.3200073242188,581.7940063476563,74.22119903564453],"rotationMatrix":[-0.9661445617675781,-0.2580013275146484,0,0.2580013275146484,-0.9661445617675781,0,0,0,1],"scale":0.9720000028610229,"type":"fanpalm_full"}
{"pos":[-181.8489990234375,546.572021484375,74.53160095214844],"rotationMatrix":[0.8915152549743652,-0.4529906809329987,0,0.4529906809329987,0.8915152549743652,0,0,0,1],"scale":1.180899977684021,"type":"fanpalm_full"}
{"pos":[-482.5679931640625,778.6320190429688,75.0155029296875],"rotationMatrix":[-0.9380866289138794,-0.3464007377624512,0,0.3464007377624512,-0.9380866289138794,0,0,0,1],"scale":1.278699994087219,"type":"fanpalm_full"}
{"pos":[-325.1260070800781,674.2160034179688,74.23410034179688],"rotationMatrix":[-0.9752768278121948,-0.2209866791963577,0,0.2209866791963577,-0.9752768278121948,0,0,0,1],"scale":1.102800011634827,"type":"fanpalm_full"}
{"pos":[-295.8200073242188,584.7230224609375,74.61569976806641],"rotationMatrix":[-0.9329712390899658,0.3599509298801422,0,-0.3599509298801422,-0.9329712390899658,0,0,0,1],"scale":0.9743999838829041,"type":"fanpalm_full"}
{"pos":[-327.7659912109375,616.6840209960938,74.13009643554688],"rotationMatrix":[-0.3821194171905518,0.9241129755973816,0,-0.9241129755973816,-0.3821194171905518,0,0,0,1],"scale":1.050400018692017,"type":"fanpalm_full"}
{"pos":[-411.9670104980469,697.0750122070313,74.37899780273438],"rotationMatrix":[0.3861680030822754,-0.9224284887313843,0,0.9224284887313843,0.3861680030822754,0,0,0,1],"scale":0.9162999987602234,"type":"fanpalm_full"}
{"pos":[-397.6990051269531,654.1790161132813,75.04630279541016],"rotationMatrix":[-0.6817779541015625,-0.731559157371521,0,0.731559157371521,-0.6817779541015625,0,0,0,1],"scale":0.6991000175476074,"type":"fanpalm_full"}
{"pos":[-468.8399963378906,725.6010131835938,75.12879943847656],"rotationMatrix":[0.542266845703125,-0.8402063250541687,0,0.8402063250541687,0.542266845703125,0,0,0,1],"scale":0.9277999997138977,"type":"fanpalm_full"}
{"pos":[-485.8930053710938,741.552001953125,75.10549926757813],"rotationMatrix":[0.01775872707366943,0.9998422861099243,0,-0.9998422861099243,0.01775872707366943,0,0,0,1],"scale":0.7615000009536743,"type":"fanpalm_full"}
{"pos":[-467.2330017089844,652.3720092773438,79.26689910888672],"rotationMatrix":[-0.9067139625549316,-0.4217461347579956,0,0.4217461347579956,-0.9067139625549316,0,0,0,1],"scale":1.000900030136108,"type":"fanpalm_full"}
{"pos":[-464.135986328125,683.8250122070313,75.88339996337891],"rotationMatrix":[0.9433501958847046,0.3317987322807312,0,-0.3317987322807312,0.9433501958847046,0,0,0,1],"scale":1.065600037574768,"type":"fanpalm_full"}
{"pos":[-480.5350036621094,668.8289794921875,78.73220062255859],"rotationMatrix":[-0.341849684715271,0.9397546648979187,0,-0.9397546648979187,-0.341849684715271,0,0,0,1],"scale":1.021399974822998,"type":"fanpalm_full"}
{"pos":[-53.36270141601563,480.1669921875,74.06269836425781],"rotationMatrix":[-0.9836335182189941,0.1801807433366776,0,-0.1801807433366776,-0.9836335182189941,0,0,0,1],"scale":1.10259997844696,"type":"fanpalm_full"}
{"pos":[-105.9499969482422,339.7749938964844,104.9029998779297],"rotationMatrix":[-0.3827844858169556,-0.9238376617431641,0,0.9238376617431641,-0.3827844858169556,0,0,0,1],"scale":0.9106000065803528,"type":"fanpalm_full"}
{"pos":[-91.62760162353516,346.3940124511719,107.5579986572266],"rotationMatrix":[-0.8818000555038452,-0.471623420715332,0,0.471623420715332,-0.8818000555038452,0,0,0,1],"scale":1.03059995174408,"type":"fanpalm_full"}
{"pos":[-195.697998046875,477.6839904785156,74.67639923095703],"rotationMatrix":[-0.8046199083328247,-0.5937901735305786,0,0.5937901735305786,-0.8046199083328247,0,0,0,1],"scale":1.083199977874756,"type":"fanpalm_full"}
{"pos":[-94.30619812011719,101.7610015869141,125.6230010986328],"rotationMatrix":[-0.7656962871551514,-0.6432023048400879,0,0.6432023048400879,-0.7656962871551514,0,0,0,1],"scale":1.077100038528442,"type":"fanpalm_full"}
{"pos":[-213.0140075683594,227.8820037841797,107.661003112793],"rotationMatrix":[0.9899463653564453,0.1414432525634766,0,-0.1414432525634766,0.9899463653564453,0,0,0,1],"scale":1.292400002479553,"type":"fanpalm_full"}
{"pos":[-289.218994140625,483.8330078125,79.27500152587891],