{"pos":[-408.9719848632813,-151.9329986572266,101.6330032348633],"rotationMatrix":[0.975313663482666,-0.2208240479230881,0,0.2208240479230881,0.975313663482666,0,0,0,1],"scale":1.159800052642822,"type":"fanpalm_skirt"}
{"pos":[-471.2940063476563,-200.2779998779297,97.62590026855469],"rotationMatrix":[0.9536702632904053,0.300853818655014,0,-0.300853818655014,0.9536702632904053,0,0,0,1],"scale":1.200199961662292,"type":"fanpalm_skirt"}
{"pos":[-332.4840087890625,-492.1709899902344,106.0400009155273],"rotationMatrix":[-0.9701125621795654,-0.2426553517580032,0,0.2426553517580032,-0.9701125621795654,0,0,0,1],"scale":1.011299967765808,"type":"fanpalm_skirt"}
{"pos":[-477.4299926757813,-287.1319885253906,98.17800140380859],"rotationMatrix":[0.9639270305633545,-0.266166627407074,0,0.266166627407074,0.9639270305633545,0,0,0,1],"scale":1.158400058746338,"type":"fanpalm_skirt"}
{"pos":[-249.1499938964844,-699.9210205078125,127.2300033569336],"rotationMatrix":[-0.9471538066864014,-0.3207797706127167,0,0.3207797706127167,-0.9471538066864014,0,0,0,1],"scale":1.136500000953674,"type":"fanpalm_skirt"}
{"pos":[-244.1649932861328,-807.8629760742188,138.64599609375],"rotationMatrix":[0.8271279335021973,0.5620136857032776,0,-0.5620136857032776,0.8271279335021973,0,0,0,1],"scale":0.9003999829292297,"type":"fanpalm_skirt"}
{"pos":[-340.9289855957031,-641.0230102539063,126.0780029296875],"rotationMatrix":[-0.6562000513076782,0.7545869946479797,0,-0.7545869946479797,-0.6562000513076782,0,0,0,1],"scale":0.8551999926567078,"type":"fanpalm_skirt"}
{"pos":[-378.9110107421875,-561.02197265625,124.0859985351563],"rotationMatrix":[0.926271915435791,0.3768558502197266,0,-0.3768558502197266,0.926271915435791,0,0,0,1],"scale":0.7432000041007996,"type":"fanpalm_skirt"}
{"pos":[-600.4320068359375,-34.7328987121582,98.88960266113281],"rotationMatrix":[-0.341849684715271,-0.9397546648979187,0,0.9397546648979187,-0.341849684715271,0,0,0,1],"scale":0.9207999706268311,"type":"fanpalm_skirt"}
{"pos":[-570.9840087890625,-206.9709930419922,105.3550033569336],"rotationMatrix":[-0.9353313446044922,0.353772908449173,0,-0.353772908449173,-0.9353313446044922,0,0,0,1],"scale":1.159500002861023,"type":"fanpalm_skirt"}
{"pos":[-717.8090209960938,-46.89239883422852,101.9089965820313],"rotationMatrix":[-0.1457952260971069,0.9893147945404053,0,-0.9893147945404053,-0.1457952260971069,0,0,0,1],"scale":1.093899965286255,"type":"fanpalm_skirt"}
{"pos":[-559.6300048828125,-349.1369934082031,104.0530014038086],"rotationMatrix":[0.693925142288208,0.7200471758842468,0,-0.7200471758842468,0.693925142288208,0,0,0,1],"scale":1.062600016593933,"type":"fanpalm_skirt"}
{"pos":[-536.0869750976563,-477.4630126953125,118.1699981689453],"rotationMatrix":[0.8092851638793945,0.5874159932136536,0,-0.5874159932136536,0.8092851638793945,0,0,0,1],"scale":1.081599950790405,"type":"fanpalm_skirt"}
{"pos":[-654.073974609375,-371.5740051269531,108.9130020141602],"rotationMatrix":[-0.1567205190658569,-0.9876430034637451,0,0.9876430034637451,-0.1567205190658569,0,0,0,1],"scale":0.9092000126838684,"type":"fanpalm_skirt"}
{"pos":[-764.0130004882813,-467.7739868164063,103.3249969482422],"rotationMatrix":[-0.6554720401763916,-0.7552194595336914,0,0.7552194595336914,-0.6554720401763916,0,0,0,1],"scale":0.9215999841690063,"type":"fanpalm_skirt"}
{"pos":[-853.7130126953125,-645.2750244140625,106.2990036010742],"rotationMatrix":[0.1190047264099121,0.9928936958312988,0,-0.9928936958312988,0.1190047264099121,0,0,0,1],"scale":1.018200039863586,"type":"fanpalm_skirt"}
{"pos":[-947.469970703125,-595.7050170898438,105.6279983520508],"rotationMatrix":[0.05166006088256836,-0.9986647367477417,0,0.9986647367477417,0.05166006088256836,0,0,0,1],"scale":0.7613999843597412,"type":"fanpalm_skirt"}
{"pos":[-884.1409912109375,-687.8140258789063,103.8809967041016],"rotationMatrix":[-0.7551884651184082,-0.6555077433586121,0,0.6555077433586121,-0.7551884651184082,0,0,0,1],"scale":0.9595000147819519,"type":"fanpalm_skirt"}
{"pos":[-78.89320373535156,701.1719970703125,74.52890014648438],"rotationMatrix":[-0.06346523761749268,0.9979840517044067,0,-0.9979840517044067,-0.06346523761749268,0,0,0,1],"scale":1.236400008201599,"type":"fanpalm_skirt"}
{"pos":[-232.9989929199219,679.176025390625,74.04029846191406],"rotationMatrix":[-0.8620641231536865,-0.5067992210388184,0,0.5067992210388184,-0.8620641231536865,0,0,0,1],"scale":1.27209997177124,"type":"fanpalm_skirt"}
{"pos":[-186.8209991455078,679.5999755859375,74.59999847412109],"rotationMatrix":[-0.8187059164047241,0.5742130279541016,0,-0.5742130279541016,-0.8187059164047241,0,0,0,1],"scale":1.051200032234192,"type":"fanpalm_skirt"}
{"pos":[-178.8040008544922,605.1209716796875,74.56700134277344],"rotationMatrix":[-0.1178115606307983,-0.9930359721183777,0,0.9930359721183777,-0.1178115606307983,0,0,0,1],"scale":1.02020001411438,"type":"fanpalm_skirt"}
{"pos":[-227.0610046386719,620.552001953125,74.56150054931641],"rotationMatrix":[-0.4992194175720215,0.8664755821228027,0,-0.8664755821228027,-0.4992194175720215,0,0,0,1],"scale":1.090000033378601,"type":"fanpalm_skirt"}
{"pos":[-278.9779968261719,684.0170288085938,74.34549713134766],"rotationMatrix":[0.4070395231246948,-0.9134105443954468,0,0.9134105443954468,0.4070395231246948,0,0,0,1],"scale":1.059299945831299,"type":"fanpalm_skirt"}
{"pos":[-252.7339935302734,563.3619995117188,74.20200347900391],"rotationMatrix":[-0.4028123617172241,-0.9152826070785522,0,0.9152826070785522,-0.4028123617172241,0,0,0,1],"scale":1.090100049972534,"type":"fanpalm_skirt"}
{"pos":[-446.2990112304688,742.3259887695313,74.51860046386719],"rotationMatrix":[-0.07047712802886963,-0.9975134134292603,0,0.9975134134292603,-0.07047712802886963,0,0,0,1],"scale":1.293400049209595,"type":"fanpalm_skirt"}
{"pos":[-479.1820068359375,721.43701171875,74.45420074462891],"rotationMatrix":[-0.9884167909622192,-0.1517637819051743,0,0.1517637819051743,-0.9884167909622192,0,0,0,1],"scale":0.6766999959945679,"type":"fanpalm_skirt"}
{"pos":[-176.3910064697266,438.4159851074219,77.66280364990234],"rotationMatrix":[0.7310621738433838,0.6823108792304993,0,-0.6823108792304993,0.7310621738433838,0,0,0,1],"scale":1.168099999427795,"type":"fanpalm_skirt"}
{"pos":[-196.8480072021484,465.2820129394531,75.05860137939453],"rotationMatrix":[0.1976088285446167,0.9802809357643127,0,-0.9802809357643127,0.1976088285446167,0,0,0,1],"scale":1.123000025749207,"type":"fanpalm_skirt"}
{"pos":[-189.2400054931641,427.0280151367188,78.41390228271484],"rotationMatrix":[-0.9748795032501221,-0.2227329164743423,0,0.2227329164743423,-0.9748795032501221,0,0,0,1],"scale":1.037999987602234,"type":"fanpalm_skirt"}
{"pos":[-148.4470062255859,299.9419860839844,92.72129821777344],"rotationMatrix":[0.6672351360321045,0.7448471188545227,0,-0.7448471188545227,0.6672351360321045,0,0,0,1],"scale":1.214499950408936,"type":"fanpalm_skirt"}
{"pos":[-6.81820011138916,187.7469940185547,125.9059982299805],"rotationMatrix":[-0.9713037014007568,0.2378426343202591,0,-0.2378426343202591,-0.9713037014007568,0,0,0,1],"scale":1.290500044822693,"type":"fanpalm_skirt"}
{"pos":[-13.37520027160645,191.5440063476563,125.713996887207],"rotationMatrix":[0.9362040758132935,0.351456880569458,0,-0.351456880569458,0.9362040758132935,0,0,0,1],"scale":1.005100011825562,"type":"fanpalm_skirt"}
{"pos":[-363.2959899902344,391.2030029296875,97.78780364990234],"rotationMatrix":[0.4309892654418945,0.9018036723136902,-0.03159691020846367,-0.9019240140914917,0.431602954864502,0.01587413251399994,0.02795267105102539,0.02165642939507961,0.9993746280670166],"scale":0.9503999948501587,"type":"fanpalm_skirt"}
{"pos":[-383.1719970703125,44.39519882202148,105.6589965820313],"rotationMatrix":[0.6119195222854614,-0.7909200191497803,0,0.7909200191497803,0.6119195222854614,0,0,0,1],"scale":1.177800059318542,"type":"fanpalm_skirt"}
{"pos":[-563.6589965820313,745.4140014648438,76.45220184326172],