{"pos":[-237.6499938964844,-366.8779907226563,122.7850036621094],"rotationMatrix":[-0.5197217464447021,-0.854335606098175,0,0.854335606098175,-0.5197217464447021,0,0,0,1],"scale":1,"type":"featherflag_gavril"}
{"pos":[-187.9459991455078,-393.8989868164063,123.375],"rotationMatrix":[-0.5197217464447021,-0.854335606098175,0,0.854335606098175,-0.5197217464447021,0,0,0,1],"scale":1,"type":"featherflag_gavril"}
{"pos":[-203.4739990234375,-385.4500122070313,123.1660003662109],"rotationMatrix":[-0.5197217464447021,-0.854335606098175,0,0.854335606098175,-0.5197217464447021,0,0,0,1],"scale":1,"type":"featherflag_gavril"}
{"pos":[-217.9360046386719,-377.6099853515625,122.7919998168945],"rotationMatrix":[-0.5197217464447021,-0.854335606098175,0,0.854335606098175,-0.5197217464447021,0,0,0,1],"scale":1,"type":"featherflag_gavril"}
{"pos":[-254.6390075683594,-354.8210144042969,122.6119995117188],"rotationMatrix":[-0.6810445785522461,-0.7322419285774231,0,0.7322419285774231,-0.6810445785522461,0,0,0,1],"scale":1,"type":"featherflag_gavril"}
{"pos":[-422.135009765625,165.7380065917969,100.0289993286133],"rotationMatrix":[-0.9176652431488037,0.3973543643951416,0,-0.3973543643951416,-0.9176652431488037,0,0,0,1],"scale":1,"type":"featherflag_gavril"}
{"pos":[-417.0379943847656,178.697998046875,100.1569976806641],"rotationMatrix":[-0.8934580087661743,0.4491467177867889,0,-0.4491467177867889,-0.8934580087661743,0,0,0,1],"scale":1,"type":"featherflag_gavril"}
{"pos":[-687.8670043945313,807.176025390625,75.36389923095703],"rotationMatrix":[0.7155911922454834,0.6985193490982056,0,-0.6985193490982056,0.7155911922454834,0,0,0,1],"scale":1,"type":"featherflag_gavril"}
{"pos":[-706.2960205078125,825.7219848632813,75.36389923095703],"rotationMatrix":[0.7155911922454834,0.6985193490982056,0,-0.6985193490982056,0.7155911922454834,0,0,0,1],"scale":1,"type":"featherflag_gavril"}
{"pos":[-719.7150268554688,839.094970703125,75.36389923095703],"rotationMatrix":[0.7155911922454834,0.6985193490982056,0,-0.6985193490982056,0.7155911922454834,0,0,0,1],"scale":1,"type":"featherflag_gavril"}
{"pos":[-713.14697265625,832.6680297851563,75.36389923095703],"rotationMatrix":[0.7155911922454834,0.6985193490982056,0,-0.6985193490982056,0.7155911922454834,0,0,0,1],"scale":1,"type":"featherflag_gavril"}
{"pos":[-701.2869873046875,820.7139892578125,75.36389923095703],"rotationMatrix":[0.7155911922454834,0.6985193490982056,0,-0.6985193490982056,0.7155911922454834,0,0,0,1],"scale":1,"type":"featherflag_gavril"}
{"pos":[-726.0289916992188,845.4550170898438,75.36389923095703],"rotationMatrix":[0.7155911922454834,0.6985193490982056,0,-0.6985193490982056,0.7155911922454834,0,0,0,1],"scale":1,"type":"featherflag_gavril"}
{"pos":[781.31298828125,-76.86000061035156,147.4340057373047],"rotationMatrix":[0.6895279884338379,-0.7242590188980103,0,0.7242590188980103,0.6895279884338379,0,0,0,1],"scale":1,"type":"featherflag_gavril"}
{"pos":[761.4190063476563,-95.86920166015625,147.5540008544922],"rotationMatrix":[0.724272608757019,-0.6895137429237366,0,0.6895137429237366,0.724272608757019,0,0,0,1],"scale":1,"type":"featherflag_gavril"}
{"pos":[799.6649780273438,-93.83940124511719,148.0410003662109],"rotationMatrix":[-0.7503205537796021,0.661074161529541,0,-0.661074161529541,-0.7503205537796021,0,0,0,1],"scale":1,"type":"featherflag_gavril"}
{"pos":[780.5159912109375,-113.5989990234375,148.0039978027344],"rotationMatrix":[-0.7168046236038208,0.6972740888595581,0,-0.6972740888595581,-0.7168046236038208,0,0,0,1],"scale":1,"type":"featherflag_gavril"}
{"pos":[761.2429809570313,-133.1450042724609,147.9140014648438],"rotationMatrix":[-0.6968505382537842,0.7172163724899292,0,-0.7172163724899292,-0.6968505382537842,0,0,0,1],"scale":1,"type":"featherflag_gavril"}
{"pos":[732.9010009765625,-161.0299987792969,147.8200073242188],"rotationMatrix":[-0.7271970510482788,0.6864287853240967,0,-0.6864287853240967,-0.7271970510482788,0,0,0,1],"scale":1,"type":"featherflag_gavril"}
{"pos":[250.3520050048828,-212.3150024414063,139.4730072021484],"rotationMatrix":[-0.2710556983947754,-0.962563693523407,0,0.962563693523407,-0.2710556983947754,0,0,0,1],"scale":1,"type":"featherflag_gavril"}
{"pos":[154.5180053710938,-185.8739929199219,129.9019927978516],"rotationMatrix":[-0.3395571708679199,-0.9405854344367981,0,0.9405854344367981,-0.3395571708679199,0,0,0,1],"scale":1,"type":"featherflag_gavril"}
{"pos":[198.7599945068359,-198.1900024414063,135.0099945068359],"rotationMatrix":[-0.2957279682159424,-0.9552721977233887,0,0.9552721977233887,-0.2957279682159424,0,0,0,1],"scale":1,"type":"featherflag_gavril"}
{"pos":[112.7809982299805,-174.2660064697266,126.359001159668],"rotationMatrix":[-0.3774681091308594,-0.9260225892066956,0,0.9260225892066956,-0.3774681091308594,0,0,0,1],"scale":1,"type":"featherflag_gavril"}
{"pos":[625.155029296875,549.9249877929688,121.2269973754883],"rotationMatrix":[-0.7709619998931885,0.6368811726570129,0,-0.6368811726570129,-0.7709619998931885,0,0,0,1],"scale":1,"type":"featherflag_gavril"}
{"pos":[610.3880004882813,534.0170288085938,122.4820022583008],"rotationMatrix":[-0.7709619998931885,0.6368811726570129,0,-0.6368811726570129,-0.7709619998931885,0,0,0,1],"scale":1,"type":"featherflag_gavril"}
{"pos":[594.176025390625,516.3579711914063,123.9209976196289],"rotationMatrix":[-0.7709619998931885,0.6368811726570129,0,-0.6368811726570129,-0.7709619998931885,0,0,0,1],"scale":1,"type":"featherflag_gavril"}
{"pos":[601.5230102539063,569.2329711914063,121.7320022583008],"rotationMatrix":[0.7711062431335449,-0.6367064714431763,0,0.6367064714431763,0.7711062431335449,0,0,0,1],"scale":1,"type":"featherflag_gavril"}
{"pos":[585.3109741210938,551.573974609375,122.9970016479492],"rotationMatrix":[0.7711062431335449,-0.6367064714431763,0,0.6367064714431763,0.7711062431335449,0,0,0,1],"scale":1,"type":"featherflag_gavril"}
{"pos":[570.5440063476563,535.666015625,124.0149993896484],"rotationMatrix":[0.7711062431335449,-0.6367064714431763,0,0.6367064714431763,0.7711062431335449,0,0,0,1],"scale":1,"type":"featherflag_gavril"}
{"pos":[783.302001953125,281.2260131835938,161.7369995117188],"rotationMatrix":[0.8403875827789307,0.5419858694076538,0,-0.5419858694076538,0.8403875827789307,0,0,0,1],"scale":1,"type":"featherflag_gavril"}
{"pos":[773.343017578125,303.7430114746094,161.3739929199219],"rotationMatrix":[0.9493744373321533,0.3141467571258545,0,-0.3141467571258545,0.9493744373321533,0,0,0,1],"scale":1,"type":"featherflag_gavril"}
{"pos":[771.6309814453125,322.8989868164063,160.6029968261719],"rotationMatrix":[0.9878631830215454,-0.1553265303373337,0,0.1553265303373337,0.9878631830215454,0,0,0,1],"scale":1,"type":"featherflag_gavril"}
{"pos":[776.89599609375,337.8689880371094,159.4960021972656],"rotationMatrix":[0.9032000303268433,-0.4292198717594147,0,0.4292198717594147,0.9032000303268433,0,0,0,1],"scale":1,"type":"featherflag_gavril"}
{"pos":[116.2570037841797,111.8290023803711,120.3889999389648],"rotationMatrix":[0.6147335767745972,-0.7887348532676697,0,0.7887348532676697,0.6147335767745972,0,0,0,1],"scale":1,"type":"featherflag_gavril"}
{"pos":[99.76470184326172,99.90370178222656,120.3889999389648],"rotationMatrix":[0.6147335767745972,-0.7887348532676697,0,0.7887348532676697,0.6147335767745972,0,0,0,1],"scale":1,"type":"featherflag_gavril"}
