{"pos":[-488.1990051269531,-464.6740112304688,111.6910018920898],"rotationMatrix":[0.293852686882019,-0.9558507204055786,0,0.9558507204055786,0.293852686882019,0,0,0,1],"scale":2.813299894332886,"type":"grassclump_large"}
{"pos":[-38.37699890136719,-726.1669921875,132.8820037841797],"rotationMatrix":[0.2850313186645508,0.9585182070732117,0,-0.9585182070732117,0.2850313186645508,0,0,0,1],"scale":2.473400115966797,"type":"grassclump_large"}
{"pos":[-36.04209899902344,-726.572021484375,133.2310028076172],"rotationMatrix":[-0.3372666835784912,-0.941409170627594,0,0.941409170627594,-0.3372666835784912,0,0,0,1],"scale":2.450200080871582,"type":"grassclump_large"}
{"pos":[-100.822998046875,-649.4299926757813,132.4170074462891],"rotationMatrix":[-0.9908105134963989,-0.1352572590112686,0,0.1352572590112686,-0.9908105134963989,0,0,0,1],"scale":2.982800006866455,"type":"grassclump_large"}
{"pos":[-101.3089981079102,-647.2319946289063,132.22900390625],"rotationMatrix":[0.7038578987121582,-0.7103407979011536,0,0.7103407979011536,0.7038578987121582,0,0,0,1],"scale":2.371599912643433,"type":"grassclump_large"}
{"pos":[-16.28870010375977,452.9490051269531,101.6760025024414],"rotationMatrix":[0.06729507446289063,-0.9977331161499023,0,0.9977331161499023,0.06729507446289063,0,0,0,1],"scale":2.121500015258789,"type":"grassclump_large"}
{"pos":[-23.6382007598877,450.4349975585938,101.6890029907227],"rotationMatrix":[0.3870539665222168,0.9220570921897888,0,-0.9220570921897888,0.3870539665222168,0,0,0,1],"scale":2.424099922180176,"type":"grassclump_large"}
{"pos":[-9.611100196838379,458.1180114746094,101.6650009155273],"rotationMatrix":[-0.7503205537796021,0.661074161529541,0,-0.661074161529541,-0.7503205537796021,0,0,0,1],"scale":2.090100049972534,"type":"grassclump_large"}
{"pos":[-6.69920015335083,460.4750061035156,101.6709976196289],"rotationMatrix":[0.944021463394165,-0.3298840224742889,0,0.3298840224742889,0.944021463394165,0,0,0,1],"scale":2.025399923324585,"type":"grassclump_large"}
{"pos":[-23.18230056762695,453.7070007324219,101.6890029907227],"rotationMatrix":[0.6258875131607056,0.7799133658409119,0,-0.7799133658409119,0.6258875131607056,0,0,0,1],"scale":2.121500015258789,"type":"grassclump_large"}
{"pos":[-328.7950134277344,466.3200073242188,87.54859924316406],"rotationMatrix":[0.5859500169754028,-0.8103471994400024,0,0.8103471994400024,0.5859500169754028,0,0,0,1],"scale":2.966599941253662,"type":"grassclump_large"}
{"pos":[-321.8550109863281,471.1329956054688,87.54859924316406],"rotationMatrix":[-0.1178115606307983,0.9930359721183777,0,-0.9930359721183777,-0.1178115606307983,0,0,0,1],"scale":2.570199966430664,"type":"grassclump_large"}
{"pos":[-908.18798828125,451.2359924316406,153.9120025634766],"rotationMatrix":[-0.07956826686859131,0.9968293905258179,0,-0.9968293905258179,-0.07956826686859131,0,0,0,1],"scale":2.042700052261353,"type":"grassclump_large"}
{"pos":[899.2260131835938,-236.4230041503906,151.2059936523438],"rotationMatrix":[0.9740991592407227,0.226121261715889,0,-0.226121261715889,0.9740991592407227,0,0,0,1],"scale":2.209100008010864,"type":"grassclump_large"}
{"pos":[920.916015625,-222.0529937744141,149.3979949951172],"rotationMatrix":[0.711047887802124,0.7031435966491699,0,-0.7031435966491699,0.711047887802124,0,0,0,1],"scale":2.185800075531006,"type":"grassclump_large"}
{"pos":[920.8159790039063,-240.9250030517578,148.2610015869141],"rotationMatrix":[0.992011547088623,-0.1261470913887024,0,0.1261470913887024,0.992011547088623,0,0,0,1],"scale":2.075500011444092,"type":"grassclump_large"}
{"pos":[908.2219848632813,-250.2530059814453,150.0350036621094],"rotationMatrix":[0.9763250350952148,-0.2163086384534836,0,0.2163086384534836,0.9763250350952148,0,0,0,1],"scale":2.994600057601929,"type":"grassclump_large"}
{"pos":[846.9010009765625,-663.1589965820313,172.4120025634766],"rotationMatrix":[-0.5802863836288452,0.8144124746322632,0,-0.8144124746322632,-0.5802863836288452,0,0,0,1],"scale":2.158400058746338,"type":"grassclump_large"}
{"pos":[852.4329833984375,-661.7839965820313,172.7519989013672],"rotationMatrix":[-0.8336124420166016,0.5523498058319092,0,-0.5523498058319092,-0.8336124420166016,0,0,0,1],"scale":2.516700029373169,"type":"grassclump_large"}
{"pos":[854.7219848632813,-664.4959716796875,172.3110046386719],"rotationMatrix":[-0.957429051399231,0.288668692111969,0,-0.288668692111969,-0.957429051399231,0,0,0,1],"scale":2.503700017929077,"type":"grassclump_large"}
{"pos":[852.2760009765625,-671.77001953125,171.2160034179688],"rotationMatrix":[-0.2136819362640381,0.9769032597541809,0,-0.9769032597541809,-0.2136819362640381,0,0,0,1],"scale":2.208899974822998,"type":"grassclump_large"}
{"pos":[849.8629760742188,-673.7999877929688,170.7920074462891],"rotationMatrix":[0.1904990673065186,0.9816873669624329,0,-0.9816873669624329,0.1904990673065186,0,0,0,1],"scale":2.071399927139282,"type":"grassclump_large"}
{"pos":[845.35400390625,-667.93798828125,171.2510070800781],"rotationMatrix":[-0.1073695421218872,0.994219183921814,0,-0.994219183921814,-0.1073695421218872,0,0,0,1],"scale":2.349400043487549,"type":"grassclump_large"}
{"pos":[840.7990112304688,-658.1069946289063,172.0169982910156],"rotationMatrix":[-0.9219762086868286,-0.3872465193271637,0,0.3872465193271637,-0.9219762086868286,0,0,0,1],"scale":2.721199989318848,"type":"grassclump_large"}
{"pos":[490.8030090332031,-379.6289978027344,150.781005859375],"rotationMatrix":[0.7713768482208252,0.6363786458969116,0,-0.6363786458969116,0.7713768482208252,0,0,0,1],"scale":2.117399930953979,"type":"grassclump_large"}
{"pos":[1005.380004882813,274.9559936523438,155.89599609375],"rotationMatrix":[-0.7668240070343018,0.6418574452400208,0,-0.6418574452400208,-0.7668240070343018,0,0,0,1],"scale":2.191999912261963,"type":"grassclump_large"}
{"pos":[951.291015625,463.4410095214844,146.0850067138672],"rotationMatrix":[0.6066155433654785,-0.7949953079223633,0,0.7949953079223633,0.6066155433654785,0,0,0,1],"scale":2.802700042724609,"type":"grassclump_large"}
{"pos":[959.6329956054688,443.7820129394531,147.9739990234375],"rotationMatrix":[0.633803129196167,0.7734944224357605,0,-0.7734944224357605,0.633803129196167,0,0,0,1],"scale":2.069499969482422,"type":"grassclump_large"}
{"pos":[963.89599609375,443.7590026855469,150.4490051269531],"rotationMatrix":[-0.936118483543396,0.3516847789287567,0,-0.3516847789287567,-0.936118483543396,0,0,0,1],"scale":2.627000093460083,"type":"grassclump_large"}
{"pos":[974.5900268554688,172.1970062255859,153.2310028076172],"rotationMatrix":[-0.4446600675582886,0.8956993818283081,0,-0.8956993818283081,-0.4446600675582886,0,0,0,1],"scale":2.456799983978271,"type":"grassclump_large"}
{"pos":[969.3070068359375,174.5749969482422,153.656005859375],"rotationMatrix":[0.9998270273208618,-0.01859880238771439,0,0.01859880238771439,0.9998270273208618,0,0,0,1],"scale":2.109600067138672,"type":"grassclump_large"}
