{"pos":[-223.7649993896484,-729.291015625,133.281005859375],"rotationMatrix":[0.6175374984741211,-0.7865414619445801,0,0.7865414619445801,0.6175374984741211,0,0,0,1],"scale":1,"type":"house4"}
{"pos":[-206.1060028076172,-785.1829833984375,138.6320037841797],"rotationMatrix":[-0.6117305755615234,-0.7910661697387695,0,0.7910661697387695,-0.6117305755615234,0,0,0,1],"scale":1,"type":"house4"}
{"pos":[-265.9490051269531,-692.3070068359375,130.2180023193359],"rotationMatrix":[0.9867480993270874,-0.1622596383094788,0,0.1622596383094788,0.9867480993270874,0,0,0,1],"scale":1,"type":"house4"}
{"pos":[-316.0069885253906,-673.0689697265625,128.5339965820313],"rotationMatrix":[0.6213760375976563,-0.7835124731063843,0,0.7835124731063843,0.6213760375976563,0,0,0,1],"scale":1,"type":"house4"}
{"pos":[-350.7200012207031,-630.85302734375,129.6750030517578],"rotationMatrix":[0.7315020561218262,-0.6818392276763916,0,0.6818392276763916,0.7315020561218262,0,0,0,1],"scale":1,"type":"house4"}
{"pos":[-420.9079895019531,-551.7899780273438,128.6670074462891],"rotationMatrix":[0.4249792098999023,-0.905203104019165,0,0.905203104019165,0.4249792098999023,0,0,0,1],"scale":1,"type":"house4"}
{"pos":[-386.7439880371094,-596.8380126953125,131.1479949951172],"rotationMatrix":[0.714080810546875,-0.7000632882118225,0,0.7000632882118225,0.714080810546875,0,0,0,1],"scale":1,"type":"house4"}
{"pos":[-468.635986328125,-525.0830078125,126.9130020141602],"rotationMatrix":[0.9996974468231201,0.02459704875946045,0,-0.02459704875946045,0.9996974468231201,0,0,0,1],"scale":1,"type":"house4"}
{"pos":[-261.5790100097656,-803.6110229492188,141.3350067138672],"rotationMatrix":[-0.8328466415405273,0.5535038113594055,0,-0.5535038113594055,-0.8328466415405273,0,0,0,1],"scale":1,"type":"house4"}
{"pos":[-553.427001953125,-467.0140075683594,119.7610015869141],"rotationMatrix":[0.9733656644821167,-0.229258120059967,0,0.229258120059967,0.9733656644821167,0,0,0,1],"scale":1,"type":"house4"}
{"pos":[-627.5050048828125,-464.3299865722656,115.5100021362305],"rotationMatrix":[0.9999966621398926,-0.002583739347755909,0,0.002583739347755909,0.9999966621398926,0,0,0,1],"scale":1,"type":"house4"}
{"pos":[-682.8579711914063,-464.2999877929688,108.911003112793],"rotationMatrix":[0.988478422164917,0.1513618528842926,0,-0.1513618528842926,0.988478422164917,0,0,0,1],"scale":1,"type":"house4"}
{"pos":[-734.1409912109375,-485.0130004882813,104.3160018920898],"rotationMatrix":[0.7406560182571411,0.6718844175338745,0,-0.6718844175338745,0.7406560182571411,0,0,0,1],"scale":1,"type":"house4"}
{"pos":[-514.2689819335938,-511.5759887695313,124.3939971923828],"rotationMatrix":[0.7288575172424316,-0.6846653819084167,0,0.6846653819084167,0.7288575172424316,0,0,0,1],"scale":1,"type":"house4"}
{"pos":[-1052.890014648438,864.10400390625,78.87220001220703],"rotationMatrix":[1,0,0,0,1,0,0,0,1],"scale":1,"type":"house4"}
