{"pos":[-207.4230041503906,-749.64697265625,133.6929931640625],"rotationMatrix":[0.5353519916534424,-0.8446290493011475,0,0.8446290493011475,0.5353519916534424,0,0,0,1],"scale":1,"type":"house3"}
{"pos":[-240.6670074462891,-709.2940063476563,132.5350036621094],"rotationMatrix":[0.6998424530029297,-0.7142972350120544,0,0.7142972350120544,0.6998424530029297,0,0,0,1],"scale":1,"type":"house3"}
{"pos":[-226.7720031738281,-807.7949829101563,140.3450012207031],"rotationMatrix":[-0.8601347208023071,-0.5100669264793396,0,0.5100669264793396,-0.8601347208023071,0,0,0,1],"scale":1,"type":"house3"}
{"pos":[-368.239013671875,-613.5590209960938,130.5919952392578],"rotationMatrix":[0.7652504444122314,-0.6437326669692993,0,0.6437326669692993,0.7652504444122314,0,0,0,1],"scale":1,"type":"house3"}
{"pos":[-295.5320129394531,-689.427978515625,129.3130035400391],"rotationMatrix":[0.9624619483947754,-0.2714166641235352,0,0.2714166641235352,0.9624619483947754,0,0,0,1],"scale":1,"type":"house3"}
{"pos":[-329.8039855957031,-650.2020263671875,128.4129943847656],"rotationMatrix":[0.6931421756744385,-0.7208008766174316,0,0.7208008766174316,0.6931421756744385,0,0,0,1],"scale":1,"type":"house3"}
{"pos":[-406.3240051269531,-575.0189819335938,130.4799957275391],"rotationMatrix":[0.5841280221939087,-0.8116615414619446,0,0.8116615414619446,0.5841280221939087,0,0,0,1],"scale":1,"type":"house3"}
{"pos":[-441.385986328125,-527.4180297851563,126.8659973144531],"rotationMatrix":[0.9589874744415283,-0.2834484577178955,0,0.2834484577178955,0.9589874744415283,0,0,0,1],"scale":1,"type":"house3"}
{"pos":[-493.989013671875,-522.6790161132813,125.359001159668],"rotationMatrix":[0.9796383380889893,-0.2007703334093094,0,0.2007703334093094,0.9796383380889893,0,0,0,1],"scale":1,"type":"house3"}
{"pos":[-284.156005859375,-788.8510131835938,140.9179992675781],"rotationMatrix":[-0.8049999475479126,0.5932748913764954,0,-0.5932748913764954,-0.8049999475479126,0,0,0,1],"scale":1,"type":"house3"}
{"pos":[-529.0819702148438,-491.4519958496094,122.7750015258789],"rotationMatrix":[0.4189580678939819,-0.9080055952072144,0,0.9080055952072144,0.4189580678939819,0,0,0,1],"scale":1,"type":"house3"}
{"pos":[-582.9539794921875,-464.3999938964844,118.1859970092773],"rotationMatrix":[0.9999997615814209,0.0006905338959768414,0,-0.0006905338959768414,0.9999997615814209,0,0,0,1],"scale":1,"type":"house3"}
{"pos":[-656.593017578125,-463.4729919433594,113.2730026245117],"rotationMatrix":[0.9997959136962891,-0.02020225115120411,0,0.02020225115120411,0.9997959136962891,0,0,0,1],"scale":1,"type":"house3"}
{"pos":[-709.9730224609375,-470.6380004882813,105.6449966430664],"rotationMatrix":[0.8855667114257813,0.4645122289657593,0,-0.4645122289657593,0.8855667114257813,0,0,0,1],"scale":1,"type":"house3"}
{"pos":[-755.9099731445313,-505.0499877929688,104.1760025024414],"rotationMatrix":[0.7357355356216431,0.677268922328949,0,-0.677268922328949,0.7357355356216431,0,0,0,1],"scale":1,"type":"house3"}
{"pos":[-1072.119995117188,878.7570190429688,78.68879699707031],"rotationMatrix":[0.7573742866516113,-0.6529809832572937,0,0.6529809832572937,0.7573742866516113,0,0,0,1],"scale":1,"type":"house3"}
{"pos":[-182.8327941894531,-853.0494384765625,136.7529144287109],"rotationMatrix":[0.7785720229148865,-0.6275558471679688,0,0.6275558471679688,0.7785720229148865,0,0,0,1],"scale":1,"type":"house3"}
