{"pos":[-581.2620239257813,176.6799926757813,106.8779983520508],"rotationMatrix":[0.7070814371109009,-0.70713210105896,0,0.70713210105896,0.7070814371109009,0,0,0,1],"scale":1,"type":"leanto_small"}
{"pos":[-588.2659912109375,169.6759948730469,106.8779983520508],"rotationMatrix":[0.7070814371109009,-0.70713210105896,0,0.70713210105896,0.7070814371109009,0,0,0,1],"scale":1,"type":"leanto_small"}
{"pos":[-581.4149780273438,144.1100006103516,101.5640029907227],"rotationMatrix":[0.7070814371109009,0.70713210105896,0,-0.70713210105896,0.7070814371109009,0,0,0,1],"scale":1,"type":"leanto_small"}
{"pos":[-597.6530151367188,131.1699981689453,101.5640029907227],"rotationMatrix":[0.7070814371109009,-0.70713210105896,0,0.70713210105896,0.7070814371109009,0,0,0,1],"scale":1,"type":"leanto_small"}
{"pos":[-603.7069702148438,121.318000793457,102.181999206543],"rotationMatrix":[-0.7071824073791504,-0.7070311307907104,0,0.7070311307907104,-0.7071824073791504,0,0,0,1],"scale":1,"type":"leanto_small"}
{"pos":[-616.5159912109375,115.5619964599609,102.181999206543],"rotationMatrix":[0.7070814371109009,-0.70713210105896,0,0.70713210105896,0.7070814371109009,0,0,0,1],"scale":1,"type":"leanto_small"}
{"pos":[-628.2000122070313,92.91359710693359,102.5530014038086],"rotationMatrix":[0.7070814371109009,0.70713210105896,0,-0.70713210105896,0.7070814371109009,0,0,0,1],"scale":1,"type":"leanto_small"}
{"pos":[-585.0208129882813,52.48664855957031,101.4957046508789],"rotationMatrix":[0.7071068286895752,-0.7071067094802856,0,0.7071067094802856,0.7071068286895752,0,0,0,1],"scale":1,"type":"leanto_small"}
{"pos":[-555.6610107421875,81.66746520996094,100.588134765625],"rotationMatrix":[-0.6991081237792969,-0.7150159478187561,0,0.7150159478187561,-0.6991081237792969,0,0,0,1],"scale":1,"type":"leanto_small"}
