{"pos":[-15.5999002456665,719.9970092773438,74.58450317382813],"rotationMatrix":[1,0,0,0,1,0,0,0,1],"scale":1,"type":"leanto_large"}
{"pos":[-561.5150146484375,160.0789947509766,100.8870010375977],"rotationMatrix":[0.7070814371109009,0.70713210105896,0,-0.70713210105896,0.7070814371109009,0,0,0,1],"scale":1,"type":"leanto_large"}
{"pos":[-618.0759887695313,100.375,102.181999206543],"rotationMatrix":[0.7070814371109009,-0.70713210105896,0,0.70713210105896,0.7070814371109009,0,0,0,1],"scale":1,"type":"leanto_large"}
