{"pos":[-169.3480072021484,-402.2879943847656,123.2099990844727],"rotationMatrix":[-0.4988729953765869,-0.866675078868866,0,0.866675078868866,-0.4988729953765869,0,0,0,1],"scale":1,"type":"marshaltower"}
{"pos":[-37.60609817504883,0.7490000128746033,119.3889999389648],"rotationMatrix":[0.8060600757598877,0.5918337106704712,0,-0.5918337106704712,0.8060600757598877,0,0,0,1],"scale":1,"type":"marshaltower"}
{"pos":[708.3400268554688,-137.9669952392578,146.60400390625],"rotationMatrix":[0.7572348117828369,0.6531427502632141,0,-0.6531427502632141,0.7572348117828369,0,0,0,1],"scale":1,"type":"marshaltower"}
{"pos":[97.93350219726563,-423.6449890136719,137.2570037841797],"rotationMatrix":[0.9654154777526855,-0.2607162296772003,0,0.2607162296772003,0.9654154777526855,0,0,0,1],"scale":1,"type":"marshaltower"}
{"pos":[624.5139770507813,596.1489868164063,121.8249969482422],"rotationMatrix":[-0.6496546268463135,-0.7602294683456421,0,0.7602294683456421,-0.6496546268463135,0,0,0,1],"scale":1,"type":"marshaltower"}
{"pos":[658.468017578125,157.9579925537109,148.2169952392578],"rotationMatrix":[0.5786380767822266,-0.8155844211578369,0,0.8155844211578369,0.5786380767822266,0,0,0,1],"scale":1,"type":"marshaltower"}
