{"pos":[-436.1650085449219,-25.1151008605957,108.677001953125],"rotationMatrix":[0.721287727355957,-0.6926355361938477,6.058080543880351e-05,0.6926038265228271,0.7212555408477783,0.009505520574748516,-0.006627555936574936,-0.006814257241785526,0.9999548196792603],"scale":1,"type":"pipeline_support2"}
{"pos":[-469.6159973144531,-59.94469833374023,108.2229995727539],"rotationMatrix":[0.721287727355957,-0.6926355361938477,6.058080543880351e-05,0.6926038265228271,0.7212555408477783,0.009505520574748516,-0.006627555936574936,-0.006814257241785526,0.9999548196792603],"scale":1,"type":"pipeline_support2"}
{"pos":[-440.0459899902344,-29.15640068054199,108.6240005493164],"rotationMatrix":[0.721287727355957,-0.6926355361938477,6.058080543880351e-05,0.6926038265228271,0.7212555408477783,0.009505520574748516,-0.006627555936574936,-0.006814257241785526,0.9999548196792603],"scale":1,"type":"pipeline_support2"}
{"pos":[-447.8259887695313,-37.25690078735352,108.5179977416992],"rotationMatrix":[0.721287727355957,-0.6926355361938477,6.058080543880351e-05,0.6926038265228271,0.7212555408477783,0.009505520574748516,-0.006627555936574936,-0.006814257241785526,0.9999548196792603],"scale":1,"type":"pipeline_support2"}
{"pos":[-443.9450073242188,-33.21559906005859,108.5709991455078],"rotationMatrix":[0.721287727355957,-0.6926355361938477,6.058080543880351e-05,0.6926038265228271,0.7212555408477783,0.009505520574748516,-0.006627555936574936,-0.006814257241785526,0.9999548196792603],"scale":1,"type":"pipeline_support2"}
{"pos":[-451.7229919433594,-41.31420135498047,108.4660034179688],"rotationMatrix":[0.721287727355957,-0.6926355361938477,6.058080543880351e-05,0.6926038265228271,0.7212555408477783,0.009505520574748516,-0.006627555936574936,-0.006814257241785526,0.9999548196792603],"scale":1,"type":"pipeline_support2"}
{"pos":[-455.6050109863281,-45.35549926757813,108.4130020141602],"rotationMatrix":[0.721287727355957,-0.6926355361938477,6.058080543880351e-05,0.6926038265228271,0.7212555408477783,0.009505520574748516,-0.006627555936574936,-0.006814257241785526,0.9999548196792603],"scale":1,"type":"pipeline_support2"}
{"pos":[-463.3770141601563,-53.44760131835938,108.306999206543],"rotationMatrix":[0.721287727355957,-0.6926355361938477,6.058080543880351e-05,0.6926038265228271,0.7212555408477783,0.009505520574748516,-0.006627555936574936,-0.006814257241785526,0.9999548196792603],"scale":1,"type":"pipeline_support2"}
{"pos":[-459.4949951171875,-49.40629959106445,108.3600006103516],"rotationMatrix":[0.721287727355957,-0.6926355361938477,6.058080543880351e-05,0.6926038265228271,0.7212555408477783,0.009505520574748516,-0.006627555936574936,-0.006814257241785526,0.9999548196792603],"scale":1,"type":"pipeline_support2"}
{"pos":[-492.9469909667969,-84.23590087890625,107.9059982299805],"rotationMatrix":[0.721287727355957,-0.6926355361938477,6.058080543880351e-05,0.6926038265228271,0.7212555408477783,0.009505520574748516,-0.006627555936574936,-0.006814257241785526,0.9999548196792603],"scale":1,"type":"pipeline_support2"}
{"pos":[-496.8280029296875,-88.27729797363281,107.8529968261719],"rotationMatrix":[0.721287727355957,-0.6926355361938477,6.058080543880351e-05,0.6926038265228271,0.7212555408477783,0.009505520574748516,-0.006627555936574936,-0.006814257241785526,0.9999548196792603],"scale":1,"type":"pipeline_support2"}
{"pos":[-489.0559997558594,-80.18520355224609,107.9589996337891],"rotationMatrix":[0.721287727355957,-0.6926355361938477,6.058080543880351e-05,0.6926038265228271,0.7212555408477783,0.009505520574748516,-0.006627555936574936,-0.006814257241785526,0.9999548196792603],"scale":1,"type":"pipeline_support2"}
{"pos":[-485.1749877929688,-76.143798828125,108.0110015869141],"rotationMatrix":[0.721287727355957,-0.6926355361938477,6.058080543880351e-05,0.6926038265228271,0.7212555408477783,0.009505520574748516,-0.006627555936574936,-0.006814257241785526,0.9999548196792603],"scale":1,"type":"pipeline_support2"}
{"pos":[-477.39599609375,-68.04519653320313,108.1169967651367],"rotationMatrix":[0.721287727355957,-0.6926355361938477,6.058080543880351e-05,0.6926038265228271,0.7212555408477783,0.009505520574748516,-0.006627555936574936,-0.006814257241785526,0.9999548196792603],"scale":1,"type":"pipeline_support2"}
{"pos":[-481.2780151367188,-72.08650207519531,108.0640029907227],"rotationMatrix":[0.721287727355957,-0.6926355361938477,6.058080543880351e-05,0.6926038265228271,0.7212555408477783,0.009505520574748516,-0.006627555936574936,-0.006814257241785526,0.9999548196792603],"scale":1,"type":"pipeline_support2"}
{"pos":[-473.4979858398438,-63.98600006103516,108.1699981689453],"rotationMatrix":[0.721287727355957,-0.6926355361938477,6.058080543880351e-05,0.6926038265228271,0.7212555408477783,0.009505520574748516,-0.006627555936574936,-0.006814257241785526,0.9999548196792603],"scale":1,"type":"pipeline_support2"}
{"pos":[-521.802978515625,-109.4550018310547,107.4300003051758],"rotationMatrix":[0.02418398857116699,-0.9997075200080872,-8.224378689192235e-05,0.9996843934059143,0.02418398857116699,-0.006800434086471796,0.006800434086471796,8.224378689192235e-05,0.9999768733978271],"scale":1,"type":"pipeline_support2"}
{"pos":[-527.405029296875,-109.5910034179688,107.4680023193359],"rotationMatrix":[0.02418398857116699,-0.9997075200080872,-8.224378689192235e-05,0.9996843934059143,0.02418398857116699,-0.006800434086471796,0.006800434086471796,8.224378689192235e-05,0.9999768733978271],"scale":1,"type":"pipeline_support2"}
{"pos":[-538.6339721679688,-109.8619995117188,107.5439987182617],"rotationMatrix":[0.02418398857116699,-0.9997075200080872,-8.224378689192235e-05,0.9996843934059143,0.02418398857116699,-0.006800434086471796,0.006800434086471796,8.224378689192235e-05,0.9999768733978271],"scale":1,"type":"pipeline_support2"}
{"pos":[-533.031982421875,-109.7269973754883,107.5059967041016],"rotationMatrix":[0.02418398857116699,-0.9997075200080872,-8.224378689192235e-05,0.9996843934059143,0.02418398857116699,-0.006800434086471796,0.006800434086471796,8.224378689192235e-05,0.9999768733978271],"scale":1,"type":"pipeline_support2"}
{"pos":[-544.2579956054688,-109.9980010986328,107.5820007324219],"rotationMatrix":[0.02418398857116699,-0.9997075200080872,-8.224378689192235e-05,0.9996843934059143,0.02418398857116699,-0.006800434086471796,0.006800434086471796,8.224378689192235e-05,0.9999768733978271],"scale":1,"type":"pipeline_support2"}
{"pos":[-508.5979919433594,-100.5319976806641,107.463996887207],"rotationMatrix":[0.721287727355957,-0.6926355361938477,6.058080543880351e-05,0.6926038265228271,0.7212555408477783,0.009505520574748516,-0.006627555936574936,-0.006814257241785526,0.9999548196792603],"scale":1,"type":"pipeline_support2"}
{"pos":[-512.47900390625,-104.572998046875,107.411003112793],"rotationMatrix":[0.721287727355957,-0.6926355361938477,6.058080543880351e-05,0.6926038265228271,0.7212555408477783,0.009505520574748516,-0.006627555936574936,-0.006814257241785526,0.9999548196792603],"scale":1,"type":"pipeline_support2"}
{"pos":[-504.6990051269531,-96.47219848632813,107.5169982910156],"rotationMatrix":[0.721287727355957,-0.6926355361938477,6.058080543880351e-05,0.6926038265228271,0.7212555408477783,0.009505520574748516,-0.006627555936574936,-0.006814257241785526,0.9999548196792603],"scale":1,"type":"pipeline_support2"}
{"pos":[-500.8179931640625,-92.43090057373047,107.5699996948242],"rotationMatrix":[0.721287727355957,-0.6926355361938477,6.058080543880351e-05,0.6926038265228271,0.7212555408477783,0.009505520574748516,-0.006627555936574936,-0.006814257241785526,0.9999548196792603],"scale":1,"type":"pipeline_support2"}
{"pos":[-606.5910034179688,-185.4900054931641,104.3720016479492],"rotationMatrix":[0.7653875350952148,-0.6435696482658386,0,0.6435696482658386,0.7653875350952148,0,0,0,1],"scale":1,"type":"pipeline_support2"}
{"pos":[-602.968994140625,-181.1829986572266,104.3720016479492],"rotationMatrix":[0.7653875350952148,-0.6435696482658386,0,0.6435696482658386,0.7653875350952148,0,0,0,1],"scale":1,