{"pos":[-499.447998046875,525.4030151367188,97.52580261230469],"rotationMatrix":[0.7070814371109009,0.70713210105896,0,-0.70713210105896,0.7070814371109009,0,0,0,1],"scale":1,"type":"planterbox"}
{"pos":[-497.7479858398438,523.7020263671875,97.52580261230469],"rotationMatrix":[0.7070814371109009,0.70713210105896,0,-0.70713210105896,0.7070814371109009,0,0,0,1],"scale":1,"type":"planterbox"}
{"pos":[-496.114013671875,522.0679931640625,97.52580261230469],"rotationMatrix":[0.7070814371109009,0.70713210105896,0,-0.70713210105896,0.7070814371109009,0,0,0,1],"scale":1,"type":"planterbox"}
{"pos":[-490.4249877929688,516.3790283203125,97.52580261230469],"rotationMatrix":[0.7070814371109009,0.70713210105896,0,-0.70713210105896,0.7070814371109009,0,0,0,1],"scale":1,"type":"planterbox"}
{"pos":[-492.0589904785156,518.0130004882813,97.52580261230469],"rotationMatrix":[0.7070814371109009,0.70713210105896,0,-0.70713210105896,0.7070814371109009,0,0,0,1],"scale":1,"type":"planterbox"}
{"pos":[-493.7590026855469,519.7130126953125,97.52580261230469],"rotationMatrix":[0.7070814371109009,0.70713210105896,0,-0.70713210105896,0.7070814371109009,0,0,0,1],"scale":1,"type":"planterbox"}
{"pos":[-488.1679992675781,514.1220092773438,97.52580261230469],"rotationMatrix":[0.7070814371109009,0.70713210105896,0,-0.70713210105896,0.7070814371109009,0,0,0,1],"scale":1,"type":"planterbox"}
{"pos":[-486.4679870605469,512.4219970703125,97.52580261230469],"rotationMatrix":[0.7070814371109009,0.70713210105896,0,-0.70713210105896,0.7070814371109009,0,0,0,1],"scale":1,"type":"planterbox"}
{"pos":[-484.8330078125,510.7869873046875,97.52580261230469],"rotationMatrix":[0.7070814371109009,0.70713210105896,0,-0.70713210105896,0.7070814371109009,0,0,0,1],"scale":1,"type":"planterbox"}
{"pos":[-488.4030151367188,504.3760070800781,97.52580261230469],"rotationMatrix":[0.7070814371109009,-0.70713210105896,0,0.70713210105896,0.7070814371109009,0,0,0,1],"scale":1,"type":"planterbox"}
{"pos":[-486.7690124511719,506.010009765625,97.52580261230469],"rotationMatrix":[0.7070814371109009,-0.70713210105896,0,0.70713210105896,0.7070814371109009,0,0,0,1],"scale":1,"type":"planterbox"}
{"pos":[-485.0679931640625,507.7099914550781,97.52580261230469],"rotationMatrix":[0.7070814371109009,-0.70713210105896,0,0.70713210105896,0.7070814371109009,0,0,0,1],"scale":1,"type":"planterbox"}
{"pos":[-490.7850036621094,501.9930114746094,97.52580261230469],"rotationMatrix":[0.7070814371109009,-0.70713210105896,0,0.70713210105896,0.7070814371109009,0,0,0,1],"scale":1,"type":"planterbox"}
{"pos":[-492.4849853515625,500.2929992675781,97.52580261230469],"rotationMatrix":[0.7070814371109009,-0.70713210105896,0,0.70713210105896,0.7070814371109009,0,0,0,1],"scale":1,"type":"planterbox"}
{"pos":[-494.1199951171875,498.6589965820313,97.52580261230469],"rotationMatrix":[0.7070814371109009,-0.70713210105896,0,0.70713210105896,0.7070814371109009,0,0,0,1],"scale":1,"type":"planterbox"}
{"pos":[-499.7510070800781,493.0280151367188,97.52580261230469],"rotationMatrix":[0.7070814371109009,-0.70713210105896,0,0.70713210105896,0.7070814371109009,0,0,0,1],"scale":1,"type":"planterbox"}
{"pos":[-498.1159973144531,494.6619873046875,97.52580261230469],"rotationMatrix":[0.7070814371109009,-0.70713210105896,0,0.70713210105896,0.7070814371109009,0,0,0,1],"scale":1,"type":"planterbox"}
{"pos":[-496.4159851074219,496.3619995117188,97.52580261230469],"rotationMatrix":[0.7070814371109009,-0.70713210105896,0,0.70713210105896,0.7070814371109009,0,0,0,1],"scale":1,"type":"planterbox"}
{"pos":[-394.1199951171875,415.2489929199219,96.18350219726563],"rotationMatrix":[0.7070814371109009,-0.70713210105896,0,0.70713210105896,0.7070814371109009,0,0,0,1],"scale":1,"type":"planterbox"}
{"pos":[-399.1830139160156,410.1860046386719,96.22630310058594],"rotationMatrix":[0.7070814371109009,-0.70713210105896,0,0.70713210105896,0.7070814371109009,0,0,0,1],"scale":1,"type":"planterbox"}
{"pos":[-404.1589965820313,405.2090148925781,96.27310180664063],"rotationMatrix":[0.7070814371109009,-0.70713210105896,0,0.70713210105896,0.7070814371109009,0,0,0,1],"scale":1,"type":"planterbox"}
{"pos":[-409.5270080566406,399.8420104980469,96.32350158691406],"rotationMatrix":[0.7070814371109009,-0.70713210105896,0,0.70713210105896,0.7070814371109009,0,0,0,1],"scale":1,"type":"planterbox"}
{"pos":[-421.7850036621094,412.1000061035156,96.34349822998047],"rotationMatrix":[0.7070814371109009,-0.70713210105896,0,0.70713210105896,0.7070814371109009,0,0,0,1],"scale":1,"type":"planterbox"}
{"pos":[-416.4169921875,417.4679870605469,96.29309844970703],"rotationMatrix":[0.7070814371109009,-0.70713210105896,0,0.70713210105896,0.7070814371109009,0,0,0,1],"scale":1,"type":"planterbox"}
{"pos":[-411.4410095214844,422.4429931640625,96.24629974365234],"rotationMatrix":[0.7070814371109009,-0.70713210105896,0,0.70713210105896,0.7070814371109009,0,0,0,1],"scale":1,"type":"planterbox"}
{"pos":[-406.3779907226563,427.5069885253906,96.20349884033203],"rotationMatrix":[0.7070814371109009,-0.70713210105896,0,0.70713210105896,0.7070814371109009,0,0,0,1],"scale":1,"type":"planterbox"}
{"pos":[-661.1129760742188,780.9149780273438,74.8385009765625],"rotationMatrix":[0.7070814371109009,-0.70713210105896,0,0.70713210105896,0.7070814371109009,0,0,0,1],"scale":1,"type":"planterbox"}
{"pos":[-662.7559814453125,782.5579833984375,74.8385009765625],"rotationMatrix":[0.7070814371109009,-0.70713210105896,0,0.70713210105896,0.7070814371109009,0,0,0,1],"scale":1,"type":"planterbox"}
{"pos":[-660.2999877929688,777.625,74.8114013671875],"rotationMatrix":[0.9998195171356201,0,0.01899824105203152,0,1,0,-0.01899824105203152,0,0.9998195171356201],"scale":1,"type":"planterbox"}
{"pos":[-663.9910278320313,777.625,74.84030151367188],"rotationMatrix":[0.999215841293335,0,-0.03959422186017036,0,1,0,0.03959422186017036,0,0.999215841293335],"scale":1,"type":"planterbox"}
{"pos":[-667.7109985351563,777.625,75.09980010986328],"rotationMatrix":[0.9952175617218018,0,-0.09768318384885788,0,1,0,0.09768318384885788,0,0.9952175617218018],"scale":1,"type":"planterbox"}
{"pos":[-513.1649780273438,539.1190185546875,95.57540130615234],"rotationMatrix":[0.7070814371109009,0.70713210105896,0,-0.70713210105896,0.7070814371109009,0,0,0,1],"scale":1,"type":"planterbox"}
{"pos":[-514.7999877929688,540.7540283203125,95.57540130615234],"rotationMatrix":[0.7070814371109009,0.70713210105896,0,-0.70713210105896,0.7070814371109009,0,0,0,1],"scale":1,"type":"planterbox"}
{"pos":[-516.5,542.4539794921875,95.57540130615234],"rotationMatrix":[0.7070814371109009,0.70713210105896,0,-0.70713210105896,0.7070814371109009,0,0,0,1],"scale":1,"type":"planterbox"}
{"pos":[-510.7149963378906,536.6690063476563,95.57540130615234],"rotationMatrix":[0.7070814371109009,0.70713210105896,0,-0.70713210105896,0.7070814371109009,0,0,0,1],"scale":1,"type":"planterbox"}
{"pos":[-509.0150146484375,534.968994140625,95.57540130615234],"rotationMatrix":[0.7070814371109009,0.70713210105896,0,-0.70713210105896,0.7070814371109009,0,0,0,1],"scale":1,"type":"planterbox"}
{"pos":[-507.3810119628906,533.3350219726563,95.57540130615234],"rotationMatrix":[0.7070814371109009,0.70713210105896,0,-0.70713210105896,0.7070814371109009,0,0,0,1],"scale":1,"type":"planterbox"}
{"pos":[-501.7579956054688,527.7119750976563,95.57540130615234],"rotationMatrix":[0.7070814371109009,0.70713210105896,0,-0.70713210105896,0.7070814371109009,0,0,0,1],"scale":1,"type":"planterbox"}
{"pos":[-503.3930053710938,529.3469848632813,95.57540130615234],"rotationMatrix":[0.7070814371109009,0.70713210105896,0,-0.70713210105896,0.7070814371109009,0,0,0,1],"scale":1,"type":"planterbox"}
{"pos":[-505.0929870605469,531.0469970703125,95.57540130615234],"rotationMatrix":[0.7070814371109009,0.70713210105896,0,-0.70713210105896,0.7070814371109009,0,0,0,1],"scale":1,"type":"planterbox"}
{"pos":[-684.6859741210938,506.5159912109375,118.1760025024414],