{"pos":[-465.1319885253906,-228.8939971923828,98.91639709472656],"rotationMatrix":[-0.9732898473739624,-0.2295797765254974,0,0.2295797765254974,-0.9732898473739624,0,0,0,1],"scale":1,"type":"pole_light_double"}
{"pos":[-358.5910034179688,-453.8689880371094,106.1800003051758],"rotationMatrix":[-0.8374446630477905,-0.5465221405029297,0,0.5465221405029297,-0.8374446630477905,0,0,0,1],"scale":1,"type":"pole_light_double"}
{"pos":[-329.7560119628906,-494.7770080566406,108.068000793457],"rotationMatrix":[-0.8374446630477905,-0.5465221405029297,0,0.5465221405029297,-0.8374446630477905,0,0,0,1],"scale":1,"type":"pole_light_double"}
{"pos":[-434.8200073242188,-324.5589904785156,100.8270034790039],"rotationMatrix":[-0.9274698495864868,-0.3738979399204254,0,0.3738979399204254,-0.9274698495864868,0,0,0,1],"scale":1,"type":"pole_light_double"}
{"pos":[-413.0690002441406,-369.6579895019531,102.3919982910156],"rotationMatrix":[-0.8810240030288696,-0.4730715751647949,0,0.4730715751647949,-0.8810240030288696,0,0,0,1],"scale":1,"type":"pole_light_double"}
{"pos":[-452.0809936523438,-277.2659912109375,99.80840301513672],"rotationMatrix":[-0.9274698495864868,-0.3738979399204254,0,0.3738979399204254,-0.9274698495864868,0,0,0,1],"scale":1,"type":"pole_light_double"}
{"pos":[-386.3290100097656,-412.2619934082031,104.2750015258789],"rotationMatrix":[-0.8374446630477905,-0.5465221405029297,0,0.5465221405029297,-0.8374446630477905,0,0,0,1],"scale":1,"type":"pole_light_double"}
{"pos":[-474.8869934082031,-402.3919982910156,104.2850036621094],"rotationMatrix":[-0.622160792350769,-0.7828894853591919,0,0.7828894853591919,-0.622160792350769,0,0,0,1],"scale":1,"type":"pole_light_double"}
{"pos":[-239.4219970703125,-614.9979858398438,113.5319976806641],"rotationMatrix":[-0.7985458374023438,-0.601934015750885,0,0.601934015750885,-0.7985458374023438,0,0,0,1],"scale":1,"type":"pole_light_double"}
{"pos":[-176.4440002441406,-693.1829833984375,116.765998840332],"rotationMatrix":[-0.7544392347335815,-0.6563699245452881,0,0.6563699245452881,-0.7544392347335815,0,0,0,1],"scale":1,"type":"pole_light_double"}
{"pos":[-144.9309997558594,-732.177978515625,118.3679962158203],"rotationMatrix":[-0.7544392347335815,-0.6563699245452881,0,0.6563699245452881,-0.7544392347335815,0,0,0,1],"scale":1,"type":"pole_light_double"}
{"pos":[-207.9329986572266,-654.27001953125,115.1689987182617],"rotationMatrix":[-0.781894326210022,-0.6234109997749329,0,0.6234109997749329,-0.781894326210022,0,0,0,1],"scale":1,"type":"pole_light_double"}
{"pos":[-19.46619987487793,-833.5339965820313,132.4539947509766],"rotationMatrix":[-0.7197705507278442,0.694212019443512,0,-0.694212019443512,-0.7197705507278442,0,0,0,1],"scale":1,"type":"pole_light_double"}
{"pos":[-51.42649841308594,-872.3159790039063,132.4360046386719],"rotationMatrix":[-0.7578125,0.6524723768234253,0,-0.6524723768234253,-0.7578125,0,0,0,1],"scale":1,"type":"pole_light_double"}
{"pos":[-113.1790008544922,-770.9710083007813,119.9550018310547],"rotationMatrix":[-0.7544392347335815,-0.6563699245452881,0,0.6563699245452881,-0.7544392347335815,0,0,0,1],"scale":1,"type":"pole_light_double"}
{"pos":[-80.85140228271484,-809.4849853515625,121.625],"rotationMatrix":[-0.7350119352340698,-0.67805415391922,0,0.67805415391922,-0.7350119352340698,0,0,0,1],"scale":1,"type":"pole_light_double"}
{"pos":[-78.58660125732422,-915.0139770507813,132.4360046386719],"rotationMatrix":[-0.8755971193313599,0.4830421209335327,0,-0.4830421209335327,-0.8755971193313599,0,0,0,1],"scale":1,"type":"pole_light_double"}
{"pos":[-300.1229858398438,-535.1859741210938,109.9489974975586],"rotationMatrix":[-0.8152745962142944,-0.5790745615959167,0,0.5790745615959167,-0.8152745962142944,0,0,0,1],"scale":1,"type":"pole_light_double"}
{"pos":[-270.3529968261719,-575.4869995117188,111.7939987182617],"rotationMatrix":[-0.8152745962142944,-0.5790745615959167,0,0.5790745615959167,-0.8152745962142944,0,0,0,1],"scale":1,"type":"pole_light_double"}
{"pos":[-23.61409950256348,332.0289916992188,116.7389984130859],"rotationMatrix":[-0.630456805229187,0.7762243151664734,0,-0.7762243151664734,-0.630456805229187,0,0,0,1],"scale":1,"type":"pole_light_double"}
{"pos":[-80.71710205078125,283.2019958496094,115.8440017700195],"rotationMatrix":[-0.630456805229187,0.7762243151664734,0,-0.7762243151664734,-0.630456805229187,0,0,0,1],"scale":1,"type":"pole_light_double"}
{"pos":[-137.6130065917969,232.9259948730469,113.9069976806641],"rotationMatrix":[-0.630456805229187,0.7762243151664734,0,-0.7762243151664734,-0.630456805229187,0,0,0,1],"scale":1,"type":"pole_light_double"}
{"pos":[-242.3849945068359,132.375,111.931999206543],"rotationMatrix":[-0.7164338827133179,0.6976550221443176,0,-0.6976550221443176,-0.7164338827133179,0,0,0,1],"scale":1,"type":"pole_light_double"}
{"pos":[954.3209838867188,-111.0749969482422,148.0850067138672],"rotationMatrix":[0.9364895820617676,-0.35069540143013,0,0.35069540143013,0.9364895820617676,0,0,0,1],"scale":1,"type":"pole_light_double"}
{"pos":[941.677978515625,-159.4940032958984,149.0330047607422],"rotationMatrix":[0.9885995388031006,-0.1505687683820724,0,0.1505687683820724,0.9885995388031006,0,0,0,1],"scale":1,"type":"pole_light_double"}
{"pos":[957.1069946289063,-258.7980041503906,153.4530029296875],"rotationMatrix":[0.91782546043396,0.3969841599464417,0,-0.3969841599464417,0.91782546043396,0,0,0,1],"scale":1,"type":"pole_light_double"}
{"pos":[972.552001953125,-306.4509887695313,154.6990051269531],"rotationMatrix":[0.9817595481872559,0.1901267766952515,0,-0.1901267766952515,0.9817595481872559,0,0,0,1],"scale":1,"type":"pole_light_double"}
{"pos":[972.6719970703125,-356.9779968261719,156.822998046875],"rotationMatrix":[0.997861385345459,-0.06536555290222168,0,0.06536555290222168,0.997861385345459,0,0,0,1],"scale":1,"type":"pole_light_double"}
{"pos":[750.3790283203125,-328.9830017089844,152.9029998779297],"rotationMatrix":[0.3996111154556274,-0.9166847467422485,0,0.9166847467422485,0.3996111154556274,0,0,0,1],"scale":1,"type":"pole_light_double"}
{"pos":[713.885009765625,-346.0809936523438,151.8569946289063],"rotationMatrix":[0.3996111154556274,-0.9166847467422485,0,0.9166847467422485,0.3996111154556274,0,0,0,1],"scale":1,"type":"pole_light_double"}
{"pos":[677.10400390625,-362.7479858398438,150.8370056152344],"rotationMatrix":[0.3996111154556274,-0.9166847467422485,0,0.9166847467422485,0.3996111154556274,0,0,0,1],"scale":1,"type":"pole_light_double"}
{"pos":[640.6099853515625,-379.4140014648438,150.1529998779297],"rotationMatrix":[0.3658368587493896,-0.9306790232658386,0,0.9306790232658386,0.3658368587493896,0,0,0,1],"scale":1,"type":"pole_light_double"}
{"pos":[601.530029296875,-390.6210021972656,148.427001953125],"rotationMatrix":[0.2041826248168945,-0.978932797908783,0,0.978932797908783,0.2041826248168945,0,0,0,1],"scale":1,"type":"pole_light_double"}
{"pos":[561.5880126953125,-397.0859985351563,146.4839935302734],"rotationMatrix":[0.09763813018798828,-0.9952219724655151,0,0.9952219724655151,0.09763813018798828,0,0,0,1],"scale":1,"type":"pole_light_double"}
{"pos":[518.1859741210938,-399.1820068359375,145.4100036621094],"rotationMatrix":[-0.002528071403503418,-0.9999967813491821,0,0.9999967813491821,-0.002528071403503418,0,0,0,1],"scale":1,"type":"pole_light_double"}
{"pos":[938.594970703125,-618.9539794921875,166.3119964599609],"rotationMatrix":[0.980870246887207,0.1946626752614975,0,-0.1946626752614975,0.980870246887207,0,0,0,1],"scale":1,"type":"pole_light_double"}
{"pos":[954.280029296875,-666.3259887695313,166.3979949951172],"rotationMatrix":[0.940142035484314,0.3407828509807587,0,-0.3407828509807587,0.940142035484314,0,0,0,1],"scale":1,"type":"pole_light_double"}
{"pos":[972.281982421875,-713.1680297851563,166.5460052490234],"rotationMatrix":[0.9346227645874023,0.3556406795978546,0,-0.3556406795978546,0.9346227645874023,0,0,0,1],"scale":1,"type":"pole_light_double"}
{"pos":[996.3109741210938,-790.7650146484375,166.7140045166016],