{"pos":[-43.57500076293945,652.0659790039063,74.8009033203125],"rotationMatrix":[0.7229342460632324,-0.6909168362617493,0,0.6909168362617493,0.7229342460632324,0,0,0,1],"scale":0.9733999967575073,"type":"pole_lighting1"}
{"pos":[-43.63759994506836,598.9130249023438,74.8009033203125],"rotationMatrix":[0.9997446537017822,0.02259706519544125,0,-0.02259706519544125,0.9997446537017822,0,0,0,1],"scale":0.9733999967575073,"type":"pole_lighting1"}
{"pos":[-43.52560043334961,565.22900390625,74.8009033203125],"rotationMatrix":[0.6909447908401489,0.722907543182373,0,-0.722907543182373,0.6909447908401489,0,0,0,1],"scale":0.9733999967575073,"type":"pole_lighting1"}
{"pos":[-211.8699951171875,541.1220092773438,75.13240051269531],"rotationMatrix":[0.6907875537872314,-0.7230578064918518,0,0.7230578064918518,0.6907875537872314,0,0,0,1],"scale":0.7443000078201294,"type":"pole_lighting1"}
{"pos":[-103.609001159668,143.2429962158203,123.9140014648438],"rotationMatrix":[-0.6562000513076782,0.7545869946479797,0,-0.7545869946479797,-0.6562000513076782,0,0,0,1],"scale":0.699999988079071,"type":"pole_lighting1"}
{"pos":[-91.12460327148438,155.1499938964844,123.9179992675781],"rotationMatrix":[-0.6562000513076782,0.7545869946479797,0,-0.7545869946479797,-0.6562000513076782,0,0,0,1],"scale":0.699999988079071,"type":"pole_lighting1"}
{"pos":[-114.1070022583008,177.8560028076172,123.8830032348633],"rotationMatrix":[0.6528888940811157,-0.7574536800384521,0,0.7574536800384521,0.6528888940811157,0,0,0,1],"scale":0.699999988079071,"type":"pole_lighting1"}
{"pos":[-43.40219879150391,161.9550018310547,123.8970031738281],"rotationMatrix":[-0.6485646963119507,0.7611595392227173,0,-0.7611595392227173,-0.6485646963119507,0,0,0,1],"scale":0.699999988079071,"type":"pole_lighting1"}
{"pos":[-61.65719985961914,180.2100067138672,123.8970031738281],"rotationMatrix":[0.6453496217727661,-0.763887345790863,0,0.763887345790863,0.6453496217727661,0,0,0,1],"scale":0.699999988079071,"type":"pole_lighting1"}
{"pos":[-83.58429718017578,202.2420043945313,123.8970031738281],"rotationMatrix":[0.6453496217727661,-0.763887345790863,0,0.763887345790863,0.6453496217727661,0,0,0,1],"scale":0.699999988079071,"type":"pole_lighting1"}
{"pos":[-65.32920074462891,183.9869995117188,123.8970031738281],"rotationMatrix":[-0.6485646963119507,0.7611595392227173,0,-0.7611595392227173,-0.6485646963119507,0,0,0,1],"scale":0.699999988079071,"type":"pole_lighting1"}
{"pos":[-126.5920028686523,165.9490051269531,123.9179992675781],"rotationMatrix":[0.6528888940811157,-0.7574536800384521,0,0.7574536800384521,0.6528888940811157,0,0,0,1],"scale":0.699999988079071,"type":"pole_lighting1"}
{"pos":[625.6300048828125,-69.27429962158203,151.3190002441406],"rotationMatrix":[0.03950190544128418,0.9992194771766663,0,-0.9992194771766663,0.03950190544128418,0,0,0,1],"scale":1,"type":"pole_lighting1"}
{"pos":[677.4409790039063,-46.86949920654297,151.1470031738281],"rotationMatrix":[-0.9137505292892456,0.4062757194042206,0,-0.4062757194042206,-0.9137505292892456,0,0,0,1],"scale":1,"type":"pole_lighting1"}
{"pos":[691.4439697265625,-2.935199975967407,152.677001953125],"rotationMatrix":[-0.6990617513656616,0.7150613069534302,0,-0.7150613069534302,-0.6990617513656616,0,0,0,1],"scale":1,"type":"pole_lighting1"}
{"pos":[558.9409790039063,-34.44189834594727,148.7980041503906],"rotationMatrix":[0.9997401237487793,-0.02279659919440746,0,0.02279659919440746,0.9997401237487793,0,0,0,1],"scale":1,"type":"pole_lighting1"}
{"pos":[767.4110107421875,226.0140075683594,158.5220031738281],"rotationMatrix":[-0.1023155450820923,0.9947519898414612,0,-0.9947519898414612,-0.1023155450820923,0,0,0,1],"scale":1,"type":"pole_lighting1"}
{"pos":[759.0089721679688,144.7960052490234,152.8549957275391],"rotationMatrix":[-0.9828369617462158,-0.184476301074028,0,0.184476301074028,-0.9828369617462158,0,0,0,1],"scale":1,"type":"pole_lighting1"}
{"pos":[757.7839965820313,185.9299926757813,154.0130004882813],"rotationMatrix":[-0.9836335182189941,0.1801807433366776,0,-0.1801807433366776,-0.9836335182189941,0,0,0,1],"scale":1,"type":"pole_lighting1"}
{"pos":[791.5659790039063,182.7790069580078,156.5989990234375],"rotationMatrix":[0.9414496421813965,0.3371536433696747,0,-0.3371536433696747,0.9414496421813965,0,0,0,1],"scale":1,"type":"pole_lighting1"}
{"pos":[793.666015625,128.8679962158203,152.2070007324219],"rotationMatrix":[0.9926552772521973,-0.1209772750735283,0,0.1209772750735283,0.9926552772521973,0,0,0,1],"scale":1,"type":"pole_lighting1"}
{"pos":[777.2130126953125,93.51029968261719,153.677001953125],"rotationMatrix":[-0.9936050176620483,0.1129117757081985,0,-0.1129117757081985,-0.9936050176620483,0,0,0,1],"scale":1,"type":"pole_lighting1"}
{"pos":[782.2890014648438,64.27909851074219,150.3970031738281],"rotationMatrix":[0.977992057800293,-0.2086421251296997,0,0.2086421251296997,0.977992057800293,0,0,0,1],"scale":1,"type":"pole_lighting1"}
{"pos":[765.135009765625,15.44369983673096,150.322998046875],"rotationMatrix":[0.4120383262634277,-0.9111664891242981,0,0.9111664891242981,0.4120383262634277,0,0,0,1],"scale":1,"type":"pole_lighting1"}
{"pos":[746.2310180664063,45.37509918212891,155.0090026855469],"rotationMatrix":[-0.6117305755615234,0.7910661697387695,0,-0.7910661697387695,-0.6117305755615234,0,0,0,1],"scale":1,"type":"pole_lighting1"}
{"pos":[743.4299926757813,26.47109985351563,151.9170074462891],"rotationMatrix":[-0.8286368846893311,-0.5597864985466003,0,0.5597864985466003,-0.8286368846893311,0,0,0,1],"scale":1,"type":"pole_lighting1"}
{"pos":[715.5999755859375,60.25329971313477,153.8769989013672],"rotationMatrix":[-0.8286368846893311,-0.5597864985466003,0,0.5597864985466003,-0.8286368846893311,0,0,0,1],"scale":1,"type":"pole_lighting1"}
{"pos":[678.2579956054688,71.48480224609375,155.52099609375],"rotationMatrix":[0.1728446483612061,-0.9849491119384766,0,0.9849491119384766,0.1728446483612061,0,0,0,1],"scale":1,"type":"pole_lighting1"}
{"pos":[637.85400390625,73.52690124511719,156.0749969482422],"rotationMatrix":[-0.6279295682907104,-0.7782701849937439,0,0.7782701849937439,-0.6279295682907104,0,0,0,1],"scale":1,"type":"pole_lighting1"}
{"pos":[580.2369995117188,89.86370086669922,149.9239959716797],"rotationMatrix":[0.4373517036437988,-0.8992905616760254,0,0.8992905616760254,0.4373517036437988,0,0,0,1],"scale":1,"type":"pole_lighting1"}
{"pos":[557.7739868164063,45.95859909057617,146.7960052490234],"rotationMatrix":[1,0,0,0,1,0,0,0,1],"scale":1,"type":"pole_lighting1"}
{"pos":[89.48200225830078,641.8770141601563,74.92539978027344],"rotationMatrix":[-0.9995999336242676,-0.02828378789126873,0,0.02828378789126873,-0.9995999336242676,0,0,0,1],"scale":0.9733999967575073,"type":"pole_lighting1"}
{"pos":[56.73830032348633,699.6320190429688,74.8009033203125],"rotationMatrix":[0.02279806137084961,-0.9997400641441345,0,0.9997400641441345,0.02279806137084961,0,0,0,1],"scale":0.9733999967575073,"type":"pole_lighting1"}
{"pos":[6.577400207519531,652.0759887695313,74.8009033203125],"rotationMatrix":[-0.6909605264663696,-0.7228924632072449,0,0.7228924632072449,-0.6909605264663696,0,0,0,1],"scale":0.9733999967575073,"type":"pole_lighting1"}
{"pos":[54.21989822387695,621.0029907226563,74.8009033203125],"rotationMatrix":[-0.4964500665664673,0.8680652976036072,0,-0.8680652976036072,-0.4964500665664673,0,0,0,1],"scale":0.9733999967575073,"type":"pole_lighting1"}
{"pos":[6.726099967956543,598.9409790039063,74.8009033203125],"rotationMatrix":[-0.9995999336242676,-0.02828378789126873,0,0.02828378789126873,-0.9995999336242676,0,0,0,1],"scale":0.9733999967575073,"type":"pole_lighting1"}
{"pos":[6.584199905395508,565.14501953125,74.8009033203125],"rotationMatrix":[-0.723110556602478,0.6907323002815247,0,-0.6907323002815247,-0.723110556602478,0,0,0,1],"scale":0.9733999967575073,"type":"pole_lighting1"}
