{"pos":[-86.60590362548828,-963.8839721679688,132.3919982910156],"rotationMatrix":[-0.9102305173873901,0.4141019284725189,0,-0.4141019284725189,-0.9102305173873901,0,0,0,1],"scale":1,"type":"pole_traffic1"}
{"pos":[-117.9000015258789,-974.3150024414063,132.427001953125],"rotationMatrix":[0.9101120233535767,-0.4143622815608978,0,0.4143622815608978,0.9101120233535767,0,0,0,1],"scale":1,"type":"pole_traffic1"}
{"pos":[-361.2569885253906,639.6790161132813,75.03199768066406],"rotationMatrix":[-0.7071824073791504,0.7070311307907104,0,-0.7070311307907104,-0.7071824073791504,0,0,0,1],"scale":1,"type":"pole_traffic1"}
{"pos":[-350.2919921875,635.302978515625,75.07350158691406],"rotationMatrix":[-0.7071824073791504,-0.7070311307907104,0,0.7070311307907104,-0.7071824073791504,0,0,0,1],"scale":1,"type":"pole_traffic1"}
{"pos":[-420.25,693.7230224609375,75.01039886474609],"rotationMatrix":[-0.7071824073791504,0.7070311307907104,0,-0.7070311307907104,-0.7071824073791504,0,0,0,1],"scale":1,"type":"pole_traffic1"}
{"pos":[-441.7430114746094,678.4169921875,75.18669891357422],"rotationMatrix":[0.7070814371109009,0.70713210105896,0,-0.70713210105896,0.7070814371109009,0,0,0,1],"scale":1,"type":"pole_traffic1"}
{"pos":[-450.7369995117188,506.9679870605469,96.55290222167969],"rotationMatrix":[-0.7071824073791504,0.7070311307907104,0,-0.7070311307907104,-0.7071824073791504,0,0,0,1],"scale":1,"type":"pole_traffic1"}
{"pos":[-463.9389953613281,526.0399780273438,96.53890228271484],"rotationMatrix":[-0.7071824073791504,-0.7070311307907104,0,0.7070311307907104,-0.7071824073791504,0,0,0,1],"scale":1,"type":"pole_traffic1"}
{"pos":[-28.80940055847168,417.27099609375,101.7949981689453],"rotationMatrix":[-0.7071824073791504,-0.7070311307907104,0,0.7070311307907104,-0.7071824073791504,0,0,0,1],"scale":1,"type":"pole_traffic1"}
{"pos":[-373.6749877929688,429.9049987792969,96.24040222167969],"rotationMatrix":[-0.7071824073791504,0.7070311307907104,0,-0.7070311307907104,-0.7071824073791504,0,0,0,1],"scale":1,"type":"pole_traffic1"}
{"pos":[-295.4209899902344,316.6730041503906,101.6839981079102],"rotationMatrix":[0.8850878477096558,0.4654240012168884,0,-0.4654240012168884,0.8850878477096558,0,0,0,1],"scale":1,"type":"pole_traffic1"}
{"pos":[-290.1809997558594,338.6780090332031,101.9879989624023],"rotationMatrix":[-0.884905219078064,-0.4657711386680603,0,0.4657711386680603,-0.884905219078064,0,0,0,1],"scale":1,"type":"pole_traffic1"}
{"pos":[-403.7590026855469,435.9849853515625,96.20040130615234],"rotationMatrix":[0.7070814371109009,-0.70713210105896,0,0.70713210105896,0.7070814371109009,0,0,0,1],"scale":1,"type":"pole_traffic1"}
{"pos":[-470.6640014648438,497.0830078125,96.73619842529297],"rotationMatrix":[0.7070814371109009,0.70713210105896,0,-0.70713210105896,0.7070814371109009,0,0,0,1],"scale":1,"type":"pole_traffic1"}
{"pos":[-385.6860046386719,447.8550109863281,96.06980133056641],"rotationMatrix":[-0.7071824073791504,-0.7070311307907104,0,0.7070311307907104,-0.7071824073791504,0,0,0,1],"scale":1,"type":"pole_traffic1"}
{"pos":[-391.7239990234375,417.9729919433594,96.25279998779297],"rotationMatrix":[0.7070814371109009,0.70713210105896,0,-0.70713210105896,0.7070814371109009,0,0,0,1],"scale":1,"type":"pole_traffic1"}
{"pos":[-481.8900146484375,321.9859924316406,97.09169769287109],"rotationMatrix":[-0.7071824073791504,0.7070311307907104,0,-0.7070311307907104,-0.7071824073791504,0,0,0,1],"scale":1,"type":"pole_traffic1"}
{"pos":[-493.6700134277344,339.6449890136719,97.10440063476563],"rotationMatrix":[-0.7071824073791504,-0.7070311307907104,0,0.7070311307907104,-0.7071824073791504,0,0,0,1],"scale":1,"type":"pole_traffic1"}
{"pos":[-496.75,313.06201171875,97.17569732666016],"rotationMatrix":[0.7070814371109009,0.70713210105896,0,-0.70713210105896,0.7070814371109009,0,0,0,1],"scale":1,"type":"pole_traffic1"}
{"pos":[-426.4289855957031,152.7180023193359,100.1539993286133],"rotationMatrix":[-0.948732852935791,0.3160790503025055,0,-0.3160790503025055,-0.948732852935791,0,0,0,1],"scale":1,"type":"pole_traffic1"}
{"pos":[-528.9219970703125,585.125,90.16819763183594],"rotationMatrix":[-0.7071824073791504,0.7070311307907104,0,-0.7070311307907104,-0.7071824073791504,0,0,0,1],"scale":1,"type":"pole_traffic1"}
{"pos":[-547.5770263671875,572.5040283203125,90.33940124511719],"rotationMatrix":[0.7070814371109009,0.70713210105896,0,-0.70713210105896,0.7070814371109009,0,0,0,1],"scale":1,"type":"pole_traffic1"}
{"pos":[-742.8380126953125,371.5409851074219,143.2070007324219],"rotationMatrix":[-0.7071824073791504,0.7070311307907104,0,-0.7070311307907104,-0.7071824073791504,0,0,0,1],"scale":1,"type":"pole_traffic1"}
{"pos":[-602.4619750976563,207.3569946289063,112.5130004882813],"rotationMatrix":[0.7070814371109009,0.70713210105896,0,-0.70713210105896,0.7070814371109009,0,0,0,1],"scale":1,"type":"pole_traffic1"}
{"pos":[-599.3460083007813,233.9420013427734,112.5350036621094],"rotationMatrix":[-0.7071824073791504,-0.7070311307907104,0,0.7070311307907104,-0.7071824073791504,0,0,0,1],"scale":1,"type":"pole_traffic1"}
{"pos":[-614.1900024414063,225.0540008544922,112.5970001220703],"rotationMatrix":[0.7070814371109009,-0.70713210105896,0,0.70713210105896,0.7070814371109009,0,0,0,1],"scale":1,"type":"pole_traffic1"}
{"pos":[-775.22998046875,394,143.0720062255859],"rotationMatrix":[1.931190490722656e-05,-1,0,1,1.931190490722656e-05,0,0,0,1],"scale":1,"type":"pole_traffic1"}
{"pos":[-755.3090209960938,388.614990234375,143.3730010986328],"rotationMatrix":[-0.7071824073791504,-0.7070311307907104,0,0.7070311307907104,-0.7071824073791504,0,0,0,1],"scale":1,"type":"pole_traffic1"}
{"pos":[-766.1680297851563,353.9530029296875,143.4329986572266],"rotationMatrix":[0.7070814371109009,0.70713210105896,0,-0.70713210105896,0.7070814371109009,0,0,0,1],"scale":1,"type":"pole_traffic1"}
{"pos":[1008.469970703125,-806.5659790039063,166.6309967041016],"rotationMatrix":[-0.06667625904083252,0.9977746605873108,0,-0.9977746605873108,-0.06667625904083252,0,0,0,1],"scale":1,"type":"pole_traffic1"}
{"pos":[994.0570068359375,-749.1500244140625,166.9579925537109],"rotationMatrix":[-0.3002393245697021,0.9538639187812805,0,-0.9538639187812805,-0.3002393245697021,0,0,0,1],"scale":1,"type":"pole_traffic1"}
{"pos":[973.4760131835938,-743.260986328125,166.6380004882813],"rotationMatrix":[0.4635591506958008,-0.8860659599304199,0,0.8860659599304199,0.4635591506958008,0,0,0,1],"scale":1,"type":"pole_traffic1"}
{"pos":[988.5380249023438,-795.635009765625,166.9830017089844],"rotationMatrix":[0.1879522800445557,-0.9821781516075134,0,0.9821781516075134,0.1879522800445557,0,0,0,1],"scale":1,"type":"pole_traffic1"}
{"pos":[485.2449951171875,-423.843994140625,151.5800018310547],"rotationMatrix":[-0.0008295774459838867,0.9999996423721313,0,-0.9999996423721313,-0.0008295774459838867,0,0,0,1],"scale":1,"type":"pole_traffic1"}
{"pos":[40.59569931030273,-785.4290161132813,133.0700073242188],"rotationMatrix":[0.678558349609375,0.7345464825630188,0,-0.7345464825630188,0.678558349609375,0,0,0,1],"scale":1,"type":"pole_traffic1"}
{"pos":[891.8359985351563,974.4210205078125,126.3519973754883],"rotationMatrix":[-0.6726205348968506,0.7399875521659851,0,-0.7399875521659851,-0.6726205348968506,0,0,0,1],"scale":1,"type":"pole_traffic1"}
{"pos":[937.7379760742188,870.072021484375,131.9859924316406],"rotationMatrix":[0.4462270736694336,-0.894919753074646,0,0.894919753074646,0.4462270736694336,0,0,0,1],"scale":1,"type":"pole_traffic1"}
{"pos":[961.4970092773438,863.3099975585938,133.6820068359375],"rotationMatrix":[-0.3957862854003906,0.918342649936676,0,-0.918342649936676,-0.3957862854003906,0,0,0,1],"scale":1,"type":"pole_traffic1"}
{"pos":[869.1019897460938,971.8770141601563,124.7919998168945],"rotationMatrix":[0.8046875,-0.5936986207962036,0,0.5936986207962036,0.8046875,0,0,0,1],"scale":1,"type":"pole_traffic1"}
