{"pos":[-95.14969635009766,-982.155029296875,137.4239959716797],"rotationMatrix":[0.9535484313964844,-0.3012397587299347,0,0.3012397587299347,0.9535484313964844,0,0,0,1],"scale":1,"type":"pole_boom_med"}
{"pos":[-108.125,-953.323974609375,137.6390075683594],"rotationMatrix":[-0.9298264980316162,0.3679982125759125,0,-0.3679982125759125,-0.9298264980316162,0,0,0,1],"scale":1,"type":"pole_boom_med"}
{"pos":[-356.3779907226563,635.3660278320313,80.23979949951172],"rotationMatrix":[-0.7071824073791504,0.7070311307907104,0,-0.7070311307907104,-0.7071824073791504,0,0,0,1],"scale":1,"type":"pole_boom_med"}
{"pos":[-359.6640014648438,601.989013671875,80.26029968261719],"rotationMatrix":[0.7070814371109009,-0.70713210105896,0,0.70713210105896,0.7070814371109009,0,0,0,1],"scale":1,"type":"pole_boom_med"}
{"pos":[-436.4679870605469,677.8480224609375,80.18070220947266],"rotationMatrix":[0.7070814371109009,-0.70713210105896,0,0.70713210105896,0.7070814371109009,0,0,0,1],"scale":1,"type":"pole_boom_med"}
{"pos":[-438.2550048828125,711.8309936523438,80.16020202636719],"rotationMatrix":[-0.7071824073791504,0.7070311307907104,0,-0.7070311307907104,-0.7071824073791504,0,0,0,1],"scale":1,"type":"pole_boom_med"}
{"pos":[-19.5806999206543,404.5790100097656,106.6279983520508],"rotationMatrix":[0.7472394704818726,0.6645548939704895,0,-0.6645548939704895,0.7472394704818726,0,0,0,1],"scale":0.7809000015258789,"type":"pole_boom_med"}
{"pos":[-283.3380126953125,322.3399963378906,106.8150024414063],"rotationMatrix":[0.8934626579284668,0.4491374790668488,0,-0.4491374790668488,0.8934626579284668,0,0,0,1],"scale":0.8077999949455261,"type":"pole_boom_med"}
{"pos":[-427.89599609375,156.8990020751953,105.3259963989258],"rotationMatrix":[0.3382898569107056,0.9410419464111328,0,-0.9410419464111328,0.3382898569107056,0,0,0,1],"scale":1,"type":"pole_boom_med"}
{"pos":[-464.781005859375,144.1600036621094,105.5189971923828],"rotationMatrix":[-0.3619101047515869,-0.9322130084037781,0,0.9322130084037781,-0.3619101047515869,0,0,0,1],"scale":1,"type":"pole_boom_med"}
{"pos":[-546.77001953125,603.072021484375,95.40350341796875],"rotationMatrix":[-0.7071824073791504,0.7070311307907104,0,-0.7070311307907104,-0.7071824073791504,0,0,0,1],"scale":1,"type":"pole_boom_med"}
{"pos":[64.32659912109375,-767.9609985351563,138.7350006103516],"rotationMatrix":[0.7108958959579468,0.7032972574234009,0,-0.7032972574234009,0.7108958959579468,0,0,0,1],"scale":0.8772000074386597,"type":"pole_boom_med"}
{"pos":[26.71590042114258,-768.4660034179688,137.9049987792969],"rotationMatrix":[-0.7108800411224365,-0.7033132910728455,0,0.7033132910728455,-0.7108800411224365,0,0,0,1],"scale":1,"type":"pole_boom_med"}
{"pos":[44.68170166015625,-750.885986328125,138.2149963378906],"rotationMatrix":[-0.683612585067749,0.7298450469970703,0,-0.7298450469970703,-0.683612585067749,0,0,0,1],"scale":1,"type":"pole_boom_med"}
