{"pos":[-538.655029296875,-557.5280151367188,119.6969985961914],"rotationMatrix":[-0.5141481161117554,-0.8577014207839966,0,0.8577014207839966,-0.5141481161117554,0,0,0,1],"scale":1,"type":"powerpole2"}
{"pos":[-615.177978515625,-535.4299926757813,113.1190032958984],"rotationMatrix":[-0.01987767219543457,-0.9998024106025696,0,0.9998024106025696,-0.01987767219543457,0,0,0,1],"scale":1,"type":"powerpole2"}
{"pos":[-682.9080200195313,-555.9390258789063,107.8509979248047],"rotationMatrix":[0.5045894384384155,-0.8633594512939453,0,0.8633594512939453,0.5045894384384155,0,0,0,1],"scale":1,"type":"powerpole2"}
{"pos":[-779.4819946289063,-636.6160278320313,106.1750030517578],"rotationMatrix":[0.7480919361114502,-0.6635950803756714,0,0.6635950803756714,0.7480919361114502,0,0,0,1],"scale":1,"type":"powerpole2"}
{"pos":[-844.14501953125,-715.6069946289063,111.4670028686523],"rotationMatrix":[0.7480919361114502,-0.6635950803756714,0,0.6635950803756714,0.7480919361114502,0,0,0,1],"scale":1,"type":"powerpole2"}
{"pos":[-78.56050109863281,672.0490112304688,74.72920227050781],"rotationMatrix":[1.931190490722656e-05,-1,0,1,1.931190490722656e-05,0,0,0,1],"scale":1,"type":"powerpole2"}
{"pos":[-446.4660034179688,189.5229949951172,100.8030014038086],"rotationMatrix":[0.8875671625137329,-0.4606783390045166,0,0.4606783390045166,0.8875671625137329,0,0,0,1],"scale":1,"type":"powerpole2"}
{"pos":[-775.2769775390625,862.7969970703125,74.98519897460938],"rotationMatrix":[1,0,0,0,1,0,0,0,1],"scale":1,"type":"powerpole2"}
{"pos":[-775.2769775390625,705.552978515625,99.2030029296875],"rotationMatrix":[1,0,0,0,1,0,0,0,1],"scale":1,"type":"powerpole2"}
{"pos":[-775.4530029296875,568.2680053710938,123.3379974365234],"rotationMatrix":[1,0,0,0,1,0,0,0,1],"scale":1,"type":"powerpole2"}
{"pos":[-576.5889892578125,130.3880004882813,100.9739990234375],"rotationMatrix":[0.7070814371109009,-0.70713210105896,0,0.70713210105896,0.7070814371109009,0,0,0,1],"scale":1,"type":"powerpole2"}
{"pos":[-617.8359985351563,89.14019775390625,101.9990005493164],"rotationMatrix":[0.7070814371109009,-0.70713210105896,0,0.70713210105896,0.7070814371109009,0,0,0,1],"scale":1,"type":"powerpole2"}
{"pos":[-637.5239868164063,196.7339935302734,113.8150024414063],"rotationMatrix":[0.7070814371109009,-0.70713210105896,0,0.70713210105896,0.7070814371109009,0,0,0,1],"scale":1,"type":"powerpole2"}
{"pos":[-696.822998046875,137.6470031738281,117.6839981079102],"rotationMatrix":[0.7070814371109009,-0.70713210105896,0,0.70713210105896,0.7070814371109009,0,0,0,1],"scale":1,"type":"powerpole2"}
{"pos":[-676.6599731445313,5.587600231170654,101.8109970092773],"rotationMatrix":[0.7070814371109009,-0.70713210105896,0,0.70713210105896,0.7070814371109009,0,0,0,1],"scale":1,"type":"powerpole2"}
{"pos":[-690.4550170898438,90.90080261230469,114.9079971313477],"rotationMatrix":[-0.7071824073791504,-0.7070311307907104,0,0.7070311307907104,-0.7071824073791504,0,0,0,1],"scale":1,"type":"powerpole2"}
{"pos":[-773.7839965820313,174.2019958496094,136.5140075683594],"rotationMatrix":[-0.7071824073791504,-0.7070311307907104,0,0.7070311307907104,-0.7071824073791504,0,0,0,1],"scale":1,"type":"powerpole2"}
{"pos":[-765.0399780273438,68.28710174560547,117.9089965820313],"rotationMatrix":[0.7070814371109009,-0.70713210105896,0,0.70713210105896,0.7070814371109009,0,0,0,1],"scale":1,"type":"powerpole2"}
{"pos":[107.6780014038086,656.4340209960938,74.72910308837891],"rotationMatrix":[-0.9992002248764038,0.03998637944459915,0,-0.03998637944459915,-0.9992002248764038,0,0,0,1],"scale":1,"type":"powerpole2"}
{"pos":[18.19109916687012,702.0499877929688,74.72910308837891],"rotationMatrix":[0.4139885902404785,-0.9102820754051208,0,0.9102820754051208,0.4139885902404785,0,0,0,1],"scale":1,"type":"powerpole2"}
{"pos":[24.97649955749512,586.6010131835938,74.72830200195313],"rotationMatrix":[0.3545248508453369,-0.9350466132164001,0,0.9350466132164001,0.3545248508453369,0,0,0,1],"scale":1,"type":"powerpole2"}
