{"pos":[-729.0540161132813,-45.83380126953125,101.5220031738281],"rotationMatrix":[0.7070814371109009,-0.70713210105896,0,0.70713210105896,0.7070814371109009,0,0,0,1],"scale":1,"type":"powerpole3"}
{"pos":[-652.843017578125,-540.9229736328125,110.9820022583008],"rotationMatrix":[0.2933772802352905,-0.9559967517852783,0,0.9559967517852783,0.2933772802352905,0,0,0,1],"scale":1,"type":"powerpole3"}
{"pos":[-822.27197265625,-688.155029296875,109.7779998779297],"rotationMatrix":[0.7480919361114502,-0.6635950803756714,0,0.6635950803756714,0.7480919361114502,0,0,0,1],"scale":1,"type":"powerpole3"}
{"pos":[-62.52119827270508,646.4569702148438,74.71690368652344],"rotationMatrix":[-1,0,0,0,-1,0,0,0,1],"scale":1,"type":"powerpole3"}
{"pos":[-120.8789978027344,378.1659851074219,100.8639984130859],"rotationMatrix":[-0.09460806846618652,0.9955145716667175,0,-0.9955145716667175,-0.09460806846618652,0,0,0,1],"scale":1,"type":"powerpole3"}
{"pos":[-200.2960052490234,369.3580017089844,100.8639984130859],"rotationMatrix":[-0.1938215494155884,0.9810367822647095,0,-0.9810367822647095,-0.1938215494155884,0,0,0,1],"scale":1,"type":"powerpole3"}
{"pos":[-364.4179992675781,292.2260131835938,100.8639984130859],"rotationMatrix":[-0.6405850648880005,0.7678872346878052,0,-0.7678872346878052,-0.6405850648880005,0,0,0,1],"scale":1,"type":"powerpole3"}
{"pos":[-422.1170043945313,228.0769958496094,100.8639984130859],"rotationMatrix":[-0.8004429340362549,0.5994089841842651,0,-0.5994089841842651,-0.8004429340362549,0,0,0,1],"scale":1,"type":"powerpole3"}
{"pos":[-483.8779907226563,150.8029937744141,100.197998046875],"rotationMatrix":[-0.3012070655822754,-0.9535587430000305,0,0.9535587430000305,-0.3012070655822754,0,0,0,1],"scale":1,"type":"powerpole3"}
{"pos":[-775.4199829101563,778.3709716796875,87.6697998046875],"rotationMatrix":[1,0,0,0,1,0,0,0,1],"scale":1,"type":"powerpole3"}
{"pos":[-775.4769897460938,733.8909912109375,93.00659942626953],"rotationMatrix":[1,0,0,0,1,0,0,0,1],"scale":1,"type":"powerpole3"}
{"pos":[-762.2050170898438,514.4400024414063,128.8600006103516],"rotationMatrix":[1,0,0,0,1,0,0,0,1],"scale":1,"type":"powerpole3"}
{"pos":[-775.4769897460938,534.3619995117188,125.2610015869141],"rotationMatrix":[1,0,0,0,1,0,0,0,1],"scale":1,"type":"powerpole3"}
{"pos":[-519.969970703125,156.60400390625,100.1900024414063],"rotationMatrix":[0.1118221282958984,-0.9937282204627991,0,0.9937282204627991,0.1118221282958984,0,0,0,1],"scale":1,"type":"powerpole3"}
{"pos":[-540.093017578125,168.9550018310547,101.0469970703125],"rotationMatrix":[-0.7071824073791504,-0.7070311307907104,0,0.7070311307907104,-0.7071824073791504,0,0,0,1],"scale":1,"type":"powerpole3"}
{"pos":[-563.3939819335938,192.3159942626953,106.5390014648438],"rotationMatrix":[-0.7071824073791504,-0.7070311307907104,0,0.7070311307907104,-0.7071824073791504,0,0,0,1],"scale":1,"type":"powerpole3"}
{"pos":[-616.3489990234375,218.8009948730469,112.234001159668],"rotationMatrix":[0.7070814371109009,-0.70713210105896,0,0.70713210105896,0.7070814371109009,0,0,0,1],"scale":1,"type":"powerpole3"}
{"pos":[-596.1950073242188,110.7429962158203,101.2389984130859],"rotationMatrix":[0.7070814371109009,-0.70713210105896,0,0.70713210105896,0.7070814371109009,0,0,0,1],"scale":1,"type":"powerpole3"}
{"pos":[-730.2410278320313,130.5169982910156,121.1719970703125],"rotationMatrix":[-0.7071824073791504,-0.7070311307907104,0,0.7070311307907104,-0.7071824073791504,0,0,0,1],"scale":1,"type":"powerpole3"}
{"pos":[-677.2249755859375,157.3950042724609,116.6259994506836],"rotationMatrix":[0.7070814371109009,-0.70713210105896,0,0.70713210105896,0.7070814371109009,0,0,0,1],"scale":1,"type":"powerpole3"}
{"pos":[-650.5460205078125,31.66379928588867,102.4059982299805],"rotationMatrix":[0.7070814371109009,-0.70713210105896,0,0.70713210105896,0.7070814371109009,0,0,0,1],"scale":1,"type":"powerpole3"}
{"pos":[-672.781005859375,73.28679656982422,108.5289993286133],"rotationMatrix":[-0.7071824073791504,-0.7070311307907104,0,0.7070311307907104,-0.7071824073791504,0,0,0,1],"scale":1,"type":"powerpole3"}
{"pos":[-733.989013671875,75.16220092773438,118.1330032348633],"rotationMatrix":[0.7070814371109009,-0.70713210105896,0,0.70713210105896,0.7070814371109009,0,0,0,1],"scale":1,"type":"powerpole3"}
{"pos":[-775.4769897460938,494.0920104980469,132.4750061035156],"rotationMatrix":[1,0,0,0,1,0,0,0,1],"scale":1,"type":"powerpole3"}
{"pos":[-775.4769897460938,451.4530029296875,139.6869964599609],"rotationMatrix":[1,0,0,0,1,0,0,0,1],"scale":1,"type":"powerpole3"}
{"pos":[-802.4359741210938,31.00359916687012,117.6529998779297],"rotationMatrix":[0.7070814371109009,-0.70713210105896,0,0.70713210105896,0.7070814371109009,0,0,0,1],"scale":1,"type":"powerpole3"}
{"pos":[1.283400058746338,672.1060180664063,74.65869903564453],"rotationMatrix":[1.931190490722656e-05,-1,0,1,1.931190490722656e-05,0,0,0,1],"scale":1,"type":"powerpole3"}
{"pos":[93.32330322265625,615.9810180664063,74.65869903564453],"rotationMatrix":[0.4185266494750977,-0.9082044959068298,0,0.9082044959068298,0.4185266494750977,0,0,0,1],"scale":1,"type":"powerpole3"}
{"pos":[59.95719909667969,601.6209716796875,74.65869903564453],"rotationMatrix":[0.3322944641113281,-0.9431756734848022,0,0.9431756734848022,0.3322944641113281,0,0,0,1],"scale":1,"type":"powerpole3"}
