{"pos":[-483.3299865722656,-234.0249938964844,99.17960357666016],"rotationMatrix":[0.635683536529541,0.7719497680664063,0,-0.7719497680664063,0.635683536529541,0,0,0,1],"scale":1,"type":"sandbarrel"}
{"pos":[-484.7300109863281,-233.177001953125,99.16249847412109],"rotationMatrix":[0.635683536529541,0.7719497680664063,0,-0.7719497680664063,0.635683536529541,0,0,0,1],"scale":1,"type":"sandbarrel"}
{"pos":[-483.4840087890625,-232.2339935302734,99.20420074462891],"rotationMatrix":[0.635683536529541,0.7719497680664063,0,-0.7719497680664063,0.635683536529541,0,0,0,1],"scale":1,"type":"sandbarrel"}
{"pos":[-484.7929992675781,-231.6210021972656,99.18329620361328],"rotationMatrix":[0.635683536529541,0.7719497680664063,0,-0.7719497680664063,0.635683536529541,0,0,0,1],"scale":1,"type":"sandbarrel"}
{"pos":[-483.64599609375,-230.7940063476563,99.24330139160156],"rotationMatrix":[0.635683536529541,0.7719497680664063,0,-0.7719497680664063,0.635683536529541,0,0,0,1],"scale":1,"type":"sandbarrel"}
{"pos":[-484.9739990234375,-230.2550048828125,99.20320129394531],"rotationMatrix":[0.635683536529541,0.7719497680664063,0,-0.7719497680664063,0.635683536529541,0,0,0,1],"scale":1,"type":"sandbarrel"}
{"pos":[-483.8869934082031,-229.39599609375,99.24469757080078],"rotationMatrix":[0.635683536529541,0.7719497680664063,0,-0.7719497680664063,0.635683536529541,0,0,0,1],"scale":1,"type":"sandbarrel"}
{"pos":[-485.1730041503906,-228.8070068359375,99.21649932861328],"rotationMatrix":[0.635683536529541,0.7719497680664063,0,-0.7719497680664063,0.635683536529541,0,0,0,1],"scale":1,"type":"sandbarrel"}
{"pos":[-484.97900390625,-227.3979949951172,99.15750122070313],"rotationMatrix":[0.635683536529541,0.7719497680664063,0,-0.7719497680664063,0.635683536529541,0,0,0,1],"scale":1,"type":"sandbarrel"}
{"pos":[-485.0069885253906,-225.9980010986328,99.14939880371094],"rotationMatrix":[0.635683536529541,0.7719497680664063,0,-0.7719497680664063,0.635683536529541,0,0,0,1],"scale":1,"type":"sandbarrel"}
{"pos":[-485.1270141601563,-224.6380004882813,99.14099884033203],"rotationMatrix":[0.635683536529541,0.7719497680664063,0,-0.7719497680664063,0.635683536529541,0,0,0,1],"scale":1,"type":"sandbarrel"}
{"pos":[-484.7669982910156,-234.5850067138672,99.12409973144531],"rotationMatrix":[0.635683536529541,0.7719497680664063,0,-0.7719497680664063,0.635683536529541,0,0,0,1],"scale":1,"type":"sandbarrel"}
{"pos":[-344.0230102539063,-437.1910095214844,105.3779983520508],"rotationMatrix":[-0.2851569652557373,-0.9584659934043884,0.005332429427653551,0.9584715366363525,-0.2851252555847168,0.005994762293994427,-0.004225365351885557,0.006820430047810078,0.9999678134918213],"scale":1,"type":"sandbarrel"}
{"pos":[-339.8200073242188,-446.2139892578125,105.4729995727539],"rotationMatrix":[-0.2851569652557373,-0.9584659934043884,0.005332429427653551,0.9584715366363525,-0.2851252555847168,0.005994762293994427,-0.004225365351885557,0.006820430047810078,0.9999678134918213],"scale":1,"type":"sandbarrel"}
{"pos":[-340.4599914550781,-445.0069885253906,105.4710006713867],"rotationMatrix":[-0.2851569652557373,-0.9584659934043884,0.005332429427653551,0.9584715366363525,-0.2851252555847168,0.005994762293994427,-0.004225365351885557,0.006820430047810078,0.9999678134918213],"scale":1,"type":"sandbarrel"}
{"pos":[-341.031005859375,-443.72900390625,105.4680023193359],"rotationMatrix":[-0.2851569652557373,-0.9584659934043884,0.005332429427653551,0.9584715366363525,-0.2851252555847168,0.005994762293994427,-0.004225365351885557,0.006820430047810078,0.9999678134918213],"scale":1,"type":"sandbarrel"}
{"pos":[-341.4010009765625,-442.3550109863281,105.515998840332],"rotationMatrix":[-0.2851569652557373,-0.9584659934043884,0.005332429427653551,0.9584715366363525,-0.2851252555847168,0.005994762293994427,-0.004225365351885557,0.006820430047810078,0.9999678134918213],"scale":1,"type":"sandbarrel"}
{"pos":[-342.8150024414063,-442.31298828125,105.5380020141602],"rotationMatrix":[-0.2851569652557373,-0.9584659934043884,0.005332429427653551,0.9584715366363525,-0.2851252555847168,0.005994762293994427,-0.004225365351885557,0.006820430047810078,0.9999678134918213],"scale":1,"type":"sandbarrel"}
{"pos":[-342.1470031738281,-441.0989990234375,105.4909973144531],"rotationMatrix":[-0.2851569652557373,-0.9584659934043884,0.005332429427653551,0.9584715366363525,-0.2851252555847168,0.005994762293994427,-0.004225365351885557,0.006820430047810078,0.9999678134918213],"scale":1,"type":"sandbarrel"}
{"pos":[-343.5809936523438,-441.1189880371094,105.5250015258789],"rotationMatrix":[-0.2851569652557373,-0.9584659934043884,0.005332429427653551,0.9584715366363525,-0.2851252555847168,0.005994762293994427,-0.004225365351885557,0.006820430047810078,0.9999678134918213],"scale":1,"type":"sandbarrel"}
{"pos":[-342.8460083007813,-439.9110107421875,105.4599990844727],"rotationMatrix":[-0.2851569652557373,-0.9584659934043884,0.005332429427653551,0.9584715366363525,-0.2851252555847168,0.005994762293994427,-0.004225365351885557,0.006820430047810078,0.9999678134918213],"scale":1,"type":"sandbarrel"}
{"pos":[-344.2900085449219,-439.8559875488281,105.4749984741211],"rotationMatrix":[-0.2851569652557373,-0.9584659934043884,0.005332429427653551,0.9584715366363525,-0.2851252555847168,0.005994762293994427,-0.004225365351885557,0.006820430047810078,0.9999678134918213],"scale":1,"type":"sandbarrel"}
{"pos":[-343.5090026855469,-438.5029907226563,105.427001953125],"rotationMatrix":[-0.2851569652557373,-0.9584659934043884,0.005332429427653551,0.9584715366363525,-0.2851252555847168,0.005994762293994427,-0.004225365351885557,0.006820430047810078,0.9999678134918213],"scale":1,"type":"sandbarrel"}
{"pos":[-345.1289978027344,-438.2659912109375,105.4359970092773],"rotationMatrix":[-0.2851569652557373,-0.9584659934043884,0.005332429427653551,0.9584715366363525,-0.2851252555847168,0.005994762293994427,-0.004225365351885557,0.006820430047810078,0.9999678134918213],"scale":1,"type":"sandbarrel"}
{"pos":[-226.0500030517578,189.2579956054688,112.8539962768555],"rotationMatrix":[0.9979774951934814,-0.06356822699308395,0,0.06356822699308395,0.9979774951934814,0,0,0,1],"scale":1,"type":"sandbarrel"}
{"pos":[-218.1920013427734,195.3589935302734,113.0070037841797],"rotationMatrix":[0.9979774951934814,-0.06356822699308395,0,0.06356822699308395,0.9979774951934814,0,0,0,1],"scale":1,"type":"sandbarrel"}
{"pos":[-219.2330017089844,194.4559936523438,112.9869995117188],"rotationMatrix":[0.9979774951934814,-0.06356822699308395,0,0.06356822699308395,0.9979774951934814,0,0,0,1],"scale":1,"type":"sandbarrel"}
{"pos":[-220.2989959716797,193.5959930419922,112.9680023193359],"rotationMatrix":[0.9979774951934814,-0.06356822699308395,0,0.06356822699308395,0.9979774951934814,0,0,0,1],"scale":1,"type":"sandbarrel"}
{"pos":[-221.4109954833984,192.8780059814453,112.9520034790039],"rotationMatrix":[0.9979774951934814,-0.06356822699308395,0,0.06356822699308395,0.9979774951934814,0,0,0,1],"scale":1,"type":"sandbarrel"}
{"pos":[-221.3280029296875,191.5809936523438,112.9739990234375],"rotationMatrix":[0.9979774951934814,-0.06356822699308395,0,0.06356822699308395,0.9979774951934814,0,0,0,1],"scale":1,"type":"sandbarrel"}
{"pos":[-222.6600036621094,191.9600067138672,112.9329986572266],"rotationMatrix":[0.9979774951934814,-0.06356822699308395,0,0.06356822699308395,0.9979774951934814,0,0,0,1],"scale":1,"type":"sandbarrel"}
{"pos":[-222.3200073242188,190.5679931640625,112.9729995727539],"rotationMatrix":[0.9979774951934814,-0.06356822699308395,0,0.06356822699308395,0.9979774951934814,0,0,0,1],"scale":1,"type":"sandbarrel"}
{"pos":[-223.6620025634766,191.0130004882813,112.9130020141602],"rotationMatrix":[0.9979774951934814,-0.06356822699308395,0,0.06356822699308395,0.9979774951934814,0,0,0,1],"scale":1,"type":"sandbarrel"}
{"pos":[-223.3930053710938,189.593994140625,112.9339981079102],"rotationMatrix":[0.9979774951934814,-0.06356822699308395,0,0.06356822699308395,0.9979774951934814,0,0,0,1],"scale":1,