{"pos":[-76.46379852294922,-454.9339904785156,130.4429931640625],"rotationMatrix":[0.9374127388000488,0.3482202589511871,0,-0.3482202589511871,0.9374127388000488,0,0,0,1],"scale":0.3666000068187714,"type":"sign_truss1"}
{"pos":[-80.55650329589844,-456.4549865722656,130.4429931640625],"rotationMatrix":[0.9374127388000488,0.3482202589511871,0,-0.3482202589511871,0.9374127388000488,0,0,0,1],"scale":0.3666000068187714,"type":"sign_truss1"}
{"pos":[-355.635986328125,-370.8280029296875,109.9300003051758],"rotationMatrix":[-0.9333645105361938,-0.3589299321174622,0,0.3589299321174622,-0.9333645105361938,0,0,0,1],"scale":1,"type":"sign_truss1"}
{"pos":[-366.9150085449219,-375.1679992675781,109.9300003051758],"rotationMatrix":[-0.9333645105361938,-0.3589299321174622,0,0.3589299321174622,-0.9333645105361938,0,0,0,1],"scale":1,"type":"sign_truss1"}
{"pos":[-42.82799911499023,-559.7349853515625,135.7180023193359],"rotationMatrix":[0.9374127388000488,0.3482202589511871,0,-0.3482202589511871,0.9374127388000488,0,0,0,1],"scale":0.3666000068187714,"type":"sign_truss1"}
{"pos":[-38.73529815673828,-558.2150268554688,135.7180023193359],"rotationMatrix":[0.9374127388000488,0.3482202589511871,0,-0.3482202589511871,0.9374127388000488,0,0,0,1],"scale":0.3666000068187714,"type":"sign_truss1"}
{"pos":[-279.2690124511719,-533.0659790039063,116.6279983520508],"rotationMatrix":[-0.8305498361587524,-0.5569443106651306,0,0.5569443106651306,-0.8305498361587524,0,0,0,1],"scale":1,"type":"sign_truss1"}
{"pos":[-289.3049926757813,-539.7990112304688,116.6279983520508],"rotationMatrix":[-0.8305498361587524,-0.5569443106651306,0,0.5569443106651306,-0.8305498361587524,0,0,0,1],"scale":1,"type":"sign_truss1"}
{"pos":[-115.4779968261719,473.75,103.2630004882813],"rotationMatrix":[0.4441204071044922,0.8959671258926392,0,-0.8959671258926392,0.4441204071044922,0,0,0,1],"scale":1,"type":"sign_truss1"}
{"pos":[-119.9219970703125,464.7829895019531,103.2630004882813],"rotationMatrix":[0.4441204071044922,0.8959671258926392,0,-0.8959671258926392,0.4441204071044922,0,0,0,1],"scale":1,"type":"sign_truss1"}
{"pos":[159.4589996337891,-213.1390075683594,135.927001953125],"rotationMatrix":[-0.3605901002883911,-0.9327243566513062,0,0.9327243566513062,-0.3605901002883911,0,0,0,1],"scale":0.3666000068187714,"type":"sign_truss1"}
{"pos":[131.1549987792969,-202.9839935302734,133.2400054931641],"rotationMatrix":[-0.3411943912506104,-0.9399927854537964,0,0.9399927854537964,-0.3411943912506104,0,0,0,1],"scale":0.3666000068187714,"type":"sign_truss1"}
{"pos":[102.8830032348633,-192.7389984130859,130.7440032958984],"rotationMatrix":[-0.3034664392471313,-0.952842116355896,0,0.952842116355896,-0.3034664392471313,0,0,0,1],"scale":0.3666000068187714,"type":"sign_truss1"}
{"pos":[374.0849914550781,-983.9569702148438,145.3619995117188],"rotationMatrix":[0.05633664131164551,-0.9984118342399597,0,0.9984118342399597,0.05633664131164551,0,0,0,1],"scale":1,"type":"sign_truss1"}
{"pos":[374.3710021972656,-991.5230102539063,145.3619995117188],"rotationMatrix":[0.05633664131164551,-0.9984118342399597,0,0.9984118342399597,0.05633664131164551,0,0,0,1],"scale":1,"type":"sign_truss1"}
{"pos":[373.5140075683594,-976.3189697265625,145.3619995117188],"rotationMatrix":[0.05633664131164551,-0.9984118342399597,0,0.9984118342399597,0.05633664131164551,0,0,0,1],"scale":1,"type":"sign_truss1"}
{"pos":[115.9209976196289,-603.5540161132813,144.14599609375],"rotationMatrix":[0.5791885852813721,-0.8151935935020447,0,0.8151935935020447,0.5791885852813721,0,0,0,1],"scale":0.3666000068187714,"type":"sign_truss1"}
{"pos":[118.4499969482422,-607.1129760742188,144.14599609375],"rotationMatrix":[0.5791885852813721,-0.8151935935020447,0,0.8151935935020447,0.5791885852813721,0,0,0,1],"scale":0.3666000068187714,"type":"sign_truss1"}
{"pos":[48.71730041503906,-655.552978515625,137.8040008544922],"rotationMatrix":[0.5532984733581543,-0.8329830765724182,0,0.8329830765724182,0.5532984733581543,0,0,0,1],"scale":0.3666000068187714,"type":"sign_truss1"}
{"pos":[46.30179977416992,-651.916015625,137.8040008544922],"rotationMatrix":[0.5532984733581543,-0.8329830765724182,0,0.8329830765724182,0.5532984733581543,0,0,0,1],"scale":0.3666000068187714,"type":"sign_truss1"}
{"pos":[956.5189819335938,397.385009765625,156.8760070800781],"rotationMatrix":[0.9455499649047852,0.3254769742488861,0,-0.3254769742488861,0.9455499649047852,0,0,0,1],"scale":1,"type":"sign_truss1"}
{"pos":[945.0830078125,393.4469909667969,156.8760070800781],"rotationMatrix":[0.9455499649047852,0.3254769742488861,0,-0.3254769742488861,0.9455499649047852,0,0,0,1],"scale":1,"type":"sign_truss1"}
{"pos":[297.9570007324219,575.8829956054688,124.9219970703125],"rotationMatrix":[0.5922955274581909,-0.8057208061218262,0,0.8057208061218262,0.5922955274581909,0,0,0,1],"scale":1,"type":"sign_truss1"}
{"pos":[305.114990234375,566.14599609375,124.9219970703125],"rotationMatrix":[0.5922955274581909,-0.8057208061218262,0,0.8057208061218262,0.5922955274581909,0,0,0,1],"scale":1,"type":"sign_truss1"}
{"pos":[178.0160064697266,758.4600219726563,108.6419982910156],"rotationMatrix":[0.9999020099639893,0.01399894524365664,0,-0.01399894524365664,0.9999020099639893,0,0,0,1],"scale":1,"type":"sign_truss1"}
{"pos":[190.1100006103516,758.6300048828125,108.6419982910156],"rotationMatrix":[0.9999020099639893,0.01399894524365664,0,-0.01399894524365664,0.9999020099639893,0,0,0,1],"scale":1,"type":"sign_truss1"}
{"pos":[135.5500030517578,78.76869964599609,124.8379974365234],"rotationMatrix":[-0.5831321477890015,0.8123773336410522,0,-0.8123773336410522,-0.5831321477890015,0,0,0,1],"scale":1,"type":"sign_truss1"}
{"pos":[131.0570068359375,85.0823974609375,124.8379974365234],"rotationMatrix":[-0.5831321477890015,0.8123773336410522,0,-0.8123773336410522,-0.5831321477890015,0,0,0,1],"scale":1,"type":"sign_truss1"}
