{"pos":[-464.8909912109375,88.78890228271484,99.74620056152344],"rotationMatrix":[0.9752246141433716,-0.2212169766426086,0,0.2212169766426086,0.9752246141433716,0,0,0,1],"scale":1,"type":"sign_truss3"}
{"pos":[116.2289962768555,-702.1019897460938,135.2769927978516],"rotationMatrix":[0.6267520189285278,-0.7792187929153442,0,0.7792187929153442,0.6267520189285278,0,0,0,1],"scale":1,"type":"sign_truss3"}
{"pos":[922.14599609375,916.2349853515625,129.6000061035156],"rotationMatrix":[0.8220342397689819,0.5694380402565002,0,-0.5694380402565002,0.8220342397689819,0,0,0,1],"scale":1,"type":"sign_truss3"}
