{"pos":[-144.2599945068359,-761.6370239257813,117.8600006103516],"rotationMatrix":[-0.7600631713867188,-0.6498491764068604,0,0.6498491764068604,-0.7600631713867188,0,0,0,1],"scale":1,"type":"sign_truss4"}
{"pos":[18.68709945678711,336.8519897460938,117.2620010375977],"rotationMatrix":[0.6404479742050171,-0.7680015563964844,0,0.7680015563964844,0.6404479742050171,0,0,0,1],"scale":1,"type":"sign_truss4"}
