{"pos":[-229.4570007324219,34.51110076904297,122.3880004882813],"rotationMatrix":[0.7070814371109009,-0.70713210105896,0,0.70713210105896,0.7070814371109009,0,0,0,1],"scale":1,"type":"substation_truss"}
{"pos":[-221.3249969482422,26.2504997253418,122.3880004882813],"rotationMatrix":[0.7070814371109009,-0.70713210105896,0,0.70713210105896,0.7070814371109009,0,0,0,1],"scale":1,"type":"substation_truss"}
{"pos":[130.1430053710938,679.5830078125,80.57740020751953],"rotationMatrix":[0.9083223342895508,0.4182708859443665,0,-0.4182708859443665,0.9083223342895508,0,0,0,1],"scale":1,"type":"substation_truss"}
{"pos":[120.5930023193359,675.260009765625,80.57740020751953],"rotationMatrix":[0.8943839073181152,0.4473001658916473,0,-0.4473001658916473,0.8943839073181152,0,0,0,1],"scale":1,"type":"substation_truss"}
