{"pos":[-234.77099609375,12.85400009155273,122.3880004882813],"rotationMatrix":[0.7070814371109009,-0.70713210105896,0,0.70713210105896,0.7070814371109009,0,0,0,1],"scale":1,"type":"substation_support"}
{"pos":[-243.0299987792969,20.99160003662109,122.3880004882813],"rotationMatrix":[0.7070814371109009,-0.70713210105896,0,0.70713210105896,0.7070814371109009,0,0,0,1],"scale":1,"type":"substation_support"}
{"pos":[-239.4049987792969,24.54220008850098,122.3880004882813],"rotationMatrix":[0.7070814371109009,-0.70713210105896,0,0.70713210105896,0.7070814371109009,0,0,0,1],"scale":1,"type":"substation_support"}
{"pos":[-230.5500030517578,17.08359909057617,122.3880004882813],"rotationMatrix":[0.7070814371109009,-0.70713210105896,0,0.70713210105896,0.7070814371109009,0,0,0,1],"scale":1,"type":"substation_support"}
{"pos":[-227.1929931640625,20.39119911193848,122.3880004882813],"rotationMatrix":[0.7070814371109009,-0.70713210105896,0,0.70713210105896,0.7070814371109009,0,0,0,1],"scale":1,"type":"substation_support"}
{"pos":[-235.3679962158203,28.64800071716309,122.3880004882813],"rotationMatrix":[0.7070814371109009,-0.70713210105896,0,0.70713210105896,0.7070814371109009,0,0,0,1],"scale":1,"type":"substation_support"}
{"pos":[-232.2010040283203,31.7549991607666,122.3880004882813],"rotationMatrix":[0.7070814371109009,-0.70713210105896,0,0.70713210105896,0.7070814371109009,0,0,0,1],"scale":1,"type":"substation_support"}
{"pos":[-224.0980072021484,23.49259948730469,122.3880004882813],"rotationMatrix":[0.7070814371109009,-0.70713210105896,0,0.70713210105896,0.7070814371109009,0,0,0,1],"scale":1,"type":"substation_support"}
{"pos":[-227.2089996337891,37.0458984375,122.3880004882813],"rotationMatrix":[0.7070814371109009,-0.70713210105896,0,0.70713210105896,0.7070814371109009,0,0,0,1],"scale":1,"type":"substation_support"}
{"pos":[-219.2910003662109,29.22360038757324,122.3880004882813],"rotationMatrix":[0.7070814371109009,-0.70713210105896,0,0.70713210105896,0.7070814371109009,0,0,0,1],"scale":1,"type":"substation_support"}
{"pos":[-246.5160064697266,17.46590042114258,122.3830032348633],"rotationMatrix":[0.7070814371109009,-0.70713210105896,0,0.70713210105896,0.7070814371109009,0,0,0,1],"scale":1,"type":"substation_support"}
{"pos":[-238.2510070800781,9.371600151062012,122.3830032348633],"rotationMatrix":[0.7070814371109009,-0.70713210105896,0,0.70713210105896,0.7070814371109009,0,0,0,1],"scale":1,"type":"substation_support"}
