{"pos":[-102.5100021362305,-955.4219970703125,138.1089935302734],"rotationMatrix":[0.3538427352905273,0.9353049397468567,0,-0.9353049397468567,0.3538427352905273,0,0,0,1],"scale":1,"type":"trafficlight_overhead2"}
{"pos":[-350.2160034179688,635.3800048828125,78.33010101318359],"rotationMatrix":[0.7070814371109009,0.70713210105896,0,-0.70713210105896,0.7070814371109009,0,0,0,1],"scale":1,"type":"trafficlight_overhead2"}
{"pos":[-341.9930114746094,627.7739868164063,81.22149658203125],"rotationMatrix":[-0.7071824073791504,-0.7070311307907104,0,0.7070311307907104,-0.7071824073791504,0,0,0,1],"scale":1,"type":"trafficlight_overhead2"}
{"pos":[-370.4230041503906,607.177978515625,81.18150329589844],"rotationMatrix":[0.7070814371109009,0.70713210105896,0,-0.70713210105896,0.7070814371109009,0,0,0,1],"scale":1,"type":"trafficlight_overhead2"}
{"pos":[-449.5690002441406,685.9329833984375,81.38860321044922],"rotationMatrix":[0.7070814371109009,0.70713210105896,0,-0.70713210105896,0.7070814371109009,0,0,0,1],"scale":1,"type":"trafficlight_overhead2"}
{"pos":[-441.8190002441406,678.3400268554688,78.44329833984375],"rotationMatrix":[-0.7071824073791504,-0.7070311307907104,0,0.7070311307907104,-0.7071824073791504,0,0,0,1],"scale":1,"type":"trafficlight_overhead2"}
{"pos":[-424.35400390625,703.9630126953125,81.08270263671875],"rotationMatrix":[-0.7071824073791504,-0.7070311307907104,0,0.7070311307907104,-0.7071824073791504,0,0,0,1],"scale":1,"type":"trafficlight_overhead2"}
{"pos":[-463.8630065917969,526.1179809570313,99.79550170898438],"rotationMatrix":[0.7070814371109009,0.70713210105896,0,-0.70713210105896,0.7070814371109009,0,0,0,1],"scale":1,"type":"trafficlight_overhead2"}
{"pos":[-475.5669860839844,502.0650024414063,103.0970001220703],"rotationMatrix":[0.7070814371109009,0.70713210105896,0,-0.70713210105896,0.7070814371109009,0,0,0,1],"scale":1,"type":"trafficlight_overhead2"}
{"pos":[-27.44400024414063,397.9700012207031,107.197998046875],"rotationMatrix":[-0.7071824073791504,0.7070311307907104,0,-0.7070311307907104,-0.7071824073791504,0,0,0,1],"scale":1,"type":"trafficlight_overhead2"}
{"pos":[-470.739990234375,497.0060119628906,99.9927978515625],"rotationMatrix":[-0.7071824073791504,-0.7070311307907104,0,0.7070311307907104,-0.7071824073791504,0,0,0,1],"scale":1,"type":"trafficlight_overhead2"}
{"pos":[-385.6099853515625,447.9320068359375,99.32640075683594],"rotationMatrix":[0.7070814371109009,0.70713210105896,0,-0.70713210105896,0.7070814371109009,0,0,0,1],"scale":1,"type":"trafficlight_overhead2"}
{"pos":[-391.7999877929688,417.8949890136719,99.5093994140625],"rotationMatrix":[-0.7071824073791504,-0.7070311307907104,0,0.7070311307907104,-0.7071824073791504,0,0,0,1],"scale":1,"type":"trafficlight_overhead2"}
{"pos":[-399.1579895019531,425.8869934082031,102.5110015869141],"rotationMatrix":[0.7070814371109009,0.70713210105896,0,-0.70713210105896,0.7070814371109009,0,0,0,1],"scale":1,"type":"trafficlight_overhead2"}
{"pos":[-493.593994140625,339.7219848632813,100.3610000610352],"rotationMatrix":[0.7070814371109009,0.70713210105896,0,-0.70713210105896,0.7070814371109009,0,0,0,1],"scale":1,"type":"trafficlight_overhead2"}
{"pos":[-496.8259887695313,312.9840087890625,100.431999206543],"rotationMatrix":[-0.7071824073791504,-0.7070311307907104,0,0.7070311307907104,-0.7071824073791504,0,0,0,1],"scale":1,"type":"trafficlight_overhead2"}
{"pos":[-486.1340026855469,332.0679931640625,103.3539962768555],"rotationMatrix":[-0.7071824073791504,-0.7070311307907104,0,0.7070311307907104,-0.7071824073791504,0,0,0,1],"scale":1,"type":"trafficlight_overhead2"}
{"pos":[-433.7799987792969,141.7819976806641,106.2050018310547],"rotationMatrix":[-0.9582204818725586,0.2860306203365326,0,-0.2860306203365326,-0.9582204818725586,0,0,0,1],"scale":1,"type":"trafficlight_overhead2"}
{"pos":[-460.614990234375,153.6779937744141,106.7040023803711],"rotationMatrix":[0.937483549118042,-0.3480295836925507,0,0.3480295836925507,0.937483549118042,0,0,0,1],"scale":1,"type":"trafficlight_overhead2"}
{"pos":[-547.6530151367188,572.427001953125,93.59590148925781],"rotationMatrix":[-0.7071824073791504,-0.7070311307907104,0,0.7070311307907104,-0.7071824073791504,0,0,0,1],"scale":1,"type":"trafficlight_overhead2"}
{"pos":[-554.5020141601563,581.052978515625,96.43379974365234],"rotationMatrix":[0.7070814371109009,0.70713210105896,0,-0.70713210105896,0.7070814371109009,0,0,0,1],"scale":1,"type":"trafficlight_overhead2"}
{"pos":[-773.166015625,656.614990234375,112.5199966430664],"rotationMatrix":[1.931190490722656e-05,1,0,-1,1.931190490722656e-05,0,0,0,1],"scale":1,"type":"trafficlight_overhead2"}
{"pos":[-772.3820190429688,548.572021484375,130.1369934082031],"rotationMatrix":[1.931190490722656e-05,1,0,-1,1.931190490722656e-05,0,0,0,1],"scale":1,"type":"trafficlight_overhead2"}
{"pos":[-580.64599609375,402.9150085449219,115.3109970092773],"rotationMatrix":[0.7070814371109009,0.70713210105896,0,-0.70713210105896,0.7070814371109009,0,0,0,1],"scale":1,"type":"trafficlight_overhead2"}
{"pos":[-504.3200073242188,320.7550048828125,103.3779983520508],"rotationMatrix":[0.7070814371109009,0.70713210105896,0,-0.70713210105896,0.7070814371109009,0,0,0,1],"scale":1,"type":"trafficlight_overhead2"}
{"pos":[-747.0919799804688,381.3919982910156,149.5420074462891],"rotationMatrix":[-0.7071824073791504,-0.7070311307907104,0,0.7070311307907104,-0.7071824073791504,0,0,0,1],"scale":1,"type":"trafficlight_overhead2"}
{"pos":[-659.5189819335938,481.7799987792969,123.3889999389648],"rotationMatrix":[0.7070814371109009,0.70713210105896,0,-0.70713210105896,0.7070814371109009,0,0,0,1],"scale":1,"type":"trafficlight_overhead2"}
{"pos":[-686.31298828125,297.1570129394531,135.7649993896484],"rotationMatrix":[0.7070814371109009,0.70713210105896,0,-0.70713210105896,0.7070814371109009,0,0,0,1],"scale":1,"type":"trafficlight_overhead2"}
{"pos":[-602.5380249023438,207.2799987792969,115.7699966430664],"rotationMatrix":[-0.7071824073791504,-0.7070311307907104,0,0.7070311307907104,-0.7071824073791504,0,0,0,1],"scale":1,"type":"trafficlight_overhead2"}
{"pos":[-599.27001953125,234.0189971923828,115.7910003662109],"rotationMatrix":[0.7070814371109009,0.70713210105896,0,-0.70713210105896,0.7070814371109009,0,0,0,1],"scale":1,"type":"trafficlight_overhead2"}
{"pos":[-610.0029907226563,214.9969940185547,118.7419967651367],"rotationMatrix":[0.7070814371109009,0.70713210105896,0,-0.70713210105896,0.7070814371109009,0,0,0,1],"scale":1,"type":"trafficlight_overhead2"}
{"pos":[-591.7760009765625,226.2879943847656,118.7649993896484],"rotationMatrix":[-0.7071824073791504,-0.7070311307907104,0,0.7070311307907104,-0.7071824073791504,0,0,0,1],"scale":1,"type":"trafficlight_overhead2"}
{"pos":[-715.260009765625,109.8949966430664,124.859001159668],"rotationMatrix":[0.7070814371109009,0.70713210105896,0,-0.70713210105896,0.7070814371109009,0,0,0,1],"scale":1,"type":"trafficlight_overhead2"}
{"pos":[-755.2329711914063,388.6929931640625,146.6300048828125],"rotationMatrix":[0.7070814371109009,0.70713210105896,0,-0.70713210105896,0.7070814371109009,0,0,0,1],"scale":1,"type":"trafficlight_overhead2"}
{"pos":[-766.2440185546875,353.875,146.6900024414063],"rotationMatrix":[-0.7071824073791504,-0.7070311307907104,0,0.7070311307907104,-0.7071824073791504,0,0,0,1],"scale":1,"type":"trafficlight_overhead2"}
{"pos":[-774.0999755859375,361.4119873046875,149.7140045166016],"rotationMatrix":[0.7070814371109009,0.70713210105896,0,-0.70713210105896,0.7070814371109009,0,0,0,1],"scale":1,"type":"trafficlight_overhead2"}
{"pos":[1008.47998046875,-806.6740112304688,169.8880004882813],"rotationMatrix":[0.06674885749816895,-0.997769832611084,0,0.997769832611084,0.06674885749816895,0,0,0,1],"scale":1,"type":"trafficlight_overhead2"}
{"pos":[1001.299987792969,-794.9190063476563,173.0910034179688],"rotationMatrix":[0.246253490447998,-0.9692054390907288,0,0.9692054390907288,0.246253490447998,0,0,0,1],"scale":1,