{"pos":[-394.2170104980469,504.7969970703125,98.95240020751953],"rotationMatrix":[0.7070814371109009,-0.70713210105896,0,0.70713210105896,0.7070814371109009,0,0,0,1],"scale":1,"type":"train_support1"}
{"pos":[-420.8210144042969,531.1480102539063,98.96959686279297],"rotationMatrix":[0.7070814371109009,-0.70713210105896,0,0.70713210105896,0.7070814371109009,0,0,0,1],"scale":1,"type":"train_support1"}
{"pos":[-473.718994140625,583.4609985351563,98.81439971923828],"rotationMatrix":[0.7155911922454834,-0.6985193490982056,0,0.6985193490982056,0.7155911922454834,0,0,0,1],"scale":1,"type":"train_support1"}
{"pos":[-447.2420043945313,557.3079833984375,98.83799743652344],"rotationMatrix":[0.6940815448760986,-0.7198963761329651,0,0.7198963761329651,0.6940815448760986,0,0,0,1],"scale":1,"type":"train_support1"}
{"pos":[-15.70680046081543,391.4679870605469,109.8929977416992],"rotationMatrix":[0.7835263013839722,0.6185283064842224,0.05923931673169136,-0.6196146607398987,0.7849061489105225,-3.823286169790663e-05,-0.04652095213532448,-0.0366755947470665,0.9982438087463379],"scale":1,"type":"train_support1"}
{"pos":[-45.03409957885742,368.3609924316406,109.8929977416992],"rotationMatrix":[0.7835263013839722,0.6185283064842224,0.05923931673169136,-0.6196146607398987,0.7849061489105225,-3.823286169790663e-05,-0.04652095213532448,-0.0366755947470665,0.9982438087463379],"scale":1,"type":"train_support1"}
{"pos":[-74.36129760742188,345.2529907226563,109.8929977416992],"rotationMatrix":[0.7835263013839722,0.6185283064842224,0.05923931673169136,-0.6196146607398987,0.7849061489105225,-3.823286169790663e-05,-0.04652095213532448,-0.0366755947470665,0.9982438087463379],"scale":1,"type":"train_support1"}
{"pos":[-103.6110000610352,322.0719909667969,109.9120025634766],"rotationMatrix":[0.8116247653961182,0.5841791033744812,0,-0.5841791033744812,0.8116247653961182,0,0,0,1],"scale":1,"type":"train_support1"}
{"pos":[-134.1649932861328,300.8410034179688,109.5390014648438],"rotationMatrix":[0.8802437782287598,0.4745217561721802,0,-0.4745217561721802,0.8802437782287598,0,0,0,1],"scale":1,"type":"train_support1"}
{"pos":[-168.3489990234375,286.1279907226563,108.0979995727539],"rotationMatrix":[0.9715826511383057,0.2367005497217178,0,-0.2367005497217178,0.9715826511383057,0,0,0,1],"scale":1,"type":"train_support1"}
{"pos":[-238.6410064697266,299.9639892578125,104.4629974365234],"rotationMatrix":[0.7303283214569092,-0.6830962896347046,0,0.6830962896347046,0.7303283214569092,0,0,0,1],"scale":1,"type":"train_support1"}
{"pos":[-290.4660034179688,398.0050048828125,100.9599990844727],"rotationMatrix":[0.5332287549972534,-0.8459711074829102,0,0.8459711074829102,0.5332287549972534,0,0,0,1],"scale":1,"type":"train_support1"}
{"pos":[-314.6809997558594,426.0280151367188,98.83760070800781],"rotationMatrix":[0.7070814371109009,-0.70713210105896,0,0.70713210105896,0.7070814371109009,0,0,0,1],"scale":1,"type":"train_support1"}
{"pos":[-341.1489868164063,452.2359924316406,98.87979888916016],"rotationMatrix":[0.7070814371109009,-0.70713210105896,0,0.70713210105896,0.7070814371109009,0,0,0,1],"scale":1,"type":"train_support1"}
{"pos":[-367.6539916992188,478.4880065917969,98.82350158691406],"rotationMatrix":[0.7070814371109009,-0.70713210105896,0,0.70713210105896,0.7070814371109009,0,0,0,1],"scale":1,"type":"train_support1"}
{"pos":[-263.6109924316406,332.1010131835938,104.0759963989258],"rotationMatrix":[0.4249792098999023,-0.905203104019165,0,0.905203104019165,0.4249792098999023,0,0,0,1],"scale":1,"type":"train_support1"}
{"pos":[-275.9320068359375,364.0559997558594,104.1559982299805],"rotationMatrix":[0.2850313186645508,-0.9585182070732117,0,0.9585182070732117,0.2850313186645508,0,0,0,1],"scale":1,"type":"train_support1"}
{"pos":[-527.2550048828125,635.8709716796875,98.80380249023438],"rotationMatrix":[0.732380747795105,-0.6808953285217285,0,0.6808953285217285,0.732380747795105,0,0,0,1],"scale":1,"type":"train_support1"}
{"pos":[-556.3839721679688,658.9710083007813,98.03749847412109],"rotationMatrix":[0.8933703899383545,-0.4493209719657898,0,0.4493209719657898,0.8933703899383545,0,0,0,1],"scale":1,"type":"train_support1"}
{"pos":[-591.7009887695313,670.697021484375,95.76309967041016],"rotationMatrix":[0.9885995388031006,-0.1505687683820724,0,0.1505687683820724,0.9885995388031006,0,0,0,1],"scale":1,"type":"train_support1"}
{"pos":[-500.4039916992188,609.655029296875,98.81960296630859],"rotationMatrix":[0.7127180099487305,-0.7014506459236145,0,0.7014506459236145,0.7127180099487305,0,0,0,1],"scale":1,"type":"train_support1"}
{"pos":[-628.7769775390625,674.6890258789063,93.56829833984375],"rotationMatrix":[0.9970967769622803,-0.07614471018314362,0,0.07614471018314362,0.9970967769622803,0,0,0,1],"scale":1,"type":"train_support1"}
{"pos":[263.5,704.7239990234375,111.0260009765625],"rotationMatrix":[-0.3748157024383545,0.9270929098129272,-0.003451189259067178,-0.9270985722541809,-0.3748176097869873,0.0001009255211101845,-0.001199999125674367,0.003237421158701181,0.9999940395355225],"scale":1,"type":"train_support1"}
{"pos":[272.7569885253906,668.9110107421875,113.1510009765625],"rotationMatrix":[0.04889118671417236,0.9987800121307373,0.00693972222507,-0.9988040328025818,0.04889225959777832,1.506825174146798e-05,-0.0003242488310206681,-0.006932159420102835,0.9999759197235107],"scale":1,"type":"train_support1"}
{"pos":[267.8389892578125,636.3839721679688,114.4359970092773],"rotationMatrix":[0.284996509552002,0.9580850601196289,0.02915507555007935,-0.9584921598434448,0.2851188182830811,-3.954473140765913e-05,-0.008350547403097153,-0.0279336404055357,0.9995748996734619],"scale":1,"type":"train_support1"}
{"pos":[196.5480041503906,779.8989868164063,105.3359985351563],"rotationMatrix":[-0.6222703456878662,0.7820643186569214,0.03398589417338371,-0.7825172543525696,-0.622628927230835,-4.146646824665368e-05,0.02112817205488682,-0.02662035077810287,0.9994223117828369],"scale":1,"type":"train_support1"}
{"pos":[219.781005859375,756.3140258789063,106.8470001220703],"rotationMatrix":[-0.7499463558197021,0.6614983081817627,-0.0006459254655055702,-0.6614983081817627,-0.7499465942382813,-0.0002441667020320892,-0.0006459254655055702,0.0002441667020320892,0.9999997615814209],"scale":1,"type":"train_support1"}
{"pos":[244.0910034179688,733.4349975585938,108.8619995117188],"rotationMatrix":[-0.6128103733062744,0.7902145981788635,-0.004931171424686909,-0.7902243733406067,-0.612817645072937,4.578489460982382e-05,-0.002985728904604912,0.003924789372831583,0.9999878406524658],"scale":1,"type":"train_support1"}
{"pos":[246.7640075683594,600.905029296875,115.4540023803711],"rotationMatrix":[0.7065794467926025,0.7057924270629883,0.05101504549384117,-0.7067080736160278,0.7075052261352539,-0.0001256944233318791,-0.03618212416768074,-0.03596393391489983,0.9986978769302368],"scale":1,"type":"train_support1"}
{"pos":[218.9340057373047,576.343017578125,115.5749969482422],"rotationMatrix":[0.7821049690246582,0.6175209879875183,0.08354424685239792,-0.6196856498718262,0.7848501205444336,-2.645699714776129e-05,-0.06558605283498764,-0.05175047740340233,0.9965040683746338],"scale":1,"type":"train_support1"}
{"pos":[189.7689971923828,553.364013671875,114.2570037841797],"rotationMatrix":[0.7799153327941895,0.6156278848648071,0.1128466948866844,-0.6195793151855469,0.7849340438842773,-6.975317955948412e-05,-0.08862015604972839,-0.06986308097839355,0.9936124086380005],"scale":1,"type":"train_support1"}
{"pos":[160.4579925537109,530.27001953125,112.2170028686523],"rotationMatrix":[0.780326247215271,0.6160866618156433,0.1073694974184036,-0.6196630001068115,0.7848680019378662,-6.885099719511345e-05,-0.08431330323219299,-0.06647917628288269,0.994219183921814],"scale":1,"type":"train_support1"}
{"pos":[131.0489959716797,507.0979919433594,110.6220016479492],"rotationMatrix":[0.7820093631744385,0.6174700856208801,0.08480583131313324,-0.6196996569633484,0.7848390340805054,-4.349900336819701e-05,-0.06658578664064407,-0.05252012982964516,0.9963974952697754],