{"pos":[-577.8359985351563,167.9040069580078,99.14350128173828],"rotationMatrix":[0.7070814371109009,-0.70713210105896,0,0.70713210105896,0.7070814371109009,0,0,0,1],"scale":1,"type":"warehouse1"}
{"pos":[-693.8489990234375,157.4909973144531,116.4240036010742],"rotationMatrix":[-0.7071824073791504,0.7070311307907104,0,-0.7070311307907104,-0.7071824073791504,0,0,0,1],"scale":1,"type":"warehouse1"}
{"pos":[-745.2459716796875,105.7949981689453,117.0090026855469],"rotationMatrix":[0.7070814371109009,0.70713210105896,0,-0.70713210105896,0.7070814371109009,0,0,0,1],"scale":1,"type":"warehouse1"}
{"pos":[-701.4199829101563,45.68769836425781,107.7509994506836],"rotationMatrix":[-0.7071824073791504,0.7070311307907104,0,-0.7070311307907104,-0.7071824073791504,0,0,0,1],"scale":1,"type":"warehouse1"}
{"pos":[-716.18701171875,30.83329963684082,107.7509994506836],"rotationMatrix":[0.7070814371109009,-0.70713210105896,0,0.70713210105896,0.7070814371109009,0,0,0,1],"scale":1,"type":"warehouse1"}
{"pos":[-731.9749755859375,37.82369995117188,115.1340026855469],"rotationMatrix":[-0.7071824073791504,-0.7070311307907104,0,0.7070311307907104,-0.7071824073791504,0,0,0,1],"scale":1,"type":"warehouse1"}
{"pos":[-721.0189819335938,51.26589965820313,117.1129989624023],"rotationMatrix":[0.7070814371109009,-0.70713210105896,0,0.70713210105896,0.7070814371109009,0,0,0,1],"scale":1,"type":"warehouse1"}
{"pos":[-788.677978515625,59.90019989013672,116.6669998168945],"rotationMatrix":[0.7070814371109009,-0.70713210105896,0,0.70713210105896,0.7070814371109009,0,0,0,1],"scale":1,"type":"warehouse1"}
