{"pos":[-394.9469909667969,204.64599609375,100.7949981689453],"rotationMatrix":[-0.9078857898712158,0.419217586517334,0,-0.419217586517334,-0.9078857898712158,0,0,0,1],"scale":1,"type":"workshop1"}
{"pos":[-599.6849975585938,138.4149932861328,101.7839965820313],"rotationMatrix":[0.7070814371109009,-0.70713210105896,0,0.70713210105896,0.7070814371109009,0,0,0,1],"scale":1,"type":"workshop1"}
{"pos":[-625.1790161132813,112.9209976196289,102.5869979858398],"rotationMatrix":[0.7070814371109009,-0.70713210105896,0,0.70713210105896,0.7070814371109009,0,0,0,1],"scale":1,"type":"workshop1"}
