{"pos":[-60.0713996887207,542.7630004882813,74.57849884033203],"rotationMatrix":[-0.1479156017303467,0.9889999628067017,0,-0.9889999628067017,-0.1479156017303467,0,0,0,1],"scale":1,"type":"billboard_structure2"}
{"pos":[-485.0610046386719,89.58090209960938,99.43830108642578],"rotationMatrix":[0.2890911102294922,0.9573016166687012,0,-0.9573016166687012,0.2890911102294922,0,0,0,1],"scale":1,"type":"billboard_structure2"}
{"pos":[-516.10400390625,173.572998046875,99.43830108642578],"rotationMatrix":[0.99998939037323,0.004606423899531364,0,-0.004606423899531364,0.99998939037323,0,0,0,1],"scale":1,"type":"billboard_structure2"}
