{"pos":[-926.5419921875,778.3179931640625,99.10160064697266],"rotationMatrix":[7.462501525878906e-05,-1,-1.318185240961611e-05,0.9394840002059937,7.462501525878906e-05,-0.3425927758216858,0.3425927758216858,1.318185240961611e-05,0.9394840002059937],"scale":1,"type":"cable_boom"}
{"pos":[-926.5419921875,805.0020141601563,93.76180267333984],"rotationMatrix":[7.462501525878906e-05,-1,-1.318185240961611e-05,0.9394840002059937,7.462501525878906e-05,-0.3425927758216858,0.3425927758216858,1.318185240961611e-05,0.9394840002059937],"scale":1,"type":"cable_boom"}
{"pos":[-926.5419921875,831.68701171875,87.94300079345703],"rotationMatrix":[7.462501525878906e-05,-1,-1.318185240961611e-05,0.9394840002059937,7.462501525878906e-05,-0.3425927758216858,0.3425927758216858,1.318185240961611e-05,0.9394840002059937],"scale":1,"type":"cable_boom"}
{"pos":[-926.5419921875,863.0020141601563,81.66429901123047],"rotationMatrix":[7.462501525878906e-05,-1,-1.318185240961611e-05,0.9394840002059937,7.462501525878906e-05,-0.3425927758216858,0.3425927758216858,1.318185240961611e-05,0.9394840002059937],"scale":1,"type":"cable_boom"}
{"pos":[-926.5419921875,760.3309936523438,99.19290161132813],"rotationMatrix":[7.462501525878906e-05,-1,-1.318185240961611e-05,0.9394840002059937,7.462501525878906e-05,-0.3425927758216858,0.3425927758216858,1.318185240961611e-05,0.9394840002059937],"scale":1,"type":"cable_boom"}
{"pos":[-926.5419921875,727.0599975585938,106.4160003662109],"rotationMatrix":[7.462501525878906e-05,-1,-1.318185240961611e-05,0.9394840002059937,7.462501525878906e-05,-0.3425927758216858,0.3425927758216858,1.318185240961611e-05,0.9394840002059937],"scale":1,"type":"cable_boom"}
{"pos":[-926.5419921875,698.708984375,112.9459991455078],"rotationMatrix":[7.462501525878906e-05,-1,-1.318185240961611e-05,0.9394840002059937,7.462501525878906e-05,-0.3425927758216858,0.3425927758216858,1.318185240961611e-05,0.9394840002059937],"scale":1,"type":"cable_boom"}
{"pos":[-926.5419921875,670.3569946289063,118.9919967651367],"rotationMatrix":[7.462501525878906e-05,-1,-1.318185240961611e-05,0.9394840002059937,7.462501525878906e-05,-0.3425927758216858,0.3425927758216858,1.318185240961611e-05,0.9394840002059937],"scale":1,"type":"cable_boom"}
{"pos":[-926.5419921875,652.4849853515625,119.0960006713867],"rotationMatrix":[7.462501525878906e-05,-1,-1.318185240961611e-05,0.9394840002059937,7.462501525878906e-05,-0.3425927758216858,0.3425927758216858,1.318185240961611e-05,0.9394840002059937],"scale":1,"type":"cable_boom"}
{"pos":[-926.5419921875,565.8270263671875,138.8370056152344],"rotationMatrix":[7.462501525878906e-05,-1,-1.318185240961611e-05,0.9394840002059937,7.462501525878906e-05,-0.3425927758216858,0.3425927758216858,1.318185240961611e-05,0.9394840002059937],"scale":1,"type":"cable_boom"}
{"pos":[-926.5419921875,593.1339721679688,132.7910003662109],"rotationMatrix":[7.462501525878906e-05,-1,-1.318185240961611e-05,0.9394840002059937,7.462501525878906e-05,-0.3425927758216858,0.3425927758216858,1.318185240961611e-05,0.9394840002059937],"scale":1,"type":"cable_boom"}
{"pos":[-926.5419921875,620.4400024414063,126.3010025024414],"rotationMatrix":[7.462501525878906e-05,-1,-1.318185240961611e-05,0.9394840002059937,7.462501525878906e-05,-0.3425927758216858,0.3425927758216858,1.318185240961611e-05,0.9394840002059937],"scale":1,"type":"cable_boom"}
{"pos":[-926.5419921875,544.469970703125,139.1159973144531],"rotationMatrix":[7.462501525878906e-05,-1,-1.318185240961611e-05,0.9394840002059937,7.462501525878906e-05,-0.3425927758216858,0.3425927758216858,1.318185240961611e-05,0.9394840002059937],"scale":1,"type":"cable_boom"}
{"pos":[-926.5419921875,509.2640075683594,146.9819946289063],"rotationMatrix":[7.462501525878906e-05,-1,-1.318185240961611e-05,0.9394840002059937,7.462501525878906e-05,-0.3425927758216858,0.3425927758216858,1.318185240961611e-05,0.9394840002059937],"scale":1,"type":"cable_boom"}
{"pos":[-584.8709716796875,407.0509948730469,115.6009979248047],"rotationMatrix":[0.7070482969284058,-0.7071652412414551,0.0001349454396404326,0.6644190549850464,0.6642438173294067,-0.3425309658050537,0.2421363592147827,0.242275595664978,0.9395065307617188],"scale":1,"type":"cable_boom"}
{"pos":[-567.760009765625,389.9289855957031,115.4729995727539],"rotationMatrix":[0.7070482969284058,-0.7071652412414551,0.0001349454396404326,0.6644190549850464,0.6642438173294067,-0.3425309658050537,0.2421363592147827,0.242275595664978,0.9395065307617188],"scale":1,"type":"cable_boom"}
{"pos":[-603.5989990234375,425.7680053710938,118.2409973144531],"rotationMatrix":[0.7070482969284058,-0.7071652412414551,0.0001349454396404326,0.6644190549850464,0.6642438173294067,-0.3425309658050537,0.2421363592147827,0.242275595664978,0.9395065307617188],"scale":1,"type":"cable_boom"}
{"pos":[-508.8980102539063,331.0669860839844,103.9169998168945],"rotationMatrix":[0.7070482969284058,-0.7071652412414551,0.0001349454396404326,0.6644190549850464,0.6642438173294067,-0.3425309658050537,0.2421363592147827,0.242275595664978,0.9395065307617188],"scale":1,"type":"cable_boom"}
{"pos":[-527.969970703125,350.1380004882813,107.2850036621094],"rotationMatrix":[0.7070482969284058,-0.7071652412414551,0.0001349454396404326,0.6644190549850464,0.6642438173294067,-0.3425309658050537,0.2421363592147827,0.242275595664978,0.9395065307617188],"scale":1,"type":"cable_boom"}
{"pos":[-546.5469970703125,368.7160034179688,111.0839996337891],"rotationMatrix":[0.7070482969284058,-0.7071652412414551,0.0001349454396404326,0.6644190549850464,0.6642438173294067,-0.3425309658050537,0.2421363592147827,0.242275595664978,0.9395065307617188],"scale":1,"type":"cable_boom"}
{"pos":[-627.260986328125,449.4299926757813,121.4199981689453],"rotationMatrix":[0.7070482969284058,-0.7071652412414551,0.0001349454396404326,0.6644190549850464,0.6642438173294067,-0.3425309658050537,0.2421363592147827,0.242275595664978,0.9395065307617188],"scale":1,"type":"cable_boom"}
{"pos":[-645.9929809570313,468.1619873046875,123.8259963989258],"rotationMatrix":[0.7070482969284058,-0.7071652412414551,0.0001349454396404326,0.6644190549850464,0.6642438173294067,-0.3425309658050537,0.2421363592147827,0.242275595664978,0.9395065307617188],"scale":1,"type":"cable_boom"}
{"pos":[-926.5419921875,479.2640075683594,153.8910064697266],"rotationMatrix":[7.462501525878906e-05,-1,-1.318185240961611e-05,0.9394840002059937,7.462501525878906e-05,-0.3425927758216858,0.3425927758216858,1.318185240961611e-05,0.9394840002059937],"scale":1,"type":"cable_boom"}
{"pos":[-926.5419921875,449.2640075683594,160.1900024414063],"rotationMatrix":[7.462501525878906e-05,-1,-1.318185240961611e-05,0.9394840002059937,7.462501525878906e-05,-0.3425927758216858,0.3425927758216858,1.318185240961611e-05,0.9394840002059937],"scale":1,"type":"cable_boom"}
