{"pos":[-451.135009765625,512.8920288085938,99.16600036621094],"rotationMatrix":[-0.7071824073791504,0.7070311307907104,0,-0.7070311307907104,-0.7071824073791504,0,0,0,1],"scale":1,"type":"crosswalklight"}
{"pos":[-479.6159973144531,506.1669921875,99.28549957275391],"rotationMatrix":[0.7070814371109009,-0.70713210105896,0,0.70713210105896,0.7070814371109009,0,0,0,1],"scale":1,"type":"crosswalklight"}
{"pos":[-479.7349853515625,505.8680114746094,99.28549957275391],"rotationMatrix":[-0.7071824073791504,-0.7070311307907104,0,0.7070311307907104,-0.7071824073791504,0,0,0,1],"scale":1,"type":"crosswalklight"}
{"pos":[-469.6409912109375,526.0449829101563,99.08989715576172],"rotationMatrix":[-0.7071824073791504,-0.7070311307907104,0,0.7070311307907104,-0.7071824073791504,0,0,0,1],"scale":1,"type":"crosswalklight"}
{"pos":[-451.0719909667969,513.0570068359375,99.16600036621094],"rotationMatrix":[0.7070814371109009,0.70713210105896,0,-0.70713210105896,0.7070814371109009,0,0,0,1],"scale":1,"type":"crosswalklight"}
{"pos":[-374.0669860839844,435.9089965820313,98.79160308837891],"rotationMatrix":[0.7070814371109009,0.70713210105896,0,-0.70713210105896,0.7070814371109009,0,0,0,1],"scale":1,"type":"crosswalklight"}
{"pos":[-374.1289978027344,435.7439880371094,98.79160308837891],"rotationMatrix":[-0.7071824073791504,0.7070311307907104,0,-0.7070311307907104,-0.7071824073791504,0,0,0,1],"scale":1,"type":"crosswalklight"}
{"pos":[-464.8330078125,497.3259887695313,99.19599914550781],"rotationMatrix":[0.7070814371109009,-0.70713210105896,0,0.70713210105896,0.7070814371109009,0,0,0,1],"scale":1,"type":"crosswalklight"}
{"pos":[-465.0830078125,497.1619873046875,99.19599914550781],"rotationMatrix":[0.7070814371109009,0.70713210105896,0,-0.70713210105896,0.7070814371109009,0,0,0,1],"scale":1,"type":"crosswalklight"}
{"pos":[-391.3659973144531,447.8030090332031,98.73899841308594],"rotationMatrix":[-0.7071824073791504,-0.7070311307907104,0,0.7070311307907104,-0.7071824073791504,0,0,0,1],"scale":1,"type":"crosswalklight"}
{"pos":[-385.8070068359375,418.052001953125,98.78009796142578],"rotationMatrix":[0.7070814371109009,0.70713210105896,0,-0.70713210105896,0.7070814371109009,0,0,0,1],"scale":1,"type":"crosswalklight"}
{"pos":[-403.3190002441406,429.6700134277344,98.78579711914063],"rotationMatrix":[-0.7071824073791504,-0.7070311307907104,0,0.7070311307907104,-0.7071824073791504,0,0,0,1],"scale":1,"type":"crosswalklight"}
{"pos":[-403.2000122070313,429.968994140625,98.78579711914063],"rotationMatrix":[0.7070814371109009,-0.70713210105896,0,0.70713210105896,0.7070814371109009,0,0,0,1],"scale":1,"type":"crosswalklight"}
{"pos":[-385.5559997558594,418.2160034179688,98.78009796142578],"rotationMatrix":[0.7070814371109009,-0.70713210105896,0,0.70713210105896,0.7070814371109009,0,0,0,1],"scale":1,"type":"crosswalklight"}
{"pos":[-490.9909973144531,312.9840087890625,99.66739654541016],"rotationMatrix":[0.7070814371109009,0.70713210105896,0,-0.70713210105896,0.7070814371109009,0,0,0,1],"scale":1,"type":"crosswalklight"}
{"pos":[-499.3290100097656,339.6849975585938,99.66739654541016],"rotationMatrix":[-0.7071824073791504,-0.7070311307907104,0,0.7070311307907104,-0.7071824073791504,0,0,0,1],"scale":1,"type":"crosswalklight"}
{"pos":[-481.9469909667969,328.2380065917969,99.69619750976563],"rotationMatrix":[0.7070814371109009,0.70713210105896,0,-0.70713210105896,0.7070814371109009,0,0,0,1],"scale":1,"type":"crosswalklight"}
{"pos":[-482.0650024414063,327.9389953613281,99.69619750976563],"rotationMatrix":[-0.7071824073791504,0.7070311307907104,0,-0.7070311307907104,-0.7071824073791504,0,0,0,1],"scale":1,"type":"crosswalklight"}
{"pos":[-435.1610107421875,136.2779998779297,102.5469970703125],"rotationMatrix":[0.958181619644165,-0.2861607670783997,0,0.2861607670783997,0.958181619644165,0,0,0,1],"scale":1,"type":"crosswalklight"}
{"pos":[-435.4800109863281,136.2400054931641,102.5469970703125],"rotationMatrix":[0.2862265110015869,0.9581620097160339,0,-0.9581620097160339,0.2862265110015869,0,0,0,1],"scale":1,"type":"crosswalklight"}
{"pos":[-458.5580139160156,159.0970001220703,103.0459976196289],"rotationMatrix":[-0.3480819463729858,-0.9374641180038452,0,0.9374641180038452,-0.3480819463729858,0,0,0,1],"scale":1,"type":"crosswalklight"}
{"pos":[-458.8789978027344,159.0800018310547,103.0459976196289],"rotationMatrix":[-0.9372992515563965,0.3485256135463715,0,-0.3485256135463715,-0.9372992515563965,0,0,0,1],"scale":1,"type":"crosswalklight"}
{"pos":[-529.3079833984375,591.1749877929688,92.66320037841797],"rotationMatrix":[0.7070814371109009,0.70713210105896,0,-0.70713210105896,0.7070814371109009,0,0,0,1],"scale":1,"type":"crosswalklight"}
{"pos":[-546.5440063476563,602.9660034179688,92.66320037841797],"rotationMatrix":[-0.7071824073791504,-0.7070311307907104,0,0.7070311307907104,-0.7071824073791504,0,0,0,1],"scale":1,"type":"crosswalklight"}
{"pos":[-541.18701171875,573.4210205078125,92.77580261230469],"rotationMatrix":[0.7070814371109009,0.70713210105896,0,-0.70713210105896,0.7070814371109009,0,0,0,1],"scale":1,"type":"crosswalklight"}
{"pos":[-558.6430053710938,584.843017578125,92.80870056152344],"rotationMatrix":[-0.7071824073791504,-0.7070311307907104,0,0.7070311307907104,-0.7071824073791504,0,0,0,1],"scale":1,"type":"crosswalklight"}
{"pos":[-558.5250244140625,585.1420288085938,92.80870056152344],"rotationMatrix":[0.7070814371109009,-0.70713210105896,0,0.70713210105896,0.7070814371109009,0,0,0,1],"scale":1,"type":"crosswalklight"}
{"pos":[-540.9359741210938,573.5850219726563,92.77580261230469],"rotationMatrix":[0.7070814371109009,-0.70713210105896,0,0.70713210105896,0.7070814371109009,0,0,0,1],"scale":1,"type":"crosswalklight"}
{"pos":[-529.3709716796875,591.010009765625,92.66320037841797],"rotationMatrix":[-0.7071824073791504,0.7070311307907104,0,-0.7070311307907104,-0.7071824073791504,0,0,0,1],"scale":1,"type":"crosswalklight"}
{"pos":[-758.5549926757813,666.4080200195313,108.9940032958984],"rotationMatrix":[1.931190490722656e-05,1,0,-1,1.931190490722656e-05,0,0,0,1],"scale":1,"type":"crosswalklight"}
{"pos":[-775.10302734375,670.9110107421875,108.9940032958984],"rotationMatrix":[1.931190490722656e-05,-1,0,1,1.931190490722656e-05,0,0,0,1],"scale":1,"type":"crosswalklight"}
{"pos":[-762.5689697265625,652.343994140625,109.1370010375977],"rotationMatrix":[1.931190490722656e-05,1,0,-1,1.931190490722656e-05,0,0,0,1],"scale":1,"type":"crosswalklight"}
{"pos":[-778.7999877929688,656.3629760742188,109.1399993896484],"rotationMatrix":[1.931190490722656e-05,-1,0,1,1.931190490722656e-05,0,0,0,1],"scale":1,"type":"crosswalklight"}
{"pos":[-778.927978515625,656.6580200195313,109.1399993896484],"rotationMatrix":[1,0,0,0,1,0,0,0,1],"scale":1,"type":"crosswalklight"}
{"pos":[-762.5070190429688,652.6370239257813,109.1370010375977],"rotationMatrix":[1,0,0,0,1,0,0,0,1],"scale":1,"type":"crosswalklight"}
{"pos":[-758.4819946289063,666.2470092773438,108.9940032958984],"rotationMatrix":[-1,0,0,0,-1,0,0,0,1],"scale":1,"type":"crosswalklight"}
{"pos":[-775.1649780273438,670.614990234375,108.9940032958984],"rotationMatrix":[-1,0,0,0,-1,0,0,0,1],"scale":1,"type":"crosswalklight"}
{"pos":[-775.3560180664063,565.2069702148438,126.3209991455078],"rotationMatrix":[-1,0,0,0,-1,0,0,0,1],"scale":1,"type":"crosswalklight"}
{"pos":[-758.864990234375,561.5079956054688,126.3209991455078],"rotationMatrix":[-1,0,0,0,-1,0,0,0,1],"scale":1,"type":"crosswalklight"}
{"pos":[-762.4829711914063,545.3150024414063,126.4629974365234],"rotationMatrix":[1,0,0,0,1,0,0,0,1],"scale":1,"type":"crosswalklight"}
{"pos":[-778.1630249023438,548.6190185546875,126.4670028686523],"rotationMatrix":[1,0,0,0,1,0,0,0,1],"scale":1,"type":"crosswalklight"}
{"pos":[-778.0349731445313,548.323974609375,126.4670028686523],"rotationMatrix":[1.931190490722656e-05,-1,0,1,1.931190490722656e-05,0,0,0,1],"scale":1,"type":"crosswalklight"}
{"pos":[-762.5449829101563,545.02197265625,126.4629974365234],