{"pos":[-373.4249877929688,-234.1239929199219,102.2580032348633],"rotationMatrix":[-0.9908105134963989,-0.1352572590112686,0,0.1352572590112686,-0.9908105134963989,0,0,0,1],"scale":1.098700046539307,"type":"eucalyptus_group"}
{"pos":[-372.7409973144531,-183.3990020751953,103.3209991455078],"rotationMatrix":[0.2204990386962891,-0.9753872156143188,0,0.9753872156143188,0.2204990386962891,0,0,0,1],"scale":1.389000058174133,"type":"eucalyptus_group"}
{"pos":[-344.6719970703125,-273.8479919433594,112.2789993286133],"rotationMatrix":[-0.510322093963623,0.8599833250045776,0,-0.8599833250045776,-0.510322093963623,0,0,0,1],"scale":1.225299954414368,"type":"eucalyptus_group"}
{"pos":[-342.5400085449219,-304.6239929199219,112.1529998779297],"rotationMatrix":[0.8084194660186768,-0.5886067748069763,0,0.5886067748069763,0.8084194660186768,0,0,0,1],"scale":1.339300036430359,"type":"eucalyptus_group"}
{"pos":[-358.0690002441406,-291.7789916992188,105.9010009765625],"rotationMatrix":[-0.1178115606307983,0.9930359721183777,0,-0.9930359721183777,-0.1178115606307983,0,0,0,1],"scale":1.172600030899048,"type":"eucalyptus_group"}
{"pos":[-350.552001953125,-330.9849853515625,104.3199996948242],"rotationMatrix":[-0.9912096261978149,0.1323007047176361,0,-0.1323007047176361,-0.9912096261978149,0,0,0,1],"scale":1.118100047111511,"type":"eucalyptus_group"}
{"pos":[-304.739990234375,-411.6499938964844,117.5149993896484],"rotationMatrix":[-0.944786548614502,0.3276863992214203,0,-0.3276863992214203,-0.944786548614502,0,0,0,1],"scale":1.335999965667725,"type":"eucalyptus_group"}
{"pos":[-265.760986328125,-480.9039916992188,121.8249969482422],"rotationMatrix":[-0.6924320459365845,-0.7214831113815308,0,0.7214831113815308,-0.6924320459365845,0,0,0,1],"scale":1.070799946784973,"type":"eucalyptus_group"}
{"pos":[-258.0260009765625,-495.0830078125,121.3830032348633],"rotationMatrix":[0.9790694713592529,0.2035263329744339,0,-0.2035263329744339,0.9790694713592529,0,0,0,1],"scale":1.233399987220764,"type":"eucalyptus_group"}
{"pos":[-273.6650085449219,-460.3410034179688,122.3410034179688],"rotationMatrix":[-0.103800892829895,0.9945980906486511,0,-0.9945980906486511,-0.103800892829895,0,0,0,1],"scale":1.124199986457825,"type":"eucalyptus_group"}
{"pos":[-409.3370056152344,-472.4880065917969,105.8980026245117],"rotationMatrix":[0.1406395435333252,-0.9900608658790588,0,0.9900608658790588,0.1406395435333252,0,0,0,1],"scale":1.162999987602234,"type":"eucalyptus_group"}
{"pos":[-112.1620025634766,-526.2050170898438,124.5879974365234],"rotationMatrix":[0.6982908248901367,-0.7158141732215881,0,0.7158141732215881,0.6982908248901367,0,0,0,1],"scale":1.394999980926514,"type":"eucalyptus_group"}
{"pos":[-120.6959991455078,-668.18701171875,131.7779998779297],"rotationMatrix":[-0.4538534879684448,-0.8910763263702393,0,0.8910763263702393,-0.4538534879684448,0,0,0,1],"scale":1.059800028800964,"type":"eucalyptus_group"}
{"pos":[-105.6780014038086,-711.2379760742188,131.2039947509766],"rotationMatrix":[0.0417182445526123,-0.9991294145584106,0,0.9991294145584106,0.0417182445526123,0,0,0,1],"scale":1.033200025558472,"type":"eucalyptus_group"}
{"pos":[-93.15899658203125,-733.6710205078125,130.1130065917969],"rotationMatrix":[-0.9920080900192261,0.1261742860078812,0,-0.1261742860078812,-0.9920080900192261,0,0,0,1],"scale":1.204300045967102,"type":"eucalyptus_group"}
{"pos":[-136.8639984130859,-612.166015625,133.9429931640625],"rotationMatrix":[-1,0,0,0,-1,0,0,0,1],"scale":1.144500017166138,"type":"eucalyptus_group"}
{"pos":[-141.447998046875,-607.3590087890625,133.1289978027344],"rotationMatrix":[0.02335703372955322,0.999727189540863,0,-0.999727189540863,0.02335703372955322,0,0,0,1],"scale":1.057600021362305,"type":"eucalyptus_group"}
{"pos":[-71.83560180664063,-753.8289794921875,131.7980041503906],"rotationMatrix":[0.05248618125915527,0.9986216425895691,0,-0.9986216425895691,0.05248618125915527,0,0,0,1],"scale":1.283800005912781,"type":"eucalyptus_group"}
{"pos":[-510.0910034179688,-253.72900390625,103.8079986572266],"rotationMatrix":[-0.8455047607421875,-0.533967912197113,0,0.533967912197113,-0.8455047607421875,0,0,0,1],"scale":1.053500056266785,"type":"eucalyptus_group"}
{"pos":[-552.4010009765625,-310.9729919433594,103.4570007324219],"rotationMatrix":[0.4600317478179932,0.8879024386405945,0,-0.8879024386405945,0.4600317478179932,0,0,0,1],"scale":1.059299945831299,"type":"eucalyptus_group"}
{"pos":[-909.385986328125,-551.1079711914063,105.677001953125],"rotationMatrix":[0.6164871454238892,0.7873649597167969,0,-0.7873649597167969,0.6164871454238892,0,0,0,1],"scale":0.9082000255584717,"type":"eucalyptus_group"}
{"pos":[-924.47900390625,-565.4979858398438,105.5650024414063],"rotationMatrix":[0.9309567213058472,0.3651295304298401,0,-0.3651295304298401,0.9309567213058472,0,0,0,1],"scale":0.8439000248908997,"type":"eucalyptus_group"}
{"pos":[-699.281005859375,623.2689819335938,106.9069976806641],"rotationMatrix":[0.7503582239151001,0.6610314249992371,0,-0.6610314249992371,0.7503582239151001,0,0,0,1],"scale":1.199300050735474,"type":"eucalyptus_group"}
{"pos":[-862.6710205078125,380.8080139160156,149.4859924316406],"rotationMatrix":[-0.5396614074707031,-0.8418821692466736,0,0.8418821692466736,-0.5396614074707031,0,0,0,1],"scale":1.011199951171875,"type":"eucalyptus_group"}
{"pos":[1000.429992675781,-189.7109985351563,152.5],"rotationMatrix":[-0.7116200923919678,0.7025644779205322,0,-0.7025644779205322,-0.7116200923919678,0,0,0,1],"scale":1.367799997329712,"type":"eucalyptus_group"}
{"pos":[1014.559997558594,-585.9970092773438,175.2969970703125],"rotationMatrix":[0.651888370513916,0.7583149671554565,0,-0.7583149671554565,0.651888370513916,0,0,0,1],"scale":1.24779999256134,"type":"eucalyptus_group"}
{"pos":[1015.570007324219,-557.489990234375,174.3190002441406],"rotationMatrix":[0.07193303108215332,-0.997409462928772,0,0.997409462928772,0.07193303108215332,0,0,0,1],"scale":1.030200004577637,"type":"eucalyptus_group"}
{"pos":[1014.239990234375,-536.625,172.9680023193359],"rotationMatrix":[0.1674338579177856,0.9858832955360413,0,-0.9858832955360413,0.1674338579177856,0,0,0,1],"scale":1.324300050735474,"type":"eucalyptus_group"}
{"pos":[1015.599975585938,-547.1129760742188,173.8600006103516],"rotationMatrix":[0.8443179130554199,-0.5358425974845886,0,0.5358425974845886,0.8443179130554199,0,0,0,1],"scale":1.296200037002563,"type":"eucalyptus_group"}
{"pos":[1012.609985351563,-560.5150146484375,173.5440063476563],"rotationMatrix":[0.8216760158538818,-0.5699548721313477,0,0.5699548721313477,0.8216760158538818,0,0,0,1],"scale":1.163800001144409,"type":"eucalyptus_group"}
{"pos":[999.5830078125,-168.9329986572266,151.7799987792969],"rotationMatrix":[-0.5445787906646729,-0.8387097120285034,0,0.8387097120285034,-0.5445787906646729,0,0,0,1],"scale":1.381100058555603,"type":"eucalyptus_group"}
{"pos":[114.7929992675781,-1015.97998046875,130.7510070800781],"rotationMatrix":[-0.7338944673538208,0.6792635321617126,0,-0.6792635321617126,-0.7338944673538208,0,0,0,1],"scale":1.26639997959137,"type":"eucalyptus_group"}
{"pos":[1017.820007324219,583.593017578125,155.5919952392578],"rotationMatrix":[-0.9051520824432373,0.4250878691673279,0,-0.4250878691673279,-0.9051520824432373,0,0,0,1],"scale":1.165300011634827,"type":"eucalyptus_group"}
{"pos":[1011.02001953125,527.0089721679688,153.4909973144531],"rotationMatrix":[0.3183550834655762,-0.947971522808075,0,0.947971522808075,0.3183550834655762,0,0,0,1],"scale":1.361500024795532,"type":"eucalyptus_group"}
{"pos":[1020.359985351563,449.7420043945313,162.1790008544922],"rotationMatrix":[-0.8636082410812378,-0.5041634440422058,0,0.5041634440422058,-0.8636082410812378,0,0,0,1],"scale":1.199200034141541,"type":"eucalyptus_group"}
{"pos":[1003.900024414063,496.2839965820313,157.9210052490234],"rotationMatrix":[0.3667374849319458,-0.9303244948387146,0,0.9303244948387146,0.3667374849319458,0,0,0,1],"scale":1.024099946022034,