{"pos":[-370.93701171875,-221.697998046875,103.8610000610352],"rotationMatrix":[0.567363977432251,-0.8234671354293823,0,0.8234671354293823,0.567363977432251,0,0,0,1],"scale":1.254299998283386,"type":"eucalyptus_tall"}
{"pos":[-371.9660034179688,-242.3950042724609,104.3509979248047],"rotationMatrix":[-0.09342479705810547,0.9956263303756714,0,-0.9956263303756714,-0.09342479705810547,0,0,0,1],"scale":1.197900056838989,"type":"eucalyptus_tall"}
{"pos":[-373.0079956054688,-195.3789978027344,102.6240005493164],"rotationMatrix":[-0.1701440811157227,-0.9854192137718201,0,0.9854192137718201,-0.1701440811157227,0,0,0,1],"scale":1.157500028610229,"type":"eucalyptus_tall"}
{"pos":[-374.2909851074219,-210.2700042724609,101.5400009155273],"rotationMatrix":[0.9934334754943848,0.1144112274050713,0,-0.1144112274050713,0.9934334754943848,0,0,0,1],"scale":1.328500032424927,"type":"eucalyptus_tall"}
{"pos":[-344.8489990234375,-282.1340026855469,112.7919998168945],"rotationMatrix":[-0.5774433612823486,0.8164307475090027,0,-0.8164307475090027,-0.5774433612823486,0,0,0,1],"scale":1.160099983215332,"type":"eucalyptus_tall"}
{"pos":[-304.5840148925781,-432.7330017089844,115.1589965820313],"rotationMatrix":[-0.9459699392318726,-0.3242543339729309,0,0.3242543339729309,-0.9459699392318726,0,0,0,1],"scale":1.304000020027161,"type":"eucalyptus_tall"}
{"pos":[-312.1629943847656,-402.2789916992188,116.9250030517578],"rotationMatrix":[-0.20963454246521,-0.9777798056602478,0,0.9777798056602478,-0.20963454246521,0,0,0,1],"scale":1.150699973106384,"type":"eucalyptus_tall"}
{"pos":[-262.677001953125,-488.1380004882813,121.3789978027344],"rotationMatrix":[0.7241240739822388,0.6896697282791138,0,-0.6896697282791138,0.7241240739822388,0,0,0,1],"scale":1.385300040245056,"type":"eucalyptus_tall"}
{"pos":[-270.2619934082031,-474.6759948730469,120.4260025024414],"rotationMatrix":[-0.9451807737350464,-0.3265475630760193,0,0.3265475630760193,-0.9451807737350464,0,0,0,1],"scale":1.058099985122681,"type":"eucalyptus_tall"}
{"pos":[-318.3989868164063,-376.802001953125,118.177001953125],"rotationMatrix":[0.7833863496780396,0.621535062789917,0,-0.621535062789917,0.7833863496780396,0,0,0,1],"scale":1.115900039672852,"type":"eucalyptus_tall"}
{"pos":[-99.86519622802734,-541.2550048828125,124.0260009765625],"rotationMatrix":[0.3586087226867676,0.9334879517555237,0,-0.9334879517555237,0.3586087226867676,0,0,0,1],"scale":1.096300005912781,"type":"eucalyptus_tall"}
{"pos":[-37.17240142822266,-726.8270263671875,133.3170013427734],"rotationMatrix":[-0.2158640623092651,-0.976423442363739,0,0.976423442363739,-0.2158640623092651,0,0,0,1],"scale":1.391199946403503,"type":"eucalyptus_tall"}
{"pos":[-100.9369964599609,-648.4849853515625,132.3079986572266],"rotationMatrix":[0.5574476718902588,0.8302120566368103,0,-0.8302120566368103,0.5574476718902588,0,0,0,1],"scale":1.061100006103516,"type":"eucalyptus_tall"}
{"pos":[-116.5329971313477,-683.5150146484375,131.2460021972656],"rotationMatrix":[-0.9602000713348389,-0.2793131172657013,0,0.2793131172657013,-0.9602000713348389,0,0,0,1],"scale":1.120499968528748,"type":"eucalyptus_tall"}
{"pos":[-115.2779998779297,-712.8079833984375,126.1309967041016],"rotationMatrix":[0.971630334854126,-0.2365047335624695,0,0.2365047335624695,0.971630334854126,0,0,0,1],"scale":1.352499961853027,"type":"eucalyptus_tall"}
{"pos":[-86.67400360107422,-746.6829833984375,129.0449981689453],"rotationMatrix":[0.9471874237060547,-0.3206804990768433,0,0.3206804990768433,0.9471874237060547,0,0,0,1],"scale":1.206300020217896,"type":"eucalyptus_tall"}
{"pos":[-409.06298828125,-599.2739868164063,127.0419998168945],"rotationMatrix":[-0.6120897531509399,-0.7907882928848267,0,0.7907882928848267,-0.6120897531509399,0,0,0,1],"scale":1.005100011825562,"type":"eucalyptus_tall"}
{"pos":[-430.3789978027344,-899.3369750976563,156.1739959716797],"rotationMatrix":[0.6532220840454102,-0.7571663856506348,0,0.7571663856506348,0.6532220840454102,0,0,0,1],"scale":1.061200022697449,"type":"eucalyptus_tall"}
{"pos":[-416.9129943847656,-890.8920288085938,145.9649963378906],"rotationMatrix":[0.8327267169952393,-0.5536842346191406,0,0.5536842346191406,0.8327267169952393,0,0,0,1],"scale":1.082399964332581,"type":"eucalyptus_tall"}
{"pos":[-461.5180053710938,-879.02197265625,166.4239959716797],"rotationMatrix":[-0.9760720729827881,-0.2174472510814667,0,0.2174472510814667,-0.9760720729827881,0,0,0,1],"scale":1.088000059127808,"type":"eucalyptus_tall"}
{"pos":[-442.9509887695313,-887.8820190429688,158.5229949951172],"rotationMatrix":[-0.5428217649459839,-0.8398479223251343,0,0.8398479223251343,-0.5428217649459839,0,0,0,1],"scale":1.128000020980835,"type":"eucalyptus_tall"}
{"pos":[-505.0409851074219,-271.625,101.7529983520508],"rotationMatrix":[-0.5225125551223755,0.8526315689086914,0,-0.8526315689086914,-0.5225125551223755,0,0,0,1],"scale":1.011299967765808,"type":"eucalyptus_tall"}
{"pos":[-504.0780029296875,-286.6369934082031,100.7610015869141],"rotationMatrix":[-0.6979559659957886,-0.7161406874656677,0,0.7161406874656677,-0.6979559659957886,0,0,0,1],"scale":1.178900003433228,"type":"eucalyptus_tall"}
{"pos":[-502.4410095214844,-303.7699890136719,100.1080017089844],"rotationMatrix":[0.7892696857452393,-0.6140466928482056,0,0.6140466928482056,0.7892696857452393,0,0,0,1],"scale":1.103299975395203,"type":"eucalyptus_tall"}
{"pos":[-558.573974609375,-307.989990234375,102.745002746582],"rotationMatrix":[-0.9972009658813477,-0.07476786524057388,0,0.07476786524057388,-0.9972009658813477,0,0,0,1],"scale":1.219300031661987,"type":"eucalyptus_tall"}
{"pos":[-630.260009765625,-847.4710083007813,141.8190002441406],"rotationMatrix":[-0.02273595333099365,0.9997414946556091,0,-0.9997414946556091,-0.02273595333099365,0,0,0,1],"scale":1.05050003528595,"type":"eucalyptus_tall"}
{"pos":[-77.34349822998047,398.8469848632813,94.21340179443359],"rotationMatrix":[0.633803129196167,0.7734944224357605,0,-0.7734944224357605,0.633803129196167,0,0,0,1],"scale":1.005599975585938,"type":"eucalyptus_tall"}
{"pos":[-125.2429962158203,346.1919860839844,99.65409851074219],"rotationMatrix":[-0.9984003305435181,-0.05654007568955421,0,0.05654007568955421,-0.9984003305435181,0,0,0,1],"scale":0.9071000218391418,"type":"eucalyptus_tall"}
{"pos":[-216.2389984130859,327.4509887695313,98.36679840087891],"rotationMatrix":[0.6194591522216797,0.785028874874115,0,-0.785028874874115,0.6194591522216797,0,0,0,1],"scale":1.025099992752075,"type":"eucalyptus_tall"}
{"pos":[-276.7829895019531,264.531005859375,100.0130004882813],"rotationMatrix":[-0.9948034286499023,-0.1018142327666283,0,0.1018142327666283,-0.9948034286499023,0,0,0,1],"scale":1.023499965667725,"type":"eucalyptus_tall"}
{"pos":[-266.6300048828125,289.2300109863281,97.98329925537109],"rotationMatrix":[0.5565063953399658,0.8308433294296265,0,-0.8308433294296265,0.5565063953399658,0,0,0,1],"scale":0.8299000263214111,"type":"eucalyptus_tall"}
{"pos":[-325.7160034179688,214.3609924316406,99.38009643554688],"rotationMatrix":[0.9668726921081543,-0.2552590668201447,0,0.2552590668201447,0.9668726921081543,0,0,0,1],"scale":1.204599976539612,"type":"eucalyptus_tall"}
{"pos":[-633.3109741210938,624.9030151367188,98.29190063476563],"rotationMatrix":[-0.2469363212585449,0.9690316915512085,0,-0.9690316915512085,-0.2469363212585449,0,0,0,1],"scale":1.007699966430664,"type":"eucalyptus_tall"}
{"pos":[-880.4010009765625,576.8619995117188,128.3179931640625],"rotationMatrix":[-0.7156927585601807,-0.6984152793884277,0,0.6984152793884277,-0.7156927585601807,0,0,0,1],"scale":0.8252000212669373,"type":"eucalyptus_tall"}
{"pos":[-679.8980102539063,234.1600036621094,125.0090026855469],"rotationMatrix":[0.7006168365478516,0.7135376930236816,0,-0.7135376930236816,0.7006168365478516,0,0,0,1],"scale":1.39520001411438,"type":"eucalyptus_tall"}
{"pos":[-817.6749877929688,389.1820068359375,144.9770050048828],"rotationMatrix":[-0.9984003305435181,0.05654007568955421,0,-0.05654007568955421,-0.9984003305435181,0,0,0,1],