{"pos":[-359.93701171875,-246.2059936523438,111.0640029907227],"rotationMatrix":[-1,0,0,0,-1,0,0,0,1],"scale":1.303799986839294,"type":"eucalyptus_double"}
{"pos":[-376.4660034179688,-167.0410003662109,103.9869995117188],"rotationMatrix":[-0.4226471185684204,-0.9062943458557129,0,0.9062943458557129,-0.4226471185684204,0,0,0,1],"scale":1.009799957275391,"type":"eucalyptus_double"}
{"pos":[-356.35400390625,-265.9580078125,106.5490036010742],"rotationMatrix":[0.7341337203979492,0.6790049076080322,0,-0.6790049076080322,0.7341337203979492,0,0,0,1],"scale":1.377599954605103,"type":"eucalyptus_double"}
{"pos":[-354.1860046386719,-255.8359985351563,109.6660003662109],"rotationMatrix":[0.4961926937103271,-0.8682124018669128,0,0.8682124018669128,0.4961926937103271,0,0,0,1],"scale":1.378499984741211,"type":"eucalyptus_double"}
{"pos":[-363.7229919433594,-253.9360046386719,107.3740005493164],"rotationMatrix":[-0.450785756111145,0.8926321864128113,0,-0.8926321864128113,-0.450785756111145,0,0,0,1],"scale":1.320000052452087,"type":"eucalyptus_double"}
{"pos":[-354.4519958496094,-303.6929931640625,105.2580032348633],"rotationMatrix":[0.5760636329650879,-0.8174048662185669,0,0.8174048662185669,0.5760636329650879,0,0,0,1],"scale":1.381999969482422,"type":"eucalyptus_double"}
{"pos":[-365.822998046875,-279.0889892578125,103.1969985961914],"rotationMatrix":[0.9446220397949219,-0.3281603157520294,0,0.3281603157520294,0.9446220397949219,0,0,0,1],"scale":1.387699961662292,"type":"eucalyptus_double"}
{"pos":[-370.3150024414063,-263.5910034179688,101.3600006103516],"rotationMatrix":[-0.4382079839706421,-0.8988736271858215,0,0.8988736271858215,-0.4382079839706421,0,0,0,1],"scale":1.069100022315979,"type":"eucalyptus_double"}
{"pos":[-346.0350036621094,-314.4989929199219,112.8919982910156],"rotationMatrix":[-0.9880179166793823,0.1543392241001129,0,-0.1543392241001129,-0.9880179166793823,0,0,0,1],"scale":1.064599990844727,"type":"eucalyptus_double"}
{"pos":[-331.8710021972656,-320.010009765625,117.9369964599609],"rotationMatrix":[-0.7045965194702148,-0.7096081376075745,0,0.7096081376075745,-0.7045965194702148,0,0,0,1],"scale":1.012799978256226,"type":"eucalyptus_double"}
{"pos":[-348.8670043945313,-319.5150146484375,106.6790008544922],"rotationMatrix":[-0.02932560443878174,0.9995698928833008,0,-0.9995698928833008,-0.02932560443878174,0,0,0,1],"scale":1.356500029563904,"type":"eucalyptus_double"}
{"pos":[-336.2690124511719,-320.5969848632813,115.4420013427734],"rotationMatrix":[-0.06171596050262451,-0.9980937242507935,0,0.9980937242507935,-0.06171596050262451,0,0,0,1],"scale":1.243899941444397,"type":"eucalyptus_double"}
{"pos":[-327.9830017089844,-368.5639953613281,114.806999206543],"rotationMatrix":[0.4365026950836182,-0.8997029662132263,0,0.8997029662132263,0.4365026950836182,0,0,0,1],"scale":1.319900035858154,"type":"eucalyptus_double"}
{"pos":[-250.0390014648438,-496.3039855957031,124.3130035400391],"rotationMatrix":[-0.1646432876586914,0.9863531589508057,0,-0.9863531589508057,-0.1646432876586914,0,0,0,1],"scale":1.019999980926514,"type":"eucalyptus_double"}
{"pos":[-276.8529968261719,-458.6910095214844,121.4940032958984],"rotationMatrix":[0.2447795867919922,-0.969578742980957,0,0.969578742980957,0.2447795867919922,0,0,0,1],"scale":1.068300008773804,"type":"eucalyptus_double"}
{"pos":[-316.5190124511719,-382.4989929199219,117.6429977416992],"rotationMatrix":[-0.990012526512146,0.1409794241189957,0,-0.1409794241189957,-0.990012526512146,0,0,0,1],"scale":1.07039999961853,"type":"eucalyptus_double"}
{"pos":[-437.4660034179688,-459.22900390625,106.4140014648438],"rotationMatrix":[-0.06609189510345459,0.9978135228157043,0,-0.9978135228157043,-0.06609189510345459,0,0,0,1],"scale":1.398699998855591,"type":"eucalyptus_double"}
{"pos":[-447.0270080566406,-462.3169860839844,107.8259963989258],"rotationMatrix":[-0.8232861757278442,0.5676265358924866,0,-0.5676265358924866,-0.8232861757278442,0,0,0,1],"scale":1.051200032234192,"type":"eucalyptus_double"}
{"pos":[-124.8690032958984,-505.6499938964844,124.8170013427734],"rotationMatrix":[0.9558360576629639,-0.2939003705978394,0,0.2939003705978394,0.9558360576629639,0,0,0,1],"scale":1.310199975967407,"type":"eucalyptus_double"}
{"pos":[-93.59989929199219,-548.1199951171875,124.1419982910156],"rotationMatrix":[-0.9776628017425537,0.2101795524358749,0,-0.2101795524358749,-0.9776628017425537,0,0,0,1],"scale":1.030500054359436,"type":"eucalyptus_double"}
{"pos":[-121.9820022583008,-661.073974609375,132.0370025634766],"rotationMatrix":[-0.9243296384811401,0.3815949559211731,0,-0.3815949559211731,-0.9243296384811401,0,0,0,1],"scale":1.220299959182739,"type":"eucalyptus_double"}
{"pos":[-109.5920028686523,-716.3839721679688,127.9540023803711],"rotationMatrix":[-0.08339202404022217,-0.9965168237686157,0,0.9965168237686157,-0.08339202404022217,0,0,0,1],"scale":1.160400032997131,"type":"eucalyptus_double"}
{"pos":[-116.1569976806641,-688.448974609375,131.0950012207031],"rotationMatrix":[-0.6038404703140259,-0.7971051931381226,0,0.7971051931381226,-0.6038404703140259,0,0,0,1],"scale":1.064499974250793,"type":"eucalyptus_double"}
{"pos":[-109.7630004882813,-705.6209716796875,130.4329986572266],"rotationMatrix":[0.0513845682144165,-0.9986789226531982,0,0.9986789226531982,0.0513845682144165,0,0,0,1],"scale":1.286800026893616,"type":"eucalyptus_double"}
{"pos":[-100.6589965820313,-724.8989868164063,129.1999969482422],"rotationMatrix":[0.9118000268936157,-0.4106345176696777,0,0.4106345176696777,0.9118000268936157,0,0,0,1],"scale":1.241600036621094,"type":"eucalyptus_double"}
{"pos":[-126.9189987182617,-695.2839965820313,125.4189987182617],"rotationMatrix":[-0.9443919658660889,0.3288218677043915,0,-0.3288218677043915,-0.9443919658660889,0,0,0,1],"scale":1.393399953842163,"type":"eucalyptus_double"}
{"pos":[-57.76869964599609,-790.7979736328125,129.6219940185547],"rotationMatrix":[-0.8114656209945679,0.5844001770019531,0,-0.5844001770019531,-0.8114656209945679,0,0,0,1],"scale":1.283400058746338,"type":"eucalyptus_double"}
{"pos":[-78.49690246582031,-751.0850219726563,130.3659973144531],"rotationMatrix":[-0.4504450559616089,-0.8928041458129883,0,0.8928041458129883,-0.4504450559616089,0,0,0,1],"scale":1.107800006866455,"type":"eucalyptus_double"}
{"pos":[-505.0690002441406,-299.4809875488281,100.9410018920898],"rotationMatrix":[-0.822904109954834,0.56818026304245,0,-0.56818026304245,-0.822904109954834,0,0,0,1],"scale":1.240499973297119,"type":"eucalyptus_double"}
{"pos":[-505.4670104980469,-310.8630065917969,100.2649993896484],"rotationMatrix":[0.5864958763122559,0.8099521994590759,0,-0.8099521994590759,0.5864958763122559,0,0,0,1],"scale":1.355499982833862,"type":"eucalyptus_double"}
{"pos":[-929.8369750976563,-576.3170166015625,105.6869964599609],"rotationMatrix":[0.8699500560760498,0.4931398332118988,0,-0.4931398332118988,0.8699500560760498,0,0,0,1],"scale":0.9135000109672546,"type":"eucalyptus_double"}
{"pos":[-111.4339981079102,386.3469848632813,93.3489990234375],"rotationMatrix":[0.5109394788742065,-0.8596166968345642,0,0.8596166968345642,0.5109394788742065,0,0,0,1],"scale":1.114599943161011,"type":"eucalyptus_double"}
{"pos":[-206.2649993896484,333.322998046875,98.38339996337891],"rotationMatrix":[0.3474611043930054,0.9376943707466125,0,-0.9376943707466125,0.3474611043930054,0,0,0,1],"scale":1.071200013160706,"type":"eucalyptus_double"}
{"pos":[-231.25,315.1109924316406,98.46410369873047],"rotationMatrix":[-0.9074951410293579,-0.4200625717639923,0,0.4200625717639923,-0.9074951410293579,0,0,0,1],"scale":1.276299953460693,"type":"eucalyptus_double"}
{"pos":[-258.8529968261719,295.1340026855469,98.49520111083984],"rotationMatrix":[0.9416546821594238,-0.3365805447101593,0,0.3365805447101593,0.9416546821594238,0,0,0,1],"scale":1.058099985122681,"type":"eucalyptus_double"}
{"pos":[-873.7009887695313,380.9730834960938,150.7079925537109],"rotationMatrix":[0.008486270904541016,-0.9999639987945557,0,0.9999639987945557,0.008486270904541016,0,0,0,1],