{"pos":[-399.9169921875,-93.22920227050781,103.661003112793],"rotationMatrix":[-0.1208039522171021,-0.9926763772964478,0,0.9926763772964478,-0.1208039522171021,0,0,0,1],"scale":1.141299962997437,"type":"fanpalm_tall"}
{"pos":[-283.9240112304688,-449.9970092773438,119.870002746582],"rotationMatrix":[0.9964382648468018,-0.08432547003030777,0,0.08432547003030777,0.9964382648468018,0,0,0,1],"scale":1.24590003490448,"type":"fanpalm_tall"}
{"pos":[-424.6570129394531,-344.9179992675781,100.6159973144531],"rotationMatrix":[0.8738975524902344,-0.4861101508140564,0,0.4861101508140564,0.8738975524902344,0,0,0,1],"scale":1.207000017166138,"type":"fanpalm_tall"}
{"pos":[-386.4920043945313,-357.9450073242188,101.7630004882813],"rotationMatrix":[0.8315680027008057,0.5554229617118835,0,-0.5554229617118835,0.8315680027008057,0,0,0,1],"scale":1.125900030136108,"type":"fanpalm_tall"}
{"pos":[-479.5799865722656,-493.7850036621094,120.4919967651367],"rotationMatrix":[-0.9868217706680298,-0.1618109792470932,0,0.1618109792470932,-0.9868217706680298,0,0,0,1],"scale":0.698199987411499,"type":"fanpalm_tall"}
{"pos":[-595.0380249023438,-230.2259979248047,106.318000793457],"rotationMatrix":[0.4028940200805664,0.9152466654777527,0,-0.9152466654777527,0.4028940200805664,0,0,0,1],"scale":1.000900030136108,"type":"fanpalm_tall"}
{"pos":[-731.85400390625,-443.5719909667969,104.2259979248047],"rotationMatrix":[0.9471874237060547,-0.3206804990768433,0,0.3206804990768433,0.9471874237060547,0,0,0,1],"scale":1.077499985694885,"type":"fanpalm_tall"}
{"pos":[-790.0280151367188,-590.0339965820313,102.7870025634766],"rotationMatrix":[-0.1784194707870483,0.9839544892311096,0,-0.9839544892311096,-0.1784194707870483,0,0,0,1],"scale":0.9251000285148621,"type":"fanpalm_tall"}
{"pos":[-869.9609985351563,-626.0590209960938,103.8820037841797],"rotationMatrix":[0.8638623952865601,-0.5037278532981873,0,0.5037278532981873,0.8638623952865601,0,0,0,1],"scale":1.127300024032593,"type":"fanpalm_tall"}
{"pos":[-849.4719848632813,-647.5339965820313,105.9820022583008],"rotationMatrix":[-0.9856258630752563,0.1689427644014359,0,-0.1689427644014359,-0.9856258630752563,0,0,0,1],"scale":1.025799989700317,"type":"fanpalm_tall"}
{"pos":[-157.7200012207031,684.6859741210938,74.62789916992188],"rotationMatrix":[0.001998186111450195,-0.9999980330467224,0,0.9999980330467224,0.001998186111450195,0,0,0,1],"scale":1.077900052070618,"type":"fanpalm_tall"}
{"pos":[-217.5610046386719,651.635986328125,74.22969818115234],"rotationMatrix":[0.7063155174255371,0.7078971862792969,0,-0.7078971862792969,0.7063155174255371,0,0,0,1],"scale":1.096099972724915,"type":"fanpalm_tall"}
{"pos":[-180.5870056152344,570.3200073242188,74.32530212402344],"rotationMatrix":[0.8961231708526611,-0.4438054263591766,0,0.4438054263591766,0.8961231708526611,0,0,0,1],"scale":1.250599980354309,"type":"fanpalm_tall"}
{"pos":[-151.8150024414063,507.0190124511719,74.0989990234375],"rotationMatrix":[0.9304354190826416,0.3664559125900269,0,-0.3664559125900269,0.9304354190826416,0,0,0,1],"scale":1.228600025177002,"type":"fanpalm_tall"}
{"pos":[-218.4179992675781,621.9390258789063,74.04019927978516],"rotationMatrix":[-0.3128479719161987,0.9498032331466675,0,-0.9498032331466675,-0.3128479719161987,0,0,0,1],"scale":1.288900017738342,"type":"fanpalm_tall"}
{"pos":[-205.2059936523438,543.9130249023438,74.40709686279297],"rotationMatrix":[-0.3688505887985229,0.9294887185096741,0,-0.9294887185096741,-0.3688505887985229,0,0,0,1],"scale":1.045899987220764,"type":"fanpalm_tall"}
{"pos":[-216.8769989013672,526.3690185546875,74.49490356445313],"rotationMatrix":[0.3497438430786133,-0.9368453621864319,0,0.9368453621864319,0.3497438430786133,0,0,0,1],"scale":1.197700023651123,"type":"fanpalm_tall"}
{"pos":[-368.239990234375,662.6329956054688,74.24420166015625],"rotationMatrix":[0.6990671157836914,0.7150560617446899,0,-0.7150560617446899,0.6990671157836914,0,0,0,1],"scale":1.283300042152405,"type":"fanpalm_tall"}
{"pos":[-359.5780029296875,649.3670043945313,74.06289672851563],"rotationMatrix":[0.4583677053451538,0.8887626528739929,0,-0.8887626528739929,0.4583677053451538,0,0,0,1],"scale":1.241999983787537,"type":"fanpalm_tall"}
{"pos":[-380.5950012207031,672.1400146484375,74.50370025634766],"rotationMatrix":[-0.9121856689453125,0.4097771346569061,0,-0.4097771346569061,-0.9121856689453125,0,0,0,1],"scale":1.164899945259094,"type":"fanpalm_tall"}
{"pos":[-113.3259963989258,324.052001953125,104.4680023193359],"rotationMatrix":[-0.8868473768234253,-0.4620624780654907,0,0.4620624780654907,-0.8868473768234253,0,0,0,1],"scale":1.293900012969971,"type":"fanpalm_tall"}
{"pos":[-175.9839935302734,454.7940063476563,75.85590362548828],"rotationMatrix":[-0.9960020780563354,-0.08933006227016449,0,0.08933006227016449,-0.9960020780563354,0,0,0,1],"scale":1.152500033378601,"type":"fanpalm_tall"}
{"pos":[-86.37629699707031,109.8450012207031,125.7959976196289],"rotationMatrix":[0.4092154502868652,-0.9124377965927124,0,0.9124377965927124,0.4092154502868652,0,0,0,1],"scale":1.292899966239929,"type":"fanpalm_tall"}
{"pos":[-115.1569976806641,122.3759994506836,123.2639999389648],"rotationMatrix":[-0.9995999336242676,-0.02828378789126873,0,0.02828378789126873,-0.9995999336242676,0,0,0,1],"scale":1.085399985313416,"type":"fanpalm_tall"}
{"pos":[-294.9660034179688,360.5220031738281,101.3099975585938],"rotationMatrix":[-0.2308804988861084,-0.9729821085929871,0,0.9729821085929871,-0.2308804988861084,0,0,0,1],"scale":1.03059995174408,"type":"fanpalm_tall"}
{"pos":[-378.5469970703125,407.2040100097656,97.35759735107422],"rotationMatrix":[0.9772728681564331,0.211985245347023,0,-0.211985245347023,0.9772728681564331,0,0,0,1],"scale":0.8046000003814697,"type":"fanpalm_tall"}
{"pos":[-470.5589904785156,288.5750122070313,97.50869750976563],"rotationMatrix":[0.458575963973999,0.8886551856994629,0,-0.8886551856994629,0.458575963973999,0,0,0,1],"scale":0.9678999781608582,"type":"fanpalm_tall"}
{"pos":[-390.6170043945313,281.8049926757813,101.2279968261719],"rotationMatrix":[0.5538654327392578,-0.8326061964035034,0,0.8326061964035034,0.5538654327392578,0,0,0,1],"scale":1.051499962806702,"type":"fanpalm_tall"}
{"pos":[-359.4739990234375,64.55429840087891,106.0930023193359],"rotationMatrix":[0.6120957136154175,0.790783703327179,0,-0.790783703327179,0.6120957136154175,0,0,0,1],"scale":1.198600053787231,"type":"fanpalm_tall"}
{"pos":[-492.5390014648438,235.8350067138672,101.5029983520508],"rotationMatrix":[0.336448073387146,0.9417020082473755,0,-0.9417020082473755,0.336448073387146,0,0,0,1],"scale":1.075600028038025,"type":"fanpalm_tall"}
{"pos":[-489.2049865722656,172.3679962158203,99.89620208740234],"rotationMatrix":[-0.9420263767242432,0.3355388343334198,0,-0.3355388343334198,-0.9420263767242432,0,0,0,1],"scale":0.9143999814987183,"type":"fanpalm_tall"}
{"pos":[-412.2650146484375,120.2429962158203,98.18720245361328],"rotationMatrix":[0.291949987411499,-0.9564335942268372,0,0.9564335942268372,0.291949987411499,0,0,0,1],"scale":0.9246000051498413,"type":"fanpalm_tall"}
{"pos":[-722.7869873046875,890.823974609375,74.43869781494141],"rotationMatrix":[0.2425656318664551,0.970134973526001,0,-0.970134973526001,0.2425656318664551,0,0,0,1],"scale":1.261299967765808,"type":"fanpalm_tall"}
{"pos":[-716.5989990234375,886.3729858398438,74.5780029296875],"rotationMatrix":[-0.07135510444641113,0.9974509477615356,0,-0.9974509477615356,-0.07135510444641113,0,0,0,1],"scale":0.9710999727249146,"type":"fanpalm_tall"}
{"pos":[-704.3049926757813,874.7369995117188,74.49500274658203],"rotationMatrix":[-0.4709553718566895,-0.882157027721405,0,0.882157027721405,-0.4709553718566895,0,0,0,1],"scale":1.146299958229065,"type":"fanpalm_tall"}
{"pos":[-688.7310180664063,867.1400146484375,74.21389770507813],"rotationMatrix":[0.3848376274108887,-0.9229843020439148,0,0.9229843020439148,0.3848376274108887,0,0,0,1],"scale":0.9153000116348267,"type":"fanpalm_tall"}
{"pos":[-669.7593994140625,849.3099975585938,74.62449645996094],