{"pos":[-94.3323974609375,-481.2340087890625,126.2880020141602],"rotationMatrix":[0.939934253692627,0.3413555324077606,0,-0.3413555324077606,0.939934253692627,0,0,0,1],"scale":1,"type":"featherflag_beamng"}
{"pos":[-68.51490020751953,-551.010986328125,130.0559997558594],"rotationMatrix":[0.939934253692627,0.3413555324077606,0,-0.3413555324077606,0.939934253692627,0,0,0,1],"scale":1,"type":"featherflag_beamng"}
{"pos":[-87.08699798583984,-500.8039855957031,127.4349975585938],"rotationMatrix":[0.939934253692627,0.3413555324077606,0,-0.3413555324077606,0.939934253692627,0,0,0,1],"scale":1,"type":"featherflag_beamng"}
{"pos":[-74.96849822998047,-534.4290161132813,129.1690063476563],"rotationMatrix":[0.939934253692627,0.3413555324077606,0,-0.3413555324077606,0.939934253692627,0,0,0,1],"scale":1,"type":"featherflag_beamng"}
{"pos":[-80.99189758300781,-517.7570190429688,128.197998046875],"rotationMatrix":[0.939934253692627,0.3413555324077606,0,-0.3413555324077606,0.939934253692627,0,0,0,1],"scale":1,"type":"featherflag_beamng"}
