{"pos":[-343.0870056152344,341.7070007324219,118.7089996337891],"rotationMatrix":[1,0,0,0,1,0,0,0,1],"scale":1,"type":"flag_usa1"}
{"pos":[-469.5559997558594,219.4179992675781,144.6759948730469],"rotationMatrix":[1,0,0,0,1,0,0,0,1],"scale":1,"type":"flag_usa1"}
{"pos":[-741.2000122070313,760.6669921875,97.60019683837891],"rotationMatrix":[-0.6733521223068237,0.7393219470977783,0,-0.7393219470977783,-0.6733521223068237,0,0,0,1],"scale":1,"type":"flag_usa1"}
{"pos":[-874.7960205078125,432.7040100097656,167.9579925537109],"rotationMatrix":[-0.4148983955383301,0.9098677635192871,0,-0.9098677635192871,-0.4148983955383301,0,0,0,1],"scale":1,"type":"flag_usa1"}
