{"pos":[-480.7749938964844,127.2949981689453,101.161003112793],"rotationMatrix":[0.9552396535873413,-0.2958330810070038,0,0.2958330810070038,0.9552396535873413,0,0,0,1],"scale":1,"type":"gaspump"}
{"pos":[-478.6029968261719,134.0579986572266,101.1630020141602],"rotationMatrix":[0.9523830413818359,-0.3049041628837585,0,0.3049041628837585,0.9523830413818359,0,0,0,1],"scale":1,"type":"gaspump"}
{"pos":[-486.135986328125,137.1730041503906,101.1729965209961],"rotationMatrix":[0.957834005355835,-0.2873221635818481,0,0.2873221635818481,0.957834005355835,0,0,0,1],"scale":1,"type":"gaspump"}
{"pos":[-488.1579895019531,130.2830047607422,101.181999206543],"rotationMatrix":[0.9492470026016235,-0.3145315945148468,0,0.3145315945148468,0.9492470026016235,0,0,0,1],"scale":1,"type":"gaspump"}
{"pos":[-495.9429931640625,131.9989929199219,101.1780014038086],"rotationMatrix":[0.96435546875,-0.2646101415157318,0,0.2646101415157318,0.96435546875,0,0,0,1],"scale":1,"type":"gaspump"}
{"pos":[-494.0090026855469,138.8650054931641,101.1839981079102],"rotationMatrix":[0.9542770385742188,-0.2989236116409302,0,0.2989236116409302,0.9542770385742188,0,0,0,1],"scale":1,"type":"gaspump"}
{"pos":[-793.739990234375,859.5980224609375,75.84089660644531],"rotationMatrix":[0.008768081665039063,0.9999615550041199,0,-0.9999615550041199,0.008768081665039063,0,0,0,1],"scale":1,"type":"gaspump"}
{"pos":[-800.843994140625,859.656005859375,75.84149932861328],"rotationMatrix":[1.931190490722656e-05,-1,0,1,1.931190490722656e-05,0,0,0,1],"scale":1,"type":"gaspump"}
{"pos":[-794.0479736328125,850.56298828125,75.84259796142578],"rotationMatrix":[-0.001678586006164551,0.9999985694885254,0,-0.9999985694885254,-0.001678586006164551,0,0,0,1],"scale":1,"type":"gaspump"}
{"pos":[-800.6300048828125,850.4229736328125,75.84369659423828],"rotationMatrix":[1.931190490722656e-05,1,0,-1,1.931190490722656e-05,0,0,0,1],"scale":1,"type":"gaspump"}
{"pos":[-191.9161071777344,516.011474609375,75.82070159912109],"rotationMatrix":[1,0,0,0,1,0,0,0,1],"scale":1,"type":"gaspump"}
{"pos":[-191.8884887695313,522.8922729492188,75.79244232177734],"rotationMatrix":[1,0,0,0,1,0,0,0,1],"scale":1,"type":"gaspump"}
{"pos":[-181.8350372314453,516.12451171875,75.82490539550781],"rotationMatrix":[1,0,0,0,1,0,0,0,1],"scale":1,"type":"gaspump"}
{"pos":[-181.900146484375,522.9024047851563,75.81304931640625],"rotationMatrix":[1,0,0,0,1,0,0,0,1],"scale":1,"type":"gaspump"}
{"pos":[-201.8334503173828,516.5178833007813,75.8331298828125],"rotationMatrix":[1,0,0,0,1,0,0,0,1],"scale":1,"type":"gaspump"}
{"pos":[-201.8537445068359,522.7933959960938,75.83998870849609],"rotationMatrix":[1,0,0,0,1,0,0,0,1],"scale":1,"type":"gaspump"}
