{"pos":[-420.4020080566406,-494.6440124511719,123.0319976806641],"rotationMatrix":[0.9007203578948975,-0.4343993961811066,0,0.4343993961811066,0.9007203578948975,0,0,0,1],"scale":1,"type":"house2"}
{"pos":[-463.9259948730469,-488.0360107421875,122.4400024414063],"rotationMatrix":[0.9990754127502441,0.04299208894371986,0,-0.04299208894371986,0.9990754127502441,0,0,0,1],"scale":1,"type":"house2"}
{"pos":[-242.8269958496094,-852.7639770507813,137.1880035400391],"rotationMatrix":[-0.9968012571334839,0.07992029935121536,0,-0.07992029935121536,-0.9968012571334839,0,0,0,1],"scale":1,"type":"house2"}
{"pos":[-202.625,-838.2839965820313,136.718994140625],"rotationMatrix":[-0.7012745141983032,-0.7128913402557373,0,0.7128913402557373,-0.7012745141983032,0,0,0,1],"scale":1,"type":"house2"}
{"pos":[-164.4839935302734,-793.6099853515625,133.0429992675781],"rotationMatrix":[-0.4419416189193726,-0.8970438241958618,0,0.8970438241958618,-0.4419416189193726,0,0,0,1],"scale":1,"type":"house2"}
{"pos":[-330.5880126953125,-597.2570190429688,126.7399978637695],"rotationMatrix":[0.7285628318786621,-0.6849789619445801,0,0.6849789619445801,0.7285628318786621,0,0,0,1],"scale":1,"type":"house2"}
{"pos":[-366.3049926757813,-566.85400390625,127.2379989624023],"rotationMatrix":[0.7285628318786621,-0.6849789619445801,0,0.6849789619445801,0.7285628318786621,0,0,0,1],"scale":1,"type":"house2"}
{"pos":[-266.5639953613281,-653.676025390625,125.5999984741211],"rotationMatrix":[0.9998621940612793,0.01660099066793919,0,-0.01660099066793919,0.9998621940612793,0,0,0,1],"scale":1,"type":"house2"}
{"pos":[-296.8450012207031,-629.552978515625,124.572998046875],"rotationMatrix":[0.5935587882995605,-0.8047906160354614,0,0.8047906160354614,0.5935587882995605,0,0,0,1],"scale":1,"type":"house2"}
{"pos":[-388.5849914550781,-527.5989990234375,124.1039962768555],"rotationMatrix":[0.4720190763473511,-0.881588339805603,0,0.881588339805603,0.4720190763473511,0,0,0,1],"scale":1,"type":"house2"}
{"pos":[-281.0830078125,-836.9669799804688,137.1600036621094],"rotationMatrix":[-0.8301671743392944,0.5575145483016968,0,-0.5575145483016968,-0.8301671743392944,0,0,0,1],"scale":1,"type":"house2"}
{"pos":[-539.2420043945313,-432.375,116.3860015869141],"rotationMatrix":[0.9677927494049072,-0.251748263835907,0,0.251748263835907,0.9677927494049072,0,0,0,1],"scale":1,"type":"house2"}
{"pos":[-501.4670104980469,-464.7300109863281,118.197998046875],"rotationMatrix":[0.4838719367980957,-0.8751388192176819,0,0.8751388192176819,0.4838719367980957,0,0,0,1],"scale":1,"type":"house2"}
{"pos":[-588.1420288085938,-428.5989990234375,113.9240036010742],"rotationMatrix":[0.9999794960021973,-0.006403715815395117,0,0.006403715815395117,0.9999794960021973,0,0,0,1],"scale":1,"type":"house2"}
{"pos":[-635.4459838867188,-427.2659912109375,110.5139999389648],"rotationMatrix":[0.9999995231628418,-0.0009765623835846782,0,0.0009765623835846782,0.9999995231628418,0,0,0,1],"scale":1,"type":"house2"}
{"pos":[-636.18701171875,-507.6579895019531,114.1320037841797],"rotationMatrix":[0.997306227684021,0.0733504444360733,0,-0.0733504444360733,0.997306227684021,0,0,0,1],"scale":1,"type":"house2"}
{"pos":[-683.0999755859375,-519.9299926757813,110.3290023803711],"rotationMatrix":[0.8944758176803589,0.4471163153648376,0,-0.4471163153648376,0.8944758176803589,0,0,0,1],"scale":1,"type":"house2"}
{"pos":[-718.8300170898438,-544.030029296875,106.6849975585938],"rotationMatrix":[0.7347166538238525,0.6783741116523743,0,-0.6783741116523743,0.7347166538238525,0,0,0,1],"scale":1,"type":"house2"}
{"pos":[-1131.219970703125,997.8610229492188,86.277099609375],"rotationMatrix":[0.1461368799209595,-0.9892643690109253,0,0.9892643690109253,0.1461368799209595,0,0,0,1],"scale":1,"type":"house2"}
{"pos":[-157.1725158691406,-824.7510986328125,133.5928802490234],"rotationMatrix":[0.7523404955863953,-0.6587738990783691,0,0.6587738990783691,0.7523404955863953,0,0,0,1],"scale":1,"type":"house2"}
{"pos":[-168.1550903320313,-874.5341796875,132.4393615722656],"rotationMatrix":[-0.766771137714386,0.6419210433959961,0,-0.6419210433959961,-0.766771137714386,0,0,0,1],"scale":1,"type":"house2"}
