{"pos":[-441.7470092773438,-488.18701171875,122.7669982910156],"rotationMatrix":[0.9893711805343628,-0.1454120576381683,0,0.1454120576381683,0.9893711805343628,0,0,0,1],"scale":1,"type":"house1"}
{"pos":[-487.4719848632813,-484.3250122070313,121.2979965209961],"rotationMatrix":[0.8686206340789795,-0.4954777359962463,0,0.4954777359962463,0.8686206340789795,0,0,0,1],"scale":1,"type":"house1"}
{"pos":[-220.9909973144531,-849.6339721679688,137.1940002441406],"rotationMatrix":[-0.9590122699737549,-0.2833645343780518,0,0.2833645343780518,-0.9590122699737549,0,0,0,1],"scale":1,"type":"house1"}
{"pos":[-177.7940063476563,-812.7109985351563,134.8200073242188],"rotationMatrix":[-0.6605708599090576,-0.7507637143135071,0,0.7507637143135071,-0.6605708599090576,0,0,0,1],"scale":1,"type":"house1"}
{"pos":[-157.8619995117188,-769.3809814453125,132.052001953125],"rotationMatrix":[-0.03795230388641357,-0.9992795586585999,0,0.9992795586585999,-0.03795230388641357,0,0,0,1],"scale":1,"type":"house1"}
{"pos":[-313.7170104980469,-612.2890014648438,125.3529968261719],"rotationMatrix":[0.7053951025009155,-0.7088143229484558,0,0.7088143229484558,0.7053951025009155,0,0,0,1],"scale":1,"type":"house1"}
{"pos":[-349.4400024414063,-581.447021484375,127.2239990234375],"rotationMatrix":[0.7287101745605469,-0.6848222017288208,0,0.6848222017288208,0.7287101745605469,0,0,0,1],"scale":1,"type":"house1"}
{"pos":[-286.135009765625,-647.3980102539063,124.1060028076172],"rotationMatrix":[0.4531512260437012,-0.8914336562156677,0,0.8914336562156677,0.4531512260437012,0,0,0,1],"scale":1,"type":"house1"}
{"pos":[-380.77099609375,-549.02197265625,126.3349990844727],"rotationMatrix":[0.5293560028076172,-0.848399817943573,0,0.848399817943573,0.5293560028076172,0,0,0,1],"scale":1,"type":"house1"}
{"pos":[-403.6050109863281,-507.2359924316406,123.4690017700195],"rotationMatrix":[0.6475359201431274,-0.7620349526405334,0,0.7620349526405334,0.6475359201431274,0,0,0,1],"scale":1,"type":"house1"}
{"pos":[-301.3609924316406,-823.9180297851563,137.3910064697266],"rotationMatrix":[-0.7630664110183716,0.646320104598999,0,-0.646320104598999,-0.7630664110183716,0,0,0,1],"scale":1,"type":"house1"}
{"pos":[-262.7650146484375,-847.18798828125,137.3200073242188],"rotationMatrix":[-0.9157073497772217,0.4018458127975464,0,-0.4018458127975464,-0.9157073497772217,0,0,0,1],"scale":1,"type":"house1"}
{"pos":[-517.6420288085938,-443.8919982910156,117.8030014038086],"rotationMatrix":[0.7698867321014404,-0.6381805539131165,0,0.6381805539131165,0.7698867321014404,0,0,0,1],"scale":1,"type":"house1"}
{"pos":[-564.2039794921875,-428.9230041503906,115.2249984741211],"rotationMatrix":[0.9997535943984985,-0.02219798415899277,0,0.02219798415899277,0.9997535943984985,0,0,0,1],"scale":1,"type":"house1"}
{"pos":[-611.8200073242188,-427.5710144042969,112.9250030517578],"rotationMatrix":[0.9999558925628662,-0.009392173960804939,0,0.009392173960804939,0.9999558925628662,0,0,0,1],"scale":1,"type":"house1"}
{"pos":[-661.843017578125,-426.4219970703125,108.8420028686523],"rotationMatrix":[0.9999831914901733,-0.005797994323074818,0,0.005797994323074818,0.9999831914901733,0,0,0,1],"scale":1,"type":"house1"}
{"pos":[-662.448974609375,-512.7459716796875,112.7239990234375],"rotationMatrix":[0.9754023551940918,0.2204319536685944,0,-0.2204319536685944,0.9754023551940918,0,0,0,1],"scale":1,"type":"house1"}
{"pos":[-703.3389892578125,-530.9669799804688,108.8420028686523],"rotationMatrix":[0.8214371204376221,0.5702990889549255,0,-0.5702990889549255,0.8214371204376221,0,0,0,1],"scale":1,"type":"house1"}
{"pos":[-1102.910034179688,933.7009887695313,82.46040344238281],"rotationMatrix":[-0.02617144584655762,-0.9996574521064758,0,0.9996574521064758,-0.02617144584655762,0,0,0,1],"scale":1,"type":"house1"}
{"pos":[-137.9169006347656,-840.8656005859375,131.8806457519531],"rotationMatrix":[0.7260808944702148,-0.6876096725463867,0,0.6876096725463867,0.7260808944702148,0,0,0,1],"scale":1,"type":"house1"}
