{"pos":[-64.464599609375,655.6090087890625,74.43890380859375],"rotationMatrix":[1,0,0,0,1,0,0,0,1],"scale":1,"type":"hydrant1"}
{"pos":[-42.30640029907227,561.64599609375,74.47170257568359],"rotationMatrix":[1,0,0,0,1,0,0,0,1],"scale":1,"type":"hydrant1"}
{"pos":[-180.0559997558594,656.5540161132813,74.543701171875],"rotationMatrix":[1,0,0,0,1,0,0,0,1],"scale":1,"type":"hydrant1"}
{"pos":[-251.8059997558594,656.5189819335938,74.55180358886719],"rotationMatrix":[1,0,0,0,1,0,0,0,1],"scale":1,"type":"hydrant1"}
{"pos":[-287.5830078125,656.614990234375,74.54989624023438],"rotationMatrix":[1,0,0,0,1,0,0,0,1],"scale":1,"type":"hydrant1"}
{"pos":[-344.5320129394531,641.4450073242188,74.58000183105469],"rotationMatrix":[1,0,0,0,1,0,0,0,1],"scale":1,"type":"hydrant1"}
{"pos":[-428.1669921875,670.7230224609375,74.58070373535156],"rotationMatrix":[1,0,0,0,1,0,0,0,1],"scale":1,"type":"hydrant1"}
{"pos":[-455.3529968261719,697.7630004882813,74.77780151367188],"rotationMatrix":[1,0,0,0,1,0,0,0,1],"scale":1,"type":"hydrant1"}
{"pos":[-472.6029968261719,528.9390258789063,95.96099853515625],"rotationMatrix":[1,0,0,0,1,0,0,0,1],"scale":1,"type":"hydrant1"}
{"pos":[-449.9440002441406,506.093994140625,96.24960327148438],"rotationMatrix":[1,0,0,0,1,0,0,0,1],"scale":1,"type":"hydrant1"}
{"pos":[-54.99150085449219,414.3489990234375,101.552001953125],"rotationMatrix":[1,0,0,0,1,0,0,0,1],"scale":1,"type":"hydrant1"}
{"pos":[-17.81870079040527,432.6510009765625,101.5210037231445],"rotationMatrix":[1,0,0,0,1,0,0,0,1],"scale":1,"type":"hydrant1"}
{"pos":[-344.2569885253906,308.2380065917969,101.5230026245117],"rotationMatrix":[1,0,0,0,1,0,0,0,1],"scale":1,"type":"hydrant1"}
{"pos":[-394.8800048828125,451.0140075683594,95.8323974609375],"rotationMatrix":[1,0,0,0,1,0,0,0,1],"scale":1,"type":"hydrant1"}
{"pos":[-384.8550109863281,417,95.8948974609375],"rotationMatrix":[1,0,0,0,1,0,0,0,1],"scale":1,"type":"hydrant1"}
{"pos":[-425.7760009765625,222.3549957275391,100.7399978637695],"rotationMatrix":[1,0,0,0,1,0,0,0,1],"scale":1,"type":"hydrant1"}
{"pos":[-427.0509948730469,159.8190002441406,99.94309997558594],"rotationMatrix":[1,0,0,0,1,0,0,0,1],"scale":1,"type":"hydrant1"}
{"pos":[-488.6260070800781,153.1840057373047,100.0090026855469],"rotationMatrix":[1,0,0,0,1,0,0,0,1],"scale":1,"type":"hydrant1"}
{"pos":[-516.6909790039063,756.7899780273438,74.66950225830078],"rotationMatrix":[1,0,0,0,1,0,0,0,1],"scale":1,"type":"hydrant1"}
{"pos":[-546.3660278320313,763.8610229492188,74.62120056152344],"rotationMatrix":[1,0,0,0,1,0,0,0,1],"scale":1,"type":"hydrant1"}
{"pos":[-675.6909790039063,801.0590209960938,74.64009857177734],"rotationMatrix":[1,0,0,0,1,0,0,0,1],"scale":1,"type":"hydrant1"}
{"pos":[-610.8419799804688,784.9710083007813,74.55100250244141],"rotationMatrix":[1,0,0,0,1,0,0,0,1],"scale":1,"type":"hydrant1"}
{"pos":[-547.343017578125,603.7730102539063,89.86039733886719],"rotationMatrix":[1,0,0,0,1,0,0,0,1],"scale":1,"type":"hydrant1"}
{"pos":[-539.5579833984375,571.7869873046875,89.99909973144531],"rotationMatrix":[1,0,0,0,1,0,0,0,1],"scale":1,"type":"hydrant1"}
{"pos":[-712.4190063476563,552.7160034179688,119.8730010986328],"rotationMatrix":[1,0,0,0,1,0,0,0,1],"scale":1,"type":"hydrant1"}
{"pos":[-755.5349731445313,774.5059814453125,87.16249847412109],"rotationMatrix":[1,0,0,0,1,0,0,0,1],"scale":1,"type":"hydrant1"}
{"pos":[-775.3270263671875,756.8079833984375,87.95459747314453],"rotationMatrix":[1,0,0,0,1,0,0,0,1],"scale":1,"type":"hydrant1"}
{"pos":[-779.7680053710938,867.1199951171875,74.69139862060547],"rotationMatrix":[1,0,0,0,1,0,0,0,1],"scale":1,"type":"hydrant1"}
{"pos":[-908.02001953125,764.1400146484375,92.02999877929688],"rotationMatrix":[1,0,0,0,1,0,0,0,1],"scale":1,"type":"hydrant1"}
{"pos":[-926.6820068359375,780.3380126953125,91.89499664306641],"rotationMatrix":[1,0,0,0,1,0,0,0,1],"scale":1,"type":"hydrant1"}
{"pos":[-902.4710083007813,866.9829711914063,74.64320373535156],"rotationMatrix":[1,0,0,0,1,0,0,0,1],"scale":1,"type":"hydrant1"}
{"pos":[-775.5579833984375,651.3560180664063,106.3769989013672],"rotationMatrix":[1,0,0,0,1,0,0,0,1],"scale":1,"type":"hydrant1"}
{"pos":[-762.43798828125,674.4940185546875,105.6989974975586],"rotationMatrix":[1,0,0,0,1,0,0,0,1],"scale":1,"type":"hydrant1"}
{"pos":[-780.156982421875,561.7899780273438,123.6119995117188],"rotationMatrix":[1,0,0,0,1,0,0,0,1],"scale":1,"type":"hydrant1"}
{"pos":[-758.2750244140625,548.68798828125,123.3960037231445],"rotationMatrix":[1,0,0,0,1,0,0,0,1],"scale":1,"type":"hydrant1"}
{"pos":[-931.1740112304688,656.4879760742188,111.8440017700195],"rotationMatrix":[1,0,0,0,1,0,0,0,1],"scale":1,"type":"hydrant1"}
{"pos":[-904.7890014648438,666.4979858398438,111.6839981079102],"rotationMatrix":[1,0,0,0,1,0,0,0,1],"scale":1,"type":"hydrant1"}
{"pos":[-909.4970092773438,548.6929931640625,131.7330017089844],"rotationMatrix":[1,0,0,0,1,0,0,0,1],"scale":1,"type":"hydrant1"}
{"pos":[-927.552001953125,562.7479858398438,131.8049926757813],"rotationMatrix":[1,0,0,0,1,0,0,0,1],"scale":1,"type":"hydrant1"}
{"pos":[-559.1929931640625,408.6860046386719,108.5780029296875],"rotationMatrix":[1,0,0,0,1,0,0,0,1],"scale":1,"type":"hydrant1"}
{"pos":[-586.2860107421875,399.885986328125,109.056999206543],"rotationMatrix":[1,0,0,0,1,0,0,0,1],"scale":1,"type":"hydrant1"}
{"pos":[-633.8720092773438,474.1430053710938,116.4629974365234],"rotationMatrix":[1,0,0,0,1,0,0,0,1],"scale":1,"type":"hydrant1"}
{"pos":[-666.8660278320313,477.25,117.4280014038086],"rotationMatrix":[1,0,0,0,1,0,0,0,1],"scale":1,"type":"hydrant1"}
{"pos":[-657.3350219726563,497.6809997558594,116.806999206543],"rotationMatrix":[1,0,0,0,1,0,0,0,1],"scale":1,"type":"hydrant1"}
{"pos":[-665.156005859375,302.2749938964844,129.2850036621094],"rotationMatrix":[1,0,0,0,1,0,0,0,1],"scale":1,"type":"hydrant1"}
{"pos":[-693.3189697265625,292.8510131835938,129.3099975585938],"rotationMatrix":[1,0,0,0,1,0,0,0,1],"scale":1,"type":"hydrant1"}
{"pos":[-585.2940063476563,214.0639953613281,111.7939987182617],"rotationMatrix":[1,0,0,0,1,0,0,0,1],"scale":1,"type":"hydrant1"}
{"pos":[-615.4500122070313,218.2220001220703,112.3089981079102],"rotationMatrix":[1,0,0,0,1,0,0,0,1],"scale":1,"type":"hydrant1"}
{"pos":[-551.2119750976563,154.9779968261719,100.2760009765625],"rotationMatrix":[1,0,0,0,1,0,0,0,1],"scale":1,"type":"hydrant1"}
{"pos":[-526.5269775390625,168.8780059814453,99.95050048828125],"rotationMatrix":[1,0,0,0,1,0,0,0,1],"scale":1,"type":"hydrant1"}
{"pos":[-722.6849975585938,110.7389984130859,118.3170013427734],"rotationMatrix":[1,0,0,0,1,0,0,0,1],"scale":1,"type":"hydrant1"}
{"pos":[-690.3400268554688,118.9800033569336,118.2369995117188],"rotationMatrix":[1,0,0,0,1,0,0,0,1],"scale":1,"type":"hydrant1"}
{"pos":[-656.7509765625,49.43030166625977,102.8399963378906],"rotationMatrix":[1,0,0,0,1,0,0,0,1],"scale":1,"type":"hydrant1"}
{"pos":[-631.6439819335938,74.43920135498047,102.4779968261719],"rotationMatrix":[1,0,0,0,1,0,0,0,1],"scale":1,"type":"hydrant1"}
{"pos":[-775.552978515625,451.8150024414063,139.7010040283203],"rotationMatrix":[1,0,0,0,1,0,0,0,1],"scale":1,"type":"hydrant1"}
{"pos":[-752.760986328125,391.31298828125,143.1130065917969],"rotationMatrix":[1,0,0,0,1,0,0,0,1],"scale":1,"type":"hydrant1"}
{"pos":[-781.010009765625,435.7990112304688,139.7740020751953],"rotationMatrix":[1,0,0,0,1,0,0,0,1],"scale":1,"type":"hydrant1"}
{"pos":[-752.1240234375,360.1749877929688,143.0079956054688],"rotationMatrix":[1,0,0,0,1,0,0,0,1],"scale":1,"type":"hydrant1"}
{"pos":[-846.9730224609375,265.8930053710938,158.97900390625],"rotationMatrix":[1,0,0,0,1,0,0,0,1],"scale":1,"type":"hydrant1"}
{"pos":[-913.5380249023438,450.6050109863281,153.0679931640625],"rotationMatrix":[1,0,0,0,1,0,0,0,1],"scale":1,"type":"hydrant1"}
{"pos":[-926.6690063476563,429.8420104980469,153.2819976806641],"rotationMatrix":[1,0,0,0,1,0,0,0,1],"scale":1,"type":"hydrant1"}
{"pos":[-878.4739990234375,265.5580139160156,159.3289947509766],"rotationMatrix":[1,0,0,0,1,0,0,0,1],"scale":1,