{"pos":[-815.9500122070313,-408.4190063476563,101.7289962768555],"rotationMatrix":[0.7212942838668823,0.6926287412643433,0,-0.6926287412643433,0.7212942838668823,0,0,0,1],"scale":1,"type":"industrial_watertower"}
{"pos":[-834.6179809570313,-586.781982421875,101.5660018920898],"rotationMatrix":[0.6279605627059937,0.7782451510429382,0,-0.7782451510429382,0.6279605627059937,0,0,0,1],"scale":1,"type":"industrial_watertower"}
{"pos":[-135.1549987792969,149.2779998779297,123.3010025024414],"rotationMatrix":[0.6976691484451294,0.7164201140403748,0,-0.7164201140403748,0.6976691484451294,0,0,0,1],"scale":1,"type":"industrial_watertower"}
{"pos":[-639.0609741210938,109.286003112793,102.1309967041016],"rotationMatrix":[0.7164955139160156,-0.6975917220115662,0,0.6975917220115662,0.7164955139160156,0,0,0,1],"scale":1,"type":"industrial_watertower"}
