{"pos":[26.49367904663086,555.7257690429688,66.55803680419922],"rotationMatrix":[-0.9322067499160767,0.3619262874126434,0,-0.3619262874126434,-0.9322067499160767,0,0,0,1],"scale":1,"type":"pole_thick"}
{"pos":[31.0176887512207,554.2424926757813,66.55803680419922],"rotationMatrix":[-0.9322067499160767,0.3619262874126434,0,-0.3619262874126434,-0.9322067499160767,0,0,0,1],"scale":1,"type":"pole_thick"}
{"pos":[38.6455078125,552.6123657226563,66.55803680419922],"rotationMatrix":[-0.9322067499160767,0.3619262874126434,0,-0.3619262874126434,-0.9322067499160767,0,0,0,1],"scale":1,"type":"pole_thick"}
{"pos":[-453.3169860839844,182.8554382324219,98.65901947021484],"rotationMatrix":[-0.9322067499160767,0.3619262874126434,0,-0.3619262874126434,-0.9322067499160767,0,0,0,1],"scale":1,"type":"pole_thick"}
{"pos":[977.1353149414063,-755.3482055664063,162.5525207519531],"rotationMatrix":[-0.9474384784698486,-0.3199380040168762,0,0.3199380040168762,-0.9474384784698486,0,0,0,1],"scale":1,"type":"pole_thick"}
{"pos":[990.4612426757813,-736.4918823242188,166.3354644775391],"rotationMatrix":[0.9352184534072876,0.3540711998939514,0,-0.3540711998939514,0.9352184534072876,0,0,0,1],"scale":1,"type":"pole_thick"}
{"pos":[1007.154174804688,-793.79345703125,162.2658996582031],"rotationMatrix":[0.9819338321685791,0.1892245560884476,0,-0.1892245560884476,0.9819338321685791,0,0,0,1],"scale":1,"type":"pole_thick"}
{"pos":[989.3486328125,-809.001953125,166.8124237060547],"rotationMatrix":[-0.9835202693939209,-0.1807982176542282,0,0.1807982176542282,-0.9835202693939209,0,0,0,1],"scale":1,"type":"pole_thick"}
{"pos":[880.4614868164063,984.6573486328125,125.8229370117188],"rotationMatrix":[0.6857931017875671,0.7277965545654297,0,-0.7277965545654297,0.6857931017875671,0,0,0,1],"scale":1,"type":"pole_thick"}
{"pos":[878.60302734375,963.5782470703125,120.4889221191406],"rotationMatrix":[-0.7214449644088745,-0.6924716830253601,0,0.6924716830253601,-0.7214449644088745,0,0,0,1],"scale":1,"type":"pole_thick"}
{"pos":[941.7650756835938,860.40234375,132.3390350341797],"rotationMatrix":[-0.8948391675949097,-0.4463885724544525,0,0.4463885724544525,-0.8948391675949097,0,0,0,1],"scale":1,"type":"pole_thick"}
{"pos":[954.371826171875,877.8593139648438,127.7756423950195],"rotationMatrix":[0.8883493542671204,0.4591681659221649,0,-0.4591681659221649,0.8883493542671204,0,0,0,1],"scale":1,"type":"pole_thick"}
{"pos":[470.0209655761719,-380.27197265625,145.8848266601563],"rotationMatrix":[-0.9970866441726685,-0.07627802342176437,0,0.07627802342176437,-0.9970866441726685,0,0,0,1],"scale":1,"type":"pole_thick"}
{"pos":[469.9658813476563,-370.2680358886719,146.3732147216797],"rotationMatrix":[-0.1454516649246216,0.9893653988838196,0,-0.9893653988838196,-0.1454516649246216,0,0,0,1],"scale":1,"type":"pole_thick"}
{"pos":[482.7052001953125,-369.015625,151.565673828125],"rotationMatrix":[0.994731068611145,0.1025187522172928,0,-0.1025187522172928,0.994731068611145,0,0,0,1],"scale":1,"type":"pole_thick"}
{"pos":[472.0637512207031,-434.8984985351563,151.4676055908203],"rotationMatrix":[-0.9979643821716309,-0.06377324461936951,0,0.06377324461936951,-0.9979643821716309,0,0,0,1],"scale":1,"type":"pole_thick"}
{"pos":[486.3439025878906,-433.1035766601563,146.3149566650391],"rotationMatrix":[0.08712786436080933,-0.9961971640586853,0,0.9961971640586853,0.08712786436080933,0,0,0,1],"scale":1,"type":"pole_thick"}
{"pos":[64.275390625,-767.9143676757813,133.6083374023438],"rotationMatrix":[0.7033244371414185,-0.7108690142631531,0,0.7108690142631531,0.7033244371414185,0,0,0,1],"scale":1,"type":"pole_thick"}
{"pos":[26.76706314086914,-768.5119018554688,132.7785339355469],"rotationMatrix":[-0.7033243179321289,0.7108691334724426,0,-0.7108691334724426,-0.7033243179321289,0,0,0,1],"scale":1,"type":"pole_thick"}
{"pos":[44.6341552734375,-750.9360961914063,133.0890808105469],"rotationMatrix":[0.7299535274505615,0.6834967732429504,0,-0.6834967732429504,0.7299535274505615,0,0,0,1],"scale":1,"type":"pole_thick"}
{"pos":[171.9787750244141,638.1724853515625,100.3348541259766],"rotationMatrix":[-0.986844539642334,0.1616725027561188,0,-0.1616725027561188,-0.986844539642334,0,0,0,1],"scale":1,"type":"pole_thick"}
{"pos":[-306.1140747070313,330.5089416503906,101.9704895019531],"rotationMatrix":[-0.5369148254394531,0.8436365127563477,0,-0.8436365127563477,-0.5369148254394531,0,0,0,1],"scale":1,"type":"pole_thick"}
{"pos":[-283.3721923828125,322.4000854492188,101.6889572143555],"rotationMatrix":[0.449072539806366,-0.8934952616691589,0,0.8934952616691589,0.449072539806366,0,0,0,1],"scale":1,"type":"pole_thick"}
{"pos":[-427.9623107910156,156.9184112548828,100.1998596191406],"rotationMatrix":[0.941017746925354,-0.3383572697639465,0,0.3383572697639465,0.941017746925354,0,0,0,1],"scale":1,"type":"pole_thick"}
{"pos":[-464.715087890625,144.1382751464844,100.3931350708008],"rotationMatrix":[-0.9322067499160767,0.3619262874126434,0,-0.3619262874126434,-0.9322067499160767,0,0,0,1],"scale":1,"type":"pole_thick"}
{"pos":[-31.90392303466797,394.0079345703125,101.4755325317383],"rotationMatrix":[-0.7472531795501709,-0.6645395159721375,0,0.6645395159721375,-0.7472531795501709,0,0,0,1],"scale":1,"type":"pole_thick"}
{"pos":[-42.60149002075195,406.0078735351563,101.5014038085938],"rotationMatrix":[-0.6645396947860718,0.747252881526947,0,-0.747252881526947,-0.6645396947860718,0,0,0,1],"scale":1,"type":"pole_thick"}
{"pos":[-19.62946510314941,404.6275634765625,101.5014038085938],"rotationMatrix":[0.6645403504371643,-0.747252345085144,0,0.747252345085144,0.6645403504371643,0,0,0,1],"scale":1,"type":"pole_thick"}
{"pos":[-95.13272857666016,-982.0884399414063,132.2976989746094],"rotationMatrix":[-0.301331639289856,-0.9535194635391235,0,0.9535194635391235,-0.301331639289856,0,0,0,1],"scale":1,"type":"pole_thick"}
{"pos":[-108.1468734741211,-953.3892211914063,132.5131225585938],"rotationMatrix":[0.3682979941368103,0.9297078251838684,0,-0.9297078251838684,0.3682979941368103,0,0,0,1],"scale":1,"type":"pole_thick"}
{"pos":[962.2584228515625,399.2560119628906,149.1748809814453],"rotationMatrix":[0.9469171166419983,0.3214778304100037,0,-0.3214778304100037,0.9469171166419983,0,0,0,1],"scale":1,"type":"pole_thick"}
{"pos":[939.6748657226563,391.5887145996094,149.1748809814453],"rotationMatrix":[0.9469171166419983,0.3214778304100037,0,-0.3214778304100037,0.9469171166419983,0,0,0,1],"scale":1,"type":"pole_thick"}
{"pos":[172.2977600097656,758.3796997070313,100.9407348632813],"rotationMatrix":[0.999952495098114,0.009746548719704151,0,-0.009746548719704151,0.999952495098114,0,0,0,1],"scale":1,"type":"pole_thick"}
{"pos":[196.1462707519531,758.6123046875,100.9407348632813],"rotationMatrix":[0.999952495098114,0.009746548719704151,0,-0.009746548719704151,0.999952495098114,0,0,0,1],"scale":1,"type":"pole_thick"}
{"pos":[158.645263671875,-215.2768707275391,126.8339462280273],"rotationMatrix":[0.9354891180992126,-0.3533555567264557,0,0.3533555567264557,0.9354891180992126,0,0,0,1],"scale":1,"type":"pole_thick"}
{"pos":[130.3868408203125,-205.1386413574219,124.1475677490234],"rotationMatrix":[0.9426980018615723,-0.3336471617221832,0,0.3336471617221832,0.9426980018615723,0,0,0,1],"scale":1,"type":"pole_thick"}
{"pos":[102.2007827758789,-194.9221801757813,121.6514129638672],"rotationMatrix":[0.9551846385002136,-0.2960106730461121,0,0.2960106730461121,0.9551846385002136,0,0,0,1],"scale":1,"type":"pole_thick"}
{"pos":[-74.32425689697266,-454.1260070800781,121.3505477905273],"rotationMatrix":[-0.3556687831878662,0.9346120357513428,0,-0.9346120357513428,-0.3556687831878662,0,0,0,1],"scale":1,"type":"pole_thick"}
{"pos":[-36.59573364257813,-557.40625,126.6251525878906],"rotationMatrix":[-0.3556687831878662,0.9346120357513428,0,-0.9346120357513428,-0.3556687831878662,0,0,0,1],"scale":1,"type":"pole_thick"}
{"pos":[49.99311447143555,-657.4509887695313,128.7113189697266],"rotationMatrix":[0.8286387920379639,0.5597836375236511,0,-0.5597836375236511,0.8286387920379639,0,0,0,1],"scale":1,