{"pos":[-242.3780059814453,-676.1589965820313,126.6719970703125],"rotationMatrix":[-0.4179279804229736,-0.908480167388916,0,0.908480167388916,-0.4179279804229736,0,0,0,1],"scale":1,"type":"pole_light_single"}
{"pos":[-206.4309997558594,-712.3469848632813,129.6280059814453],"rotationMatrix":[-0.7600631713867188,-0.6498491764068604,0,0.6498491764068604,-0.7600631713867188,0,0,0,1],"scale":1,"type":"pole_light_single"}
{"pos":[-175.7920074462891,-753.3599853515625,131.1080017089844],"rotationMatrix":[-0.873660683631897,-0.4865357279777527,0,0.4865357279777527,-0.873660683631897,0,0,0,1],"scale":1,"type":"pole_light_single"}
{"pos":[-328.1430053710938,-620.2009887695313,125.6340026855469],"rotationMatrix":[-0.6638529300689697,-0.7478631734848022,0,0.7478631734848022,-0.6638529300689697,0,0,0,1],"scale":1,"type":"pole_light_single"}
{"pos":[-362.3039855957031,-589.947998046875,127.1719970703125],"rotationMatrix":[-0.6045569181442261,-0.7965619564056396,0,0.7965619564056396,-0.6045569181442261,0,0,0,1],"scale":1,"type":"pole_light_single"}
{"pos":[-293.4429931640625,-665.0009765625,124.3270034790039],"rotationMatrix":[-0.7193998098373413,-0.6945962309837341,0,0.6945962309837341,-0.7193998098373413,0,0,0,1],"scale":1,"type":"pole_light_single"}
{"pos":[-395.8869934082031,-550.7210083007813,125.2679977416992],"rotationMatrix":[-0.9204080104827881,-0.3909592032432556,0,0.3909592032432556,-0.9204080104827881,0,0,0,1],"scale":1,"type":"pole_light_single"}
{"pos":[-422.1010131835938,-509.885986328125,122.8509979248047],"rotationMatrix":[-0.5530269145965576,-0.8331633806228638,0,0.8331633806228638,-0.5530269145965576,0,0,0,1],"scale":1,"type":"pole_light_single"}
{"pos":[-474.2120056152344,-502.2139892578125,121.9820022583008],"rotationMatrix":[0.001998186111450195,-0.9999980330467224,0,0.9999980330467224,0.001998186111450195,0,0,0,1],"scale":1,"type":"pole_light_single"}
{"pos":[-519.489990234375,-462.5239868164063,117.7480010986328],"rotationMatrix":[-0.7966495752334595,-0.6044414639472961,0,0.6044414639472961,-0.7966495752334595,0,0,0,1],"scale":1,"type":"pole_light_single"}
{"pos":[-580.4249877929688,-443.0419921875,114.2440032958984],"rotationMatrix":[-0.02330827713012695,-0.9997283220291138,0,0.9997283220291138,-0.02330827713012695,0,0,0,1],"scale":1,"type":"pole_light_single"}
{"pos":[-17.41309928894043,480.4880065917969,74.73760223388672],"rotationMatrix":[-0.6300957202911377,0.7765174508094788,0,-0.7765174508094788,-0.6300957202911377,0,0,0,1],"scale":1,"type":"pole_light_single"}
{"pos":[-11.80959987640381,439.7950134277344,101.9420013427734],"rotationMatrix":[0.6791994571685791,-0.7339537143707275,0,0.7339537143707275,0.6791994571685791,0,0,0,1],"scale":1,"type":"pole_light_single"}
{"pos":[133.8899993896484,807.0659790039063,102.234001159668],"rotationMatrix":[0.3923571109771729,-0.9198129773139954,0,0.9198129773139954,0.3923571109771729,0,0,0,1],"scale":1,"type":"pole_light_single"}
{"pos":[110.1259994506836,772.3259887695313,101.0279998779297],"rotationMatrix":[0.9985311031341553,0.05418150871992111,0,-0.05418150871992111,0.9985311031341553,0,0,0,1],"scale":1,"type":"pole_light_single"}
{"pos":[174.4400024414063,729.5689697265625,101.2099990844727],"rotationMatrix":[0.9984654188156128,0.05537876486778259,0,-0.05537876486778259,0.9984654188156128,0,0,0,1],"scale":1,"type":"pole_light_single"}
{"pos":[147.3670043945313,738.2940063476563,97.72139739990234],"rotationMatrix":[-0.7996839284896851,-0.6004211902618408,0,0.6004211902618408,-0.7996839284896851,0,0,0,1],"scale":1,"type":"pole_light_single"}
{"pos":[165.822998046875,688.4760131835938,96.19760131835938],"rotationMatrix":[-0.9980003833770752,-0.06320787221193314,0,0.06320787221193314,-0.9980003833770752,0,0,0,1],"scale":1,"type":"pole_light_single"}
{"pos":[173.843994140625,657.5130004882813,100.5719985961914],"rotationMatrix":[0.9989784955978394,-0.04518811032176018,0,0.04518811032176018,0.9989784955978394,0,0,0,1],"scale":1,"type":"pole_light_single"}
{"pos":[160.3939971923828,642.5170288085938,92.37180328369141],"rotationMatrix":[-0.9416321516036987,0.3366435766220093,0,-0.3366435766220093,-0.9416321516036987,0,0,0,1],"scale":1,"type":"pole_light_single"}
{"pos":[158.2359924316406,601.1309814453125,100.495002746582],"rotationMatrix":[0.8050622940063477,-0.5931902527809143,0,0.5931902527809143,0.8050622940063477,0,0,0,1],"scale":1,"type":"pole_light_single"}
{"pos":[128.0789947509766,563.4959716796875,101.0469970703125],"rotationMatrix":[0.6788790225982666,-0.7342501282691956,0,0.7342501282691956,0.6788790225982666,0,0,0,1],"scale":1,"type":"pole_light_single"}
{"pos":[123.0130004882813,587.8369750976563,82.80000305175781],"rotationMatrix":[-0.5533792972564697,0.8329293727874756,0,-0.8329293727874756,-0.5533792972564697,0,0,0,1],"scale":1,"type":"pole_light_single"}
{"pos":[70.51149749755859,556.3049926757813,76.01540374755859],"rotationMatrix":[-0.5505605936050415,0.8347951769828796,0,-0.8347951769828796,-0.5505605936050415,0,0,0,1],"scale":1,"type":"pole_light_single"}
{"pos":[20.00510025024414,519.208984375,74.76409912109375],"rotationMatrix":[-0.6733521223068237,0.7393219470977783,0,-0.7393219470977783,-0.6733521223068237,0,0,0,1],"scale":1,"type":"pole_light_single"}
{"pos":[22.82789993286133,471.1369934082031,101.9420013427734],"rotationMatrix":[0.7015446424484253,-0.7126255035400391,0,0.7126255035400391,0.7015446424484253,0,0,0,1],"scale":1,"type":"pole_light_single"}
{"pos":[5.533899784088135,455.4639892578125,101.9420013427734],"rotationMatrix":[0.6791994571685791,-0.7339537143707275,0,0.7339537143707275,0.6791994571685791,0,0,0,1],"scale":1,"type":"pole_light_single"}
