{"pos":[-84.07540130615234,-35.11819839477539,119.6809997558594],"rotationMatrix":[0.5844926834106445,-0.811398983001709,0,0.811398983001709,0.5844926834106445,0,0,0,1],"scale":1,"type":"pole_lighting2"}
{"pos":[-62.15119934082031,-171.3860015869141,125.8249969482422],"rotationMatrix":[0.9782847166061401,-0.2072655558586121,0,0.2072655558586121,0.9782847166061401,0,0,0,1],"scale":1,"type":"pole_lighting2"}
{"pos":[-165.2169952392578,-93.56510162353516,119.7699966430664],"rotationMatrix":[0.5844926834106445,-0.811398983001709,0,0.811398983001709,0.5844926834106445,0,0,0,1],"scale":1,"type":"pole_lighting2"}
{"pos":[-245.7779998779297,-152.4170074462891,119.9250030517578],"rotationMatrix":[0.593017578125,-0.8051894903182983,0,0.8051894903182983,0.593017578125,0,0,0,1],"scale":1,"type":"pole_lighting2"}
{"pos":[-120.9739990234375,-448.8179931640625,124.1460037231445],"rotationMatrix":[0.1422119140625,0.9898362159729004,0,-0.9898362159729004,0.1422119140625,0,0,0,1],"scale":1,"type":"pole_lighting2"}
{"pos":[-64.50969696044922,-477.781005859375,125.9599990844727],"rotationMatrix":[-0.940843939781189,-0.3388401865959167,0,0.3388401865959167,-0.940843939781189,0,0,0,1],"scale":1,"type":"pole_lighting2"}
{"pos":[-136.3459930419922,-380.6839904785156,124.3460006713867],"rotationMatrix":[0.6241555213928223,-0.7813001275062561,0,0.7813001275062561,0.6241555213928223,0,0,0,1],"scale":1,"type":"pole_lighting2"}
{"pos":[-239.5350036621094,-403.7090148925781,123.9810028076172],"rotationMatrix":[0.6598525047302246,0.7513951659202576,0,-0.7513951659202576,0.6598525047302246,0,0,0,1],"scale":1,"type":"pole_lighting2"}
{"pos":[-312.7170104980469,-283.7890014648438,121.3489990234375],"rotationMatrix":[0.9746875762939453,0.2235713005065918,0,-0.2235713005065918,0.9746875762939453,0,0,0,1],"scale":1,"type":"pole_lighting2"}
{"pos":[-21.52490043640137,-593.3590087890625,131.3639984130859],"rotationMatrix":[-0.940843939781189,-0.3388401865959167,0,0.3388401865959167,-0.940843939781189,0,0,0,1],"scale":1,"type":"pole_lighting2"}
{"pos":[-21.8173999786377,-710.1019897460938,133.9320068359375],"rotationMatrix":[0.05496251583099365,0.9984884262084961,0,-0.9984884262084961,0.05496251583099365,0,0,0,1],"scale":1,"type":"pole_lighting2"}
{"pos":[795.9630126953125,-97.77649688720703,147.4810028076172],"rotationMatrix":[-0.6376880407333374,0.770294725894928,0,-0.770294725894928,-0.6376880407333374,0,0,0,1],"scale":1,"type":"pole_lighting2"}
{"pos":[819.3280029296875,-17.34959983825684,146.4700012207031],"rotationMatrix":[0.8690303564071655,-0.4947587549686432,0,0.4947587549686432,0.8690303564071655,0,0,0,1],"scale":1,"type":"pole_lighting2"}
{"pos":[697.0330200195313,-198.3470001220703,147.1130065917969],"rotationMatrix":[-0.9129679203033447,0.4080313444137573,0,-0.4080313444137573,-0.9129679203033447,0,0,0,1],"scale":1,"type":"pole_lighting2"}
{"pos":[568.1439819335938,-240.0910034179688,147.1679992675781],"rotationMatrix":[0.02055990695953369,-0.9997886419296265,0,0.9997886419296265,0.02055990695953369,0,0,0,1],"scale":1,"type":"pole_lighting2"}
{"pos":[658.9810180664063,-265.7650146484375,147.1790008544922],"rotationMatrix":[0.01130068302154541,-0.9999361634254456,0,0.9999361634254456,0.01130068302154541,0,0,0,1],"scale":1,"type":"pole_lighting2"}
{"pos":[395.1820068359375,-22.52829933166504,137.2599945068359],"rotationMatrix":[-0.1738183498382568,0.9847777485847473,0,-0.9847777485847473,-0.1738183498382568,0,0,0,1],"scale":1,"type":"pole_lighting2"}
{"pos":[391.6400146484375,-240.0910034179688,145.2640075683594],"rotationMatrix":[0.02055990695953369,-0.9997886419296265,0,0.9997886419296265,0.02055990695953369,0,0,0,1],"scale":1,"type":"pole_lighting2"}
{"pos":[484.7090148925781,-240.0910034179688,146.4779968261719],"rotationMatrix":[0.02055990695953369,-0.9997886419296265,0,0.9997886419296265,0.02055990695953369,0,0,0,1],"scale":1,"type":"pole_lighting2"}
{"pos":[241.3820037841797,-209.9949951171875,138.4579925537109],"rotationMatrix":[-0.1817994117736816,-0.9833356142044067,0,0.9833356142044067,-0.1817994117736816,0,0,0,1],"scale":1,"type":"pole_lighting2"}
{"pos":[105.9690017700195,-171.9360046386719,125.5189971923828],"rotationMatrix":[-0.2873705625534058,-0.9578194618225098,0,0.9578194618225098,-0.2873705625534058,0,0,0,1],"scale":1,"type":"pole_lighting2"}
{"pos":[34.94219970703125,-144.4259948730469,126.7959976196289],"rotationMatrix":[0.4198200702667236,-0.90760737657547,0,0.90760737657547,0.4198200702667236,0,0,0,1],"scale":1,"type":"pole_lighting2"}
{"pos":[60.31290054321289,-199.1909942626953,124.6559982299805],"rotationMatrix":[-0.5030312538146973,0.8642682433128357,0,-0.8642682433128357,-0.5030312538146973,0,0,0,1],"scale":1,"type":"pole_lighting2"}
{"pos":[42.71440124511719,-368.5299987792969,129.3130035400391],"rotationMatrix":[-0.9637655019760132,-0.2667509317398071,0,0.2667509317398071,-0.9637655019760132,0,0,0,1],"scale":1,"type":"pole_lighting2"}
{"pos":[120.6800003051758,-462.9549865722656,140.1959991455078],"rotationMatrix":[0.4362903833389282,0.8998059034347534,0,-0.8998059034347534,0.4362903833389282,0,0,0,1],"scale":1,"type":"pole_lighting2"}
{"pos":[123.7799987792969,-570.56201171875,139.4909973144531],"rotationMatrix":[0.6730830669403076,-0.7395668625831604,0,0.7395668625831604,0.6730830669403076,0,0,0,1],"scale":1,"type":"pole_lighting2"}
{"pos":[780.739990234375,684.6959838867188,136.9570007324219],"rotationMatrix":[-0.9507076740264893,-0.310088574886322,0,0.310088574886322,-0.9507076740264893,0,0,0,1],"scale":1,"type":"pole_lighting2"}
{"pos":[672.9879760742188,651.2410278320313,129.197998046875],"rotationMatrix":[0.6751819849014282,-0.7376511693000793,0,0.7376511693000793,0.6751819849014282,0,0,0,1],"scale":1,"type":"pole_lighting2"}
{"pos":[761.0269775390625,399.2160034179688,152.7729949951172],"rotationMatrix":[-0.1088583469390869,0.994057297706604,0,-0.994057297706604,-0.1088583469390869,0,0,0,1],"scale":1,"type":"pole_lighting2"}
{"pos":[821.364013671875,278.7659912109375,159.9470062255859],"rotationMatrix":[-0.8989106416702271,-0.4381320178508759,0,0.4381320178508759,-0.8989106416702271,0,0,0,1],"scale":1,"type":"pole_lighting2"}
{"pos":[780.5590209960938,347.0559997558594,158.1889953613281],"rotationMatrix":[0.9909144639968872,-0.1344935894012451,0,0.1344935894012451,0.9909144639968872,0,0,0,1],"scale":1,"type":"pole_lighting2"}
{"pos":[854.1510009765625,161.6999969482422,157.9369964599609],"rotationMatrix":[0.9004528522491455,-0.4349536299705505,0,0.4349536299705505,0.9004528522491455,0,0,0,1],"scale":1,"type":"pole_lighting2"}
{"pos":[869.6950073242188,73.78820037841797,147.7140045166016],"rotationMatrix":[-0.9944039583206177,0.1056445315480232,0,-0.1056445315480232,-0.9944039583206177,0,0,0,1],"scale":1,"type":"pole_lighting2"}
{"pos":[576.5289916992188,497.4140014648438,124.6490020751953],"rotationMatrix":[-0.7171750068664551,0.6968930959701538,0,-0.6968930959701538,-0.7171750068664551,0,0,0,1],"scale":1,"type":"pole_lighting2"}
{"pos":[706.5280151367188,248.2209930419922,150.5950012207031],"rotationMatrix":[-0.9995999336242676,-0.02828378789126873,0,0.02828378789126873,-0.9995999336242676,0,0,0,1],"scale":1,"type":"pole_lighting2"}
{"pos":[685.5479736328125,159.0540008544922,148.3520050048828],"rotationMatrix":[0.4135556221008301,-0.9104788303375244,0,0.9104788303375244,0.4135556221008301,0,0,0,1],"scale":1,"type":"pole_lighting2"}
{"pos":[596.343017578125,149.2920074462891,146.0700073242188],"rotationMatrix":[-0.05938565731048584,0.9982351064682007,0,-0.9982351064682007,-0.05938565731048584,0,0,0,1],"scale":1,"type":"pole_lighting2"}
{"pos":[441.7619934082031,359.5599975585938,126.3519973754883],"rotationMatrix":[-0.7406048774719238,0.671940803527832,0,-0.671940803527832,-0.7406048774719238,0,0,0,1],"scale":1,"type":"pole_lighting2"}
{"pos":[485.1000061035156,45.46770095825195,140.5700073242188],"rotationMatrix":[0.7429554462432861,-0.6693408489227295,0,0.6693408489227295,0.7429554462432861,0,0,0,1],"scale":1,