{"pos":[-358.4779968261719,637.2440185546875,74.82420349121094],"rotationMatrix":[0.7070814371109009,0.70713210105896,0,-0.70713210105896,0.7070814371109009,0,0,0,1],"scale":1,"type":"postbox_blue"}
{"pos":[-407.3340148925781,649.5919799804688,74.57990264892578],"rotationMatrix":[-0.7071824073791504,-0.7070311307907104,0,0.7070311307907104,-0.7071824073791504,0,0,0,1],"scale":1,"type":"postbox_blue"}
{"pos":[-471.614013671875,743.6209716796875,74.71690368652344],"rotationMatrix":[-0.7071824073791504,-0.7070311307907104,0,0.7070311307907104,-0.7071824073791504,0,0,0,1],"scale":1,"type":"postbox_blue"}
{"pos":[-456.3710021972656,687.656005859375,75.12580108642578],"rotationMatrix":[0.7070814371109009,-0.70713210105896,0,0.70713210105896,0.7070814371109009,0,0,0,1],"scale":1,"type":"postbox_blue"}
{"pos":[-455.885009765625,688.2080078125,75.13430023193359],"rotationMatrix":[0.7070814371109009,0.70713210105896,0,-0.70713210105896,0.7070814371109009,0,0,0,1],"scale":1,"type":"postbox_blue"}
{"pos":[-470.8259887695313,527.2340087890625,96.01719665527344],"rotationMatrix":[0.7070814371109009,0.70713210105896,0,-0.70713210105896,0.7070814371109009,0,0,0,1],"scale":1,"type":"postbox_blue"}
{"pos":[-470.3429870605469,526.7139892578125,96.01719665527344],"rotationMatrix":[-0.7071824073791504,0.7070311307907104,0,-0.7070311307907104,-0.7071824073791504,0,0,0,1],"scale":1,"type":"postbox_blue"}
{"pos":[-372.43701171875,428.6260070800781,95.88580322265625],"rotationMatrix":[-0.7071824073791504,-0.7070311307907104,0,0.7070311307907104,-0.7071824073791504,0,0,0,1],"scale":1,"type":"postbox_blue"}
{"pos":[-372.8739929199219,429.1839904785156,95.88580322265625],"rotationMatrix":[0.7070814371109009,-0.70713210105896,0,0.70713210105896,0.7070814371109009,0,0,0,1],"scale":1,"type":"postbox_blue"}
{"pos":[-392.3569946289063,448.6950073242188,95.83439636230469],"rotationMatrix":[-0.7071824073791504,-0.7070311307907104,0,0.7070311307907104,-0.7071824073791504,0,0,0,1],"scale":1,"type":"postbox_blue"}
{"pos":[-462.8370056152344,495.0559997558594,96.28070068359375],"rotationMatrix":[-0.7071824073791504,-0.7070311307907104,0,0.7070311307907104,-0.7071824073791504,0,0,0,1],"scale":1,"type":"postbox_blue"}
{"pos":[-547.0640258789063,603.3809814453125,89.75640106201172],"rotationMatrix":[0.7070814371109009,0.70713210105896,0,-0.70713210105896,0.7070814371109009,0,0,0,1],"scale":1,"type":"postbox_blue"}
{"pos":[-548.2009887695313,571.8980102539063,90.08550262451172],"rotationMatrix":[0.7070814371109009,0.70713210105896,0,-0.70713210105896,0.7070814371109009,0,0,0,1],"scale":1,"type":"postbox_blue"}
{"pos":[-780.2680053710938,774.60498046875,87.61509704589844],"rotationMatrix":[1,0,0,0,1,0,0,0,1],"scale":1,"type":"postbox_blue"}
{"pos":[-913.5859985351563,779.2349853515625,91.94580078125],"rotationMatrix":[1,0,0,0,1,0,0,0,1],"scale":1,"type":"postbox_blue"}
{"pos":[-762.156982421875,671.9089965820313,106.2519989013672],"rotationMatrix":[1.931190490722656e-05,1,0,-1,1.931190490722656e-05,0,0,0,1],"scale":1,"type":"postbox_blue"}
{"pos":[-775.7440185546875,543.7369995117188,123.7900009155273],"rotationMatrix":[1.931190490722656e-05,1,0,-1,1.931190490722656e-05,0,0,0,1],"scale":1,"type":"postbox_blue"}
{"pos":[-931.051025390625,666.885009765625,112.015998840332],"rotationMatrix":[1.931190490722656e-05,1,0,-1,1.931190490722656e-05,0,0,0,1],"scale":1,"type":"postbox_blue"}
{"pos":[-930.2550048828125,666.885009765625,112.015998840332],"rotationMatrix":[1,0,0,0,1,0,0,0,1],"scale":1,"type":"postbox_blue"}
{"pos":[-926.5980224609375,570.9019775390625,131.0390014648438],"rotationMatrix":[1,0,0,0,1,0,0,0,1],"scale":1,"type":"postbox_blue"}
{"pos":[-906.6920166015625,548.3610229492188,131.6170043945313],"rotationMatrix":[1,0,0,0,1,0,0,0,1],"scale":1,"type":"postbox_blue"}
{"pos":[-576.8880004882813,390.6390075683594,108.8249969482422],"rotationMatrix":[0.7070814371109009,-0.70713210105896,0,0.70713210105896,0.7070814371109009,0,0,0,1],"scale":1,"type":"postbox_blue"}
{"pos":[-576.4000244140625,391.1900024414063,108.7460021972656],"rotationMatrix":[0.7070814371109009,0.70713210105896,0,-0.70713210105896,0.7070814371109009,0,0,0,1],"scale":1,"type":"postbox_blue"}
{"pos":[-576.1829833984375,416.6499938964844,108.6569976806641],"rotationMatrix":[0.7070814371109009,0.70713210105896,0,-0.70713210105896,0.7070814371109009,0,0,0,1],"scale":1,"type":"postbox_blue"}
{"pos":[-665.8980102539063,478.5920104980469,117.2389984130859],"rotationMatrix":[-0.7071824073791504,0.7070311307907104,0,-0.7070311307907104,-0.7071824073791504,0,0,0,1],"scale":1,"type":"postbox_blue"}
{"pos":[-665.18701171875,479.3030090332031,117.1790008544922],"rotationMatrix":[0.7070814371109009,0.70713210105896,0,-0.70713210105896,0.7070814371109009,0,0,0,1],"scale":1,"type":"postbox_blue"}
{"pos":[-665.302001953125,302.31201171875,129.0970001220703],"rotationMatrix":[0.7070814371109009,0.70713210105896,0,-0.70713210105896,0.7070814371109009,0,0,0,1],"scale":1,"type":"postbox_blue"}
{"pos":[-666.3289794921875,301.2850036621094,129.1940002441406],"rotationMatrix":[0.7070814371109009,-0.70713210105896,0,0.70713210105896,0.7070814371109009,0,0,0,1],"scale":1,"type":"postbox_blue"}
{"pos":[-617.0869750976563,216.8289947509766,112.370002746582],"rotationMatrix":[0.7070814371109009,-0.70713210105896,0,0.70713210105896,0.7070814371109009,0,0,0,1],"scale":1,"type":"postbox_blue"}
{"pos":[-725.4119873046875,125.5869979858398,119.3580017089844],"rotationMatrix":[0.7070814371109009,-0.70713210105896,0,0.70713210105896,0.7070814371109009,0,0,0,1],"scale":1,"type":"postbox_blue"}
{"pos":[-691.8099975585938,117.6100006103516,118.0690002441406],"rotationMatrix":[0.7070814371109009,-0.70713210105896,0,0.70713210105896,0.7070814371109009,0,0,0,1],"scale":1,"type":"postbox_blue"}
{"pos":[-720.0679931640625,113.5599975585938,118.2470016479492],"rotationMatrix":[0.7070814371109009,-0.70713210105896,0,0.70713210105896,0.7070814371109009,0,0,0,1],"scale":1,"type":"postbox_blue"}
{"pos":[-847.3560180664063,272.4609985351563,159.1970062255859],"rotationMatrix":[0.7070814371109009,0.70713210105896,0,-0.70713210105896,0.7070814371109009,0,0,0,1],"scale":1,"type":"postbox_blue"}
{"pos":[-907.35302734375,446.0199890136719,152.9320068359375],"rotationMatrix":[1.931190490722656e-05,1,0,-1,1.931190490722656e-05,0,0,0,1],"scale":1,"type":"postbox_blue"}
{"pos":[-906.2839965820313,446.0199890136719,152.9320068359375],"rotationMatrix":[1,0,0,0,1,0,0,0,1],"scale":1,"type":"postbox_blue"}
{"pos":[-875.0289916992188,275.1629943847656,159.3099975585938],"rotationMatrix":[0.7070814371109009,-0.70713210105896,0,0.70713210105896,0.7070814371109009,0,0,0,1],"scale":1,"type":"postbox_blue"}
{"pos":[-779.6740112304688,206.4739990234375,138.4369964599609],"rotationMatrix":[0.7070814371109009,-0.70713210105896,0,0.70713210105896,0.7070814371109009,0,0,0,1],"scale":1,"type":"postbox_blue"}
{"pos":[-963.8309936523438,180.2890014648438,157.7059936523438],"rotationMatrix":[0.7070814371109009,-0.70713210105896,0,0.70713210105896,0.7070814371109009,0,0,0,1],"scale":1,"type":"postbox_blue"}
