{"pos":[-676.1749877929688,-235.5220031738281,102.4309997558594],"rotationMatrix":[0.9407279491424561,0.339146763086319,-0.003225745167583227,-0.3385855853557587,0.9385321140289307,-0.06721065193414688,-0.01976680941879749,0.06431913375854492,0.9977335929870605],"scale":1,"type":"powerpole4"}
{"pos":[-702.5180053710938,-255.2209930419922,101.3600006103516],"rotationMatrix":[0.597257137298584,0.8007356524467468,-0.04589450359344482,-0.8017088174819946,0.5943566560745239,-0.06327012926340103,-0.0233849436044693,0.07458256185054779,0.9969406127929688],"scale":1,"type":"powerpole4"}
{"pos":[-712.72900390625,-283.5870056152344,100.0370025634766],"rotationMatrix":[0.4220507144927979,0.9038172364234924,-0.07062309980392456,-0.9055343866348267,0.4240128993988037,0.01484953239560127,0.04336636886000633,0.05768439173698425,0.9973925352096558],"scale":1,"type":"powerpole4"}
{"pos":[-742.06298828125,-305.5390014648438,102.2429962158203],"rotationMatrix":[0.8966977596282959,0.4378676414489746,-0.0648464635014534,-0.4403127133846283,0.8973664045333862,-0.02929578348994255,0.04536336287856102,0.05482218787074089,0.9974651336669922],"scale":1,"type":"powerpole4"}
{"pos":[-902.5419921875,-78.95659637451172,112.2310028076172],"rotationMatrix":[0.3063730001449585,0.9516204595565796,0.02353979088366032,-0.9518199563026428,0.3059067726135254,0.02144420146942139,0.01320575829595327,-0.02897556498646736,0.999492883682251],"scale":1,"type":"powerpole4"}
{"pos":[-875.9349975585938,-35.39699935913086,117.088996887207],"rotationMatrix":[0.6354087591171265,0.7704234719276428,-0.05199390649795532,-0.7708028554916382,0.6368530988693237,0.01676523312926292,0.04602881148457527,0.0294242762029171,0.9985066652297974],"scale":1,"type":"powerpole4"}
{"pos":[-975.7319946289063,-210.1880035400391,103.1729965209961],"rotationMatrix":[0.3938992023468018,0.9188995957374573,-0.02160863764584064,-0.9190551042556763,0.394092321395874,0.005377354566007853,0.01345704682171345,0.01774139329791069,0.9997520446777344],"scale":1,"type":"powerpole4"}
{"pos":[-944.3690185546875,-170.5800018310547,102.4290008544922],"rotationMatrix":[0.5753087997436523,0.8178476095199585,0.01204542256891727,-0.817935049533844,0.5752201080322266,0.01019998453557491,0.001413263962604105,-0.01572051458060741,0.9998754262924194],"scale":1,"type":"powerpole4"}
{"pos":[-920.281005859375,-126.4459991455078,104.2149963378906],"rotationMatrix":[0.3531581163406372,0.9351745247840881,-0.02698101103305817,-0.9350640177726746,0.3518803119659424,-0.04284303262829781,-0.03057162649929523,0.04035933688282967,0.9987174272537231],"scale":1,"type":"powerpole4"}
{"pos":[-772.7260131835938,-324.260009765625,102.2990036010742],"rotationMatrix":[0.7493530511856079,0.6565839648246765,0.08583402633666992,-0.6592701077461243,0.751895546913147,0.00400183442980051,-0.06191068515181541,-0.05958659574389458,0.9963014125823975],"scale":1,"type":"powerpole4"}
{"pos":[-780.4840087890625,-353.3659973144531,100.3259963989258],"rotationMatrix":[-0.6181472539901733,-0.7816988229751587,-0.08270985633134842,0.786050021648407,-0.6141177415847778,-0.07060281187295914,0.004396540578454733,-0.1086570173501968,0.9940695762634277],"scale":1,"type":"powerpole4"}
{"pos":[-805.9019775390625,-379.2640075683594,100.7389984130859],"rotationMatrix":[-0.619754433631897,-0.7839146852493286,-0.0371774397790432,0.7847278118133545,-0.6196285486221313,-0.0162088219076395,-0.01032986957579851,-0.03921966254711151,0.9991772174835205],"scale":1,"type":"powerpole4"}
{"pos":[-829.7000122070313,-410.3670043945313,100.0370025634766],"rotationMatrix":[-0.9066358804702759,-0.4219124913215637,-0.001110394368879497,0.4218026399612427,-0.9063330888748169,-0.02535488642752171,0.009691156446933746,-0.0234560165554285,0.9996778964996338],"scale":1,"type":"powerpole4"}
{"pos":[-965.6329956054688,-359.1730041503906,101.9820022583008],"rotationMatrix":[-0.5359377861022949,0.8433920741081238,-0.03821684420108795,-0.843959629535675,-0.5364018678665161,-0.002282473724335432,-0.02242460660636425,0.03103020787239075,0.9992668628692627],"scale":1,"type":"powerpole4"}
{"pos":[-989.343994140625,-308.3829956054688,101.7480010986328],"rotationMatrix":[-0.1052274703979492,0.9930782318115234,0.05218092352151871,-0.994181215763092,-0.1062700748443604,0.01761796697974205,0.02304128929972649,-0.050023403018713,0.9984822273254395],"scale":1,"type":"powerpole4"}
{"pos":[-991.4459838867188,-258.1050109863281,101.6139984130859],"rotationMatrix":[0.2212729454040527,0.9739802479743958,-0.04899755492806435,-0.9750824570655823,0.220145583152771,-0.02738754823803902,-0.01588833518326283,0.05383678153157234,0.9984233379364014],"scale":1,"type":"powerpole4"}
{"pos":[-876.1790161132813,-432.3259887695313,96.77749633789063],"rotationMatrix":[-0.9970844984054565,-0.07143209874629974,-0.02683203853666782,0.07205088436603546,-0.9971392154693604,-0.02284852415323257,-0.02512315846979618,-0.02471518144011497,0.9993788003921509],"scale":1,"type":"powerpole4"}
{"pos":[-920.0980224609375,-402.1489868164063,100.4700012207031],"rotationMatrix":[-0.5359512567520142,0.8432164788246155,-0.04174015671014786,-0.8442463874816895,-0.5354149341583252,0.0240592248737812,-0.002061168197542429,0.04813354834914207,0.9988387823104858],"scale":1,"type":"powerpole4"}
{"pos":[-24.18790054321289,85.32990264892578,122.2870025634766],"rotationMatrix":[0.9837632179260254,-0.1786672472953796,-0.01696901954710484,0.1777978241443634,0.9831058979034424,-0.04348247498273849,0.02445123717188835,0.03975940123200417,0.9989100694656372],"scale":1,"type":"powerpole4"}
{"pos":[-73.81349945068359,92.3927001953125,124.9100036621094],"rotationMatrix":[-0.9611339569091797,-0.2697179913520813,-0.05893833935260773,0.2715219259262085,-0.9621086120605469,-0.02495731227099895,-0.04997364804148674,-0.0399903692305088,0.9979496002197266],"scale":1,"type":"powerpole4"}
{"pos":[-113.5139999389648,52.91519927978516,123.2009963989258],"rotationMatrix":[-0.734911322593689,-0.673554003238678,-0.07893238961696625,0.6776038408279419,-0.7340408563613892,-0.04513411223888397,-0.02753933519124985,-0.08665446192026138,0.9958577156066895],"scale":1,"type":"powerpole4"}
{"pos":[-146.7469940185547,19.23660087585449,121.5660018920898],"rotationMatrix":[-0.7369571924209595,-0.6757744550704956,0.01493212208151817,0.6755056977272034,-0.737095832824707,-0.01953991316258907,0.02421097829937935,-0.004313346464186907,0.9996975660324097],"scale":1,"type":"powerpole4"}
{"pos":[-842.927978515625,2.212500095367432,118.5709991455078],"rotationMatrix":[0.6359708309173584,0.771334707736969,-0.02416341006755829,-0.7716944813728333,0.6354262828826904,-0.02685228735208511,-0.005358035210520029,0.03572404384613037,0.9993473291397095],"scale":1,"type":"powerpole4"}
{"pos":[1000.299987792969,-1.874400019645691,151.4720001220703],"rotationMatrix":[-0.02621769905090332,-0.9996050000190735,-0.01012039463967085,0.9993211030960083,-0.02594542503356934,-0.02615729719400406,0.02588438801467419,-0.01079930830746889,0.9996066093444824],"scale":1,"type":"powerpole4"}
{"pos":[993.1849975585938,-51.02050018310547,150.177001953125],"rotationMatrix":[-0.1276994943618774,-0.9911841154098511,-0.03531083092093468,0.9917585253715515,-0.1272387504577637,-0.01501048170030117,0.01038524508476257,-0.03693664819002151,0.9992636442184448],"scale":1,"type":"powerpole4"}
{"pos":[983.322998046875,-100.3280029296875,149.4889984130859],"rotationMatrix":[-0.1278421878814697,-0.990660548210144,-0.04741420224308968,0.9915723204612732,-0.1266554594039917,-0.02725363522768021,0.02099383249878883,-0.05049877241253853,0.9985034465789795],"scale":1,"type":"powerpole4"}
{"pos":[976.7739868164063,-150.3029937744141,149.8110046386719],"rotationMatrix":[-0.127705454826355,-0.9917715191841125,0.008973283693194389,0.9917314648628235,-0.127805233001709,-0.01159837003797293,0.01264976616948843,0.007417912129312754,0.9998924732208252],"scale":1,"type":"powerpole4"}
{"pos":[1037.420043945313,856.1439819335938,136.7920074462891],