{"pos":[-436.8190002441406,-611.35498046875,128.5229949951172],"rotationMatrix":[-0.505806565284729,-0.8626469373703003,0,0.8626469373703003,-0.505806565284729,0,0,0,1],"scale":1,"type":"powerpole1"}
{"pos":[-471.14599609375,-591.5040283203125,125.7809982299805],"rotationMatrix":[-0.455559253692627,-0.890205442905426,0,0.890205442905426,-0.455559253692627,0,0,0,1],"scale":1,"type":"powerpole1"}
{"pos":[-703.3380126953125,-20.27750015258789,102.1709976196289],"rotationMatrix":[0.7070814371109009,-0.70713210105896,0,0.70713210105896,0.7070814371109009,0,0,0,1],"scale":1,"type":"powerpole1"}
{"pos":[-503.5090026855469,-574.8170166015625,122.8720016479492],"rotationMatrix":[-0.4132167100906372,-0.9106327295303345,0,0.9106327295303345,-0.4132167100906372,0,0,0,1],"scale":1,"type":"powerpole1"}
{"pos":[-575.0469970703125,-540.3690185546875,116.2020034790039],"rotationMatrix":[-0.2580152750015259,-0.9661408662796021,0,0.9661408662796021,-0.2580152750015259,0,0,0,1],"scale":1,"type":"powerpole1"}
{"pos":[-707.739990234375,-578.0449829101563,104.7720031738281],"rotationMatrix":[0.4583677053451538,-0.8887626528739929,0,0.8887626528739929,0.4583677053451538,0,0,0,1],"scale":1,"type":"powerpole1"}
{"pos":[-733.6890258789063,-585.177978515625,104.3570022583008],"rotationMatrix":[0.2867043018341064,-0.9580191373825073,0,0.9580191373825073,0.2867043018341064,0,0,0,1],"scale":1,"type":"powerpole1"}
{"pos":[-757.1820068359375,-611.5250244140625,104.7269973754883],"rotationMatrix":[0.7480919361114502,-0.6635950803756714,0,0.6635950803756714,0.7480919361114502,0,0,0,1],"scale":1,"type":"powerpole1"}
{"pos":[-801.5050048828125,-662.552978515625,107.9940032958984],"rotationMatrix":[0.7480919361114502,-0.6635950803756714,0,0.6635950803756714,0.7480919361114502,0,0,0,1],"scale":1,"type":"powerpole1"}
{"pos":[-38.57440185546875,672.0889892578125,74.70559692382813],"rotationMatrix":[1.931190490722656e-05,-1,0,1,1.931190490722656e-05,0,0,0,1],"scale":1,"type":"powerpole1"}
{"pos":[-64.53269958496094,393.718994140625,101.693000793457],"rotationMatrix":[0.5872230529785156,-0.8094251751899719,0,0.8094251751899719,0.5872230529785156,0,0,0,1],"scale":1,"type":"powerpole1"}
{"pos":[-321.3930053710938,324.3510131835938,101.693000793457],"rotationMatrix":[0.5828502178192139,-0.8125796318054199,0,0.8125796318054199,0.5828502178192139,0,0,0,1],"scale":1,"type":"powerpole1"}
{"pos":[-396.4049987792969,260.3980102539063,101.1389999389648],"rotationMatrix":[0.7070814371109009,-0.70713210105896,0,0.70713210105896,0.7070814371109009,0,0,0,1],"scale":1,"type":"powerpole1"}
{"pos":[-775.6729736328125,819.5910034179688,81.53170013427734],"rotationMatrix":[1,0,0,0,1,0,0,0,1],"scale":1,"type":"powerpole1"}
{"pos":[-775.4310302734375,760.1510009765625,87.63040161132813],"rotationMatrix":[1,0,0,0,1,0,0,0,1],"scale":1,"type":"powerpole1"}
{"pos":[-775.6729736328125,675.06298828125,105.7870025634766],"rotationMatrix":[1,0,0,0,1,0,0,0,1],"scale":1,"type":"powerpole1"}
{"pos":[-775.531005859375,649.0770263671875,106.6539993286133],"rotationMatrix":[1,0,0,0,1,0,0,0,1],"scale":1,"type":"powerpole1"}
{"pos":[-762.5330200195313,589.6790161132813,119.0500030517578],"rotationMatrix":[1,0,0,0,1,0,0,0,1],"scale":1,"type":"powerpole1"}
{"pos":[-762.5330200195313,624.8569946289063,111.786003112793],"rotationMatrix":[1,0,0,0,1,0,0,0,1],"scale":1,"type":"powerpole1"}
{"pos":[-775.531005859375,606.2550048828125,115.5780029296875],"rotationMatrix":[1,0,0,0,1,0,0,0,1],"scale":1,"type":"powerpole1"}
{"pos":[-554.6279907226563,152.4400024414063,100.0390014648438],"rotationMatrix":[0.7070814371109009,-0.70713210105896,0,0.70713210105896,0.7070814371109009,0,0,0,1],"scale":1,"type":"powerpole1"}
{"pos":[-586.7760009765625,215.9230041503906,112.2919998168945],"rotationMatrix":[-0.7071824073791504,-0.7070311307907104,0,0.7070311307907104,-0.7071824073791504,0,0,0,1],"scale":1,"type":"powerpole1"}
{"pos":[-657.7490234375,176.6589965820313,115.0260009765625],"rotationMatrix":[0.7070814371109009,-0.70713210105896,0,0.70713210105896,0.7070814371109009,0,0,0,1],"scale":1,"type":"powerpole1"}
{"pos":[-640.0390014648438,67.02729797363281,103.1119995117188],"rotationMatrix":[0.7070814371109009,-0.70713210105896,0,0.70713210105896,0.7070814371109009,0,0,0,1],"scale":1,"type":"powerpole1"}
{"pos":[-655.7979736328125,56.1775016784668,103.1119995117188],"rotationMatrix":[0.7070814371109009,0.70713210105896,0,-0.70713210105896,0.7070814371109009,0,0,0,1],"scale":1,"type":"powerpole1"}
{"pos":[-707.531005859375,102.1900024414063,118.4179992675781],"rotationMatrix":[-0.7071824073791504,0.7070311307907104,0,-0.7070311307907104,-0.7071824073791504,0,0,0,1],"scale":1,"type":"powerpole1"}
{"pos":[-762.52197265625,474.1380004882813,135.8419952392578],"rotationMatrix":[1,0,0,0,1,0,0,0,1],"scale":1,"type":"powerpole1"}
{"pos":[-750.0009765625,149.9960021972656,128.0769958496094],"rotationMatrix":[-0.7071824073791504,-0.7070311307907104,0,0.7070311307907104,-0.7071824073791504,0,0,0,1],"scale":1,"type":"powerpole1"}
{"pos":[-785.2650146484375,48.21179962158203,117.6439971923828],"rotationMatrix":[0.7070814371109009,-0.70713210105896,0,0.70713210105896,0.7070814371109009,0,0,0,1],"scale":1,"type":"powerpole1"}
{"pos":[57.19329833984375,717.8829956054688,74.55190277099609],"rotationMatrix":[0.3801702260971069,-0.9249165654182434,0,0.9249165654182434,0.3801702260971069,0,0,0,1],"scale":1,"type":"powerpole1"}
