{"pos":[-418.0650024414063,-195.6990051269531,107.9700012207031],"rotationMatrix":[0.6317464113235474,0.7751750946044922,0,-0.7751750946044922,0.6317464113235474,0,0,0,1],"scale":1,"type":"pylon"}
{"pos":[-487.39599609375,-348.3039855957031,104.5670013427734],"rotationMatrix":[0.850067138671875,0.5266743302345276,0,-0.5266743302345276,0.850067138671875,0,0,0,1],"scale":1,"type":"pylon"}
{"pos":[-671.7410278320313,-120.3659973144531,98.18450164794922],"rotationMatrix":[0.7016991376876831,0.7124733924865723,0,-0.7124733924865723,0.7016991376876831,0,0,0,1],"scale":1,"type":"pylon"}
{"pos":[-610.7230224609375,-401.4540100097656,105.4459991455078],"rotationMatrix":[0.9712479114532471,0.2380703538656235,0,-0.2380703538656235,0.9712479114532471,0,0,0,1],"scale":1,"type":"pylon"}
{"pos":[-876.885009765625,-229.7740020751953,104.765998840332],"rotationMatrix":[0.7151384353637695,0.698982834815979,0,-0.698982834815979,0.7151384353637695,0,0,0,1],"scale":1,"type":"pylon"}
{"pos":[-778.9019775390625,-485.1409912109375,99.80280303955078],"rotationMatrix":[0.6796798706054688,0.7335088849067688,0,-0.7335088849067688,0.6796798706054688,0,0,0,1],"scale":1,"type":"pylon"}
{"pos":[-935.6729736328125,-646.073974609375,104.5100021362305],"rotationMatrix":[0.6796798706054688,0.7335088849067688,0,-0.7335088849067688,0.6796798706054688,0,0,0,1],"scale":1,"type":"pylon"}
{"pos":[-1097.619995117188,-417.6719970703125,108.9739990234375],"rotationMatrix":[0.7151384353637695,0.698982834815979,0,-0.698982834815979,0.7151384353637695,0,0,0,1],"scale":1,"type":"pylon"}
{"pos":[-1048.719970703125,-745.9509887695313,107.6480026245117],"rotationMatrix":[0.7197990417480469,0.6941825151443481,0,-0.6941825151443481,0.7197990417480469,0,0,0,1],"scale":1,"type":"pylon"}
{"pos":[-143.4620056152344,280.8989868164063,113.1890029907227],"rotationMatrix":[0.9471874237060547,0.3206804990768433,0,-0.3206804990768433,0.9471874237060547,0,0,0,1],"scale":1,"type":"pylon"}
{"pos":[-121.6070022583008,202.4080047607422,120.8990020751953],"rotationMatrix":[0.7006168365478516,0.7135376930236816,0,-0.7135376930236816,0.7006168365478516,0,0,0,1],"scale":1,"type":"pylon"}
{"pos":[-279.9219970703125,279.4840087890625,101.0110015869141],"rotationMatrix":[0.7531766891479492,-0.6578182578086853,0,0.6578182578086853,0.7531766891479492,0,0,0,1],"scale":1,"type":"pylon"}
{"pos":[-261.2699890136719,56.59619903564453,119.5630035400391],"rotationMatrix":[0.7250146865844727,0.6887333989143372,0,-0.6887333989143372,0.7250146865844727,0,0,0,1],"scale":1,"type":"pylon"}
{"pos":[-518.9459838867188,27.57299995422363,98.8197021484375],"rotationMatrix":[0.7716472148895264,0.6360507607460022,0,-0.6360507607460022,0.7716472148895264,0,0,0,1],"scale":1,"type":"pylon"}
{"pos":[973.5830078125,-204.9010009765625,154.2429962158203],"rotationMatrix":[0.06346702575683594,0.9979839324951172,0,-0.9979839324951172,0.06346702575683594,0,0,0,1],"scale":1,"type":"pylon"}
{"pos":[948.0549926757813,-399.68701171875,158.8589935302734],"rotationMatrix":[0.06346702575683594,0.9979839324951172,0,-0.9979839324951172,0.06346702575683594,0,0,0,1],"scale":1,"type":"pylon"}
{"pos":[915.8679809570313,-575.0490112304688,165.2369995117188],"rotationMatrix":[-0.03305935859680176,0.9994533658027649,0,-0.9994533658027649,-0.03305935859680176,0,0,0,1],"scale":1,"type":"pylon"}
{"pos":[940.2860107421875,-730.9879760742188,170.3110046386719],"rotationMatrix":[0.5760636329650879,0.8174048662185669,0,-0.8174048662185669,0.5760636329650879,0,0,0,1],"scale":1,"type":"pylon"}
{"pos":[785.4409790039063,-805.2269897460938,158.0789947509766],"rotationMatrix":[0.9295374155044556,0.3687278032302856,0,-0.3687278032302856,0.9295374155044556,0,0,0,1],"scale":1,"type":"pylon"}
{"pos":[623.197021484375,-877.2930297851563,152.4579925537109],"rotationMatrix":[0.9295374155044556,0.3687278032302856,0,-0.3687278032302856,0.9295374155044556,0,0,0,1],"scale":1,"type":"pylon"}
{"pos":[433.5910034179688,-943.885986328125,144.572998046875],"rotationMatrix":[0.9934563636779785,0.1142123192548752,0,-0.1142123192548752,0.9934563636779785,0,0,0,1],"scale":1,"type":"pylon"}
{"pos":[213.8339996337891,-941.6669921875,135.8999938964844],"rotationMatrix":[0.9832921028137207,-0.1820347160100937,0,0.1820347160100937,0.9832921028137207,0,0,0,1],"scale":1,"type":"pylon"}
{"pos":[96.67890167236328,-1002.940002441406,133.7180023193359],"rotationMatrix":[0.8452095985412598,0.534434974193573,0,-0.534434974193573,0.8452095985412598,0,0,0,1],"scale":1,"type":"pylon"}
{"pos":[977.198974609375,969.4580078125,136.4680023193359],"rotationMatrix":[0.9993155002593994,0.03699366003274918,0,-0.03699366003274918,0.9993155002593994,0,0,0,1],"scale":1,"type":"pylon"}
{"pos":[782.22900390625,956.3250122070313,131.4199981689453],"rotationMatrix":[0.9638195037841797,0.2665557563304901,0,-0.2665557563304901,0.9638195037841797,0,0,0,1],"scale":1,"type":"pylon"}
{"pos":[724.0549926757813,813.8389892578125,118.5749969482422],"rotationMatrix":[0.6950194835662842,0.7189909219741821,0,-0.7189909219741821,0.6950194835662842,0,0,0,1],"scale":1,"type":"pylon"}
{"pos":[619.344970703125,894.5239868164063,131.6699981689453],"rotationMatrix":[0.9022295475006104,0.431256115436554,0,-0.431256115436554,0.9022295475006104,0,0,0,1],"scale":1,"type":"pylon"}
{"pos":[592.1300048828125,752.4990234375,118.8150024414063],"rotationMatrix":[0.856566309928894,0.5160369873046875,0,-0.5160369873046875,0.856566309928894,0,0,0,1],"scale":1,"type":"pylon"}
{"pos":[482.9200134277344,811.7579956054688,124.181999206543],"rotationMatrix":[0.8221535682678223,0.5692657828330994,0,-0.5692657828330994,0.8221535682678223,0,0,0,1],"scale":1,"type":"pylon"}
{"pos":[252.3139953613281,753.7479858398438,105.5790023803711],"rotationMatrix":[0.9024064540863037,0.4308858215808868,0,-0.4308858215808868,0.9024064540863037,0,0,0,1],"scale":1,"type":"pylon"}
{"pos":[436.125,650.6909790039063,119.6060028076172],"rotationMatrix":[0.7583484649658203,0.6518493890762329,0,-0.6518493890762329,0.7583484649658203,0,0,0,1],"scale":1,"type":"pylon"}
{"pos":[342.1199951171875,726.7919921875,114.484001159668],"rotationMatrix":[0.5714471340179443,0.82063889503479,0,-0.82063889503479,0.5714471340179443,0,0,0,1],"scale":1,"type":"pylon"}
{"pos":[292.22900390625,622.0349731445313,115.4560012817383],"rotationMatrix":[0.7688000202178955,0.6394892930984497,0,-0.6394892930984497,0.7688000202178955,0,0,0,1],"scale":1,"type":"pylon"}
{"pos":[301.552001953125,548.9520263671875,119.6060028076172],"rotationMatrix":[0.7583484649658203,0.6518493890762329,0,-0.6518493890762329,0.7583484649658203,0,0,0,1],"scale":1,"type":"pylon"}
{"pos":[169.2720031738281,708.791015625,98.08709716796875],"rotationMatrix":[0.7475237846374512,0.6642350554466248,0,-0.6642350554466248,0.7475237846374512,0,0,0,1],"scale":1,"type":"pylon"}
{"pos":[170.0970001220703,523.927001953125,115.2929992675781],"rotationMatrix":[0.748517632484436,0.6631149053573608,0,-0.6631149053573608,0.748517632484436,0,0,0,1],"scale":1,"type":"pylon"}
{"pos":[93.08509826660156,724.135986328125,80.39939880371094],"rotationMatrix":[-0.5361539125442505,0.8441202640533447,0,-0.8441202640533447,-0.5361539125442505,0,0,0,1],"scale":1,"type":"pylon"}
{"pos":[104.9990005493164,609.0130004882813,75.36810302734375],"rotationMatrix":[0.7374774217605591,0.6753717660903931,0,-0.6753717660903931,0.7374774217605591,0,0,0,1],"scale":1,"type":"pylon"}
{"pos":[162.8159942626953,437.5010070800781,120.484001159668],"rotationMatrix":[0.7583484649658203,0.6518493890762329,0,-0.6518493890762329,0.7583484649658203,0,0,0,1],"scale":1,"type":"pylon"}
{"pos":[49.19329833984375,430.0799865722656,117.3430023193359],"rotationMatrix":[0.748517632484436,0.6631149053573608,0,-0.6631149053573608,0.748517632484436,0,0,0,1],"scale":1,"type":"pylon"}
{"pos":[17.09679985046387,324.2690124511719,120.2409973144531],"rotationMatrix":[0.7583484649658203,0.6518493890762329,0,-0.6518493890762329,0.7583484649658203,0,0,0,1],"scale":1,"type":"pylon"}
