{"pos":[-22.26230049133301,694.7589721679688,74.57920074462891],"rotationMatrix":[1,0,0,0,1,0,0,0,1],"scale":1,"type":"storagerack"}
{"pos":[-565.0650024414063,156.1020050048828,100.3889999389648],"rotationMatrix":[0.7070814371109009,0.70713210105896,0,-0.70713210105896,0.7070814371109009,0,0,0,1],"scale":1,"type":"storagerack"}
{"pos":[-574.2999877929688,143.9190063476563,100.6320037841797],"rotationMatrix":[-0.7071824073791504,0.7070311307907104,0,-0.7070311307907104,-0.7071824073791504,0,0,0,1],"scale":1,"type":"storagerack"}
{"pos":[-605.8040161132813,126.7249984741211,101.8040008544922],"rotationMatrix":[-0.7071824073791504,-0.7070311307907104,0,0.7070311307907104,-0.7071824073791504,0,0,0,1],"scale":1,"type":"storagerack"}
{"pos":[-591.8079833984375,126.6839981079102,101.3870010375977],"rotationMatrix":[-0.7071824073791504,0.7070311307907104,0,-0.7070311307907104,-0.7071824073791504,0,0,0,1],"scale":1,"type":"storagerack"}
{"pos":[-582.802978515625,135.6889953613281,100.8600006103516],"rotationMatrix":[0.7070814371109009,-0.70713210105896,0,0.70713210105896,0.7070814371109009,0,0,0,1],"scale":1,"type":"storagerack"}
{"pos":[-612.7760009765625,108.4660034179688,101.9850006103516],"rotationMatrix":[0.7070814371109009,-0.70713210105896,0,0.70713210105896,0.7070814371109009,0,0,0,1],"scale":1,"type":"storagerack"}
{"pos":[58.77399826049805,734.31201171875,74.57920074462891],"rotationMatrix":[0.6108615398406982,-0.79173743724823,0,0.79173743724823,0.6108615398406982,0,0,0,1],"scale":1,"type":"storagerack"}
{"pos":[-579.4844970703125,60.74789428710938,101.3348007202148],"rotationMatrix":[0.7071068286895752,-0.7071067094802856,0,0.7071067094802856,0.7071068286895752,0,0,0,1],"scale":1,"type":"storagerack"}
