{"pos":[927.3939819335938,-221.3554534912109,148.9017791748047],"rotationMatrix":[0.7997097373008728,-0.6003867983818054,0,0.6003867983818054,0.7997097373008728,0,0,0,1],"scale":1,"type":"road_support1"}
{"pos":[958.7694091796875,-165.0284881591797,148.0997314453125],"rotationMatrix":[0.9244533777236938,-0.3812951445579529,0,0.3812951445579529,0.9244533777236938,0,0,0,1],"scale":1,"type":"road_support1"}
{"pos":[-402.2339477539063,59.39404296875,113.0964050292969],"rotationMatrix":[0.6898421049118042,-0.7239598631858826,0,0.7239598631858826,0.6898421049118042,0,0,0,1],"scale":1,"type":"road_support1"}
{"pos":[-206.208984375,510.6581420898438,82.12241363525391],"rotationMatrix":[0.6898421049118042,-0.7239598631858826,0,0.7239598631858826,0.6898421049118042,0,0,0,1],"scale":1,"type":"road_support1"}
{"pos":[-238.2916412353516,521.462158203125,80.52490234375],"rotationMatrix":[0.6898421049118042,-0.7239598631858826,0,0.7239598631858826,0.6898421049118042,0,0,0,1],"scale":1,"type":"road_support1"}
{"pos":[-261.546630859375,540.039794921875,76.62075805664063],"rotationMatrix":[0.6898421049118042,-0.7239598631858826,0,0.7239598631858826,0.6898421049118042,0,0,0,1],"scale":1,"type":"road_support1"}
{"pos":[-190.1603393554688,184.6321716308594,112.4906768798828],"rotationMatrix":[0.6866692304611206,-0.7269699573516846,0,0.7269699573516846,0.6866692304611206,0,0,0,1],"scale":1,"type":"road_support1"}
{"pos":[-222.8103179931641,217.5593414306641,111.5011749267578],"rotationMatrix":[0.6866692304611206,-0.7269699573516846,0,0.7269699573516846,0.6866692304611206,0,0,0,1],"scale":1,"type":"road_support1"}
{"pos":[-283.0586242675781,251.8704681396484,106.1377792358398],"rotationMatrix":[0.6866692304611206,-0.7269699573516846,0,0.7269699573516846,0.6866692304611206,0,0,0,1],"scale":1,"type":"road_support1"}
{"pos":[-327.4519958496094,236.4050598144531,100.167366027832],"rotationMatrix":[0.6866692304611206,-0.7269699573516846,0,0.7269699573516846,0.6866692304611206,0,0,0,1],"scale":1,"type":"road_support1"}
{"pos":[-482.1033630371094,-82.43186950683594,98.65876007080078],"rotationMatrix":[0.9977842569351196,0.0665329322218895,0,-0.0665329322218895,0.9977842569351196,0,0,0,1],"scale":1,"type":"road_support1"}
{"pos":[-481.3976440429688,-99.36058044433594,98.65876007080078],"rotationMatrix":[0.9979390501976013,0.06416859477758408,0,-0.06416859477758408,0.9979390501976013,0,0,0,1],"scale":1,"type":"road_support1"}
{"pos":[-479.9079284667969,-126.3160629272461,98.90856170654297],"rotationMatrix":[0.9938262701034546,0.1109475195407867,0,-0.1109475195407867,0.9938262701034546,0,0,0,1],"scale":1,"type":"road_support1"}
{"pos":[-478.2923278808594,-144.5360412597656,98.90856170654297],"rotationMatrix":[0.9938262701034546,0.1109475195407867,0,-0.1109475195407867,0.9938262701034546,0,0,0,1],"scale":1,"type":"road_support1"}
{"pos":[-351.3621215820313,88.02696228027344,103.9054489135742],"rotationMatrix":[0.9999505281448364,-0.009945379570126534,0,0.009945379570126534,0.9999505281448364,0,0,0,1],"scale":1,"type":"road_support1"}
{"pos":[-537.251953125,-171.5146026611328,105.2165679931641],"rotationMatrix":[0.6863139867782593,-0.7273054122924805,0,0.7273054122924805,0.6863139867782593,0,0,0,1],"scale":1,"type":"road_support1"}
{"pos":[-515.868896484375,-103.7511215209961,106.3725357055664],"rotationMatrix":[0.6863139867782593,-0.7273054122924805,0,0.7273054122924805,0.6863139867782593,0,0,0,1],"scale":1,"type":"road_support1"}
{"pos":[-481.9184875488281,-44.23834991455078,106.6239166259766],"rotationMatrix":[0.9999002814292908,0.01412264443933964,0,-0.01412264443933964,0.9999002814292908,0,0,0,1],"scale":1,"type":"road_support1"}
{"pos":[-448.7637634277344,-2.369277000427246,106.2846832275391],"rotationMatrix":[0.9999651312828064,-0.008347326889634132,0,0.008347326889634132,0.9999651312828064,0,0,0,1],"scale":1,"type":"road_support1"}
{"pos":[-403.0285949707031,43.64608764648438,105.3784866333008],"rotationMatrix":[0.9999651312828064,-0.008347326889634132,0,0.008347326889634132,0.9999651312828064,0,0,0,1],"scale":1,"type":"road_support1"}
{"pos":[-595.3456420898438,-305.8801879882813,106.7434158325195],"rotationMatrix":[0.6971762776374817,-0.7168997526168823,0,0.7168997526168823,0.6971762776374817,0,0,0,1],"scale":1,"type":"road_support1"}
{"pos":[-552.9151000976563,-266.9154968261719,109.4802017211914],"rotationMatrix":[0.683868408203125,-0.7296053767204285,0,0.7296053767204285,0.683868408203125,0,0,0,1],"scale":1,"type":"road_support1"}
{"pos":[-500.8887634277344,-216.1122894287109,112.9143676757813],"rotationMatrix":[0.9818705916404724,0.1895525455474854,0,-0.1895525455474854,0.9818705916404724,0,0,0,1],"scale":1,"type":"road_support1"}
{"pos":[-386.2970275878906,181.2160949707031,103.5779266357422],"rotationMatrix":[0.6898421049118042,-0.7239598631858826,0,0.7239598631858826,0.6898421049118042,0,0,0,1],"scale":1,"type":"road_support1"}
{"pos":[-393.4994201660156,138.7644195556641,107.5179824829102],"rotationMatrix":[0.6898421049118042,-0.7239598631858826,0,0.7239598631858826,0.6898421049118042,0,0,0,1],"scale":1,"type":"road_support1"}
{"pos":[-404.9325256347656,18.61564826965332,115.4955291748047],"rotationMatrix":[0.6898421049118042,-0.7239598631858826,0,0.7239598631858826,0.6898421049118042,0,0,0,1],"scale":1,"type":"road_support1"}
{"pos":[-411.0939025878906,-38.40621185302734,116.6945495605469],"rotationMatrix":[0.6898421049118042,-0.7239598631858826,0,0.7239598631858826,0.6898421049118042,0,0,0,1],"scale":1,"type":"road_support1"}
{"pos":[-429.4384155273438,-110.0631484985352,116.68212890625],"rotationMatrix":[0.9244533777236938,-0.3812951445579529,0,0.3812951445579529,0.9244533777236938,0,0,0,1],"scale":1,"type":"road_support1"}
{"pos":[-452.716796875,-155.0910034179688,115.6442184448242],"rotationMatrix":[0.834865927696228,-0.5504533052444458,0,0.5504533052444458,0.834865927696228,0,0,0,1],"scale":1,"type":"road_support1"}
{"pos":[-473.6814880371094,-184.2376708984375,114.4025573730469],"rotationMatrix":[0.9818705916404724,0.1895525455474854,0,-0.1895525455474854,0.9818705916404724,0,0,0,1],"scale":1,"type":"road_support1"}
