{"pos":[-21.79080009460449,-61.5166015625,121.177001953125],"rotationMatrix":[-0.8076609373092651,-0.5896471738815308,0,0.5896471738815308,-0.8076609373092651,0,0,0,1],"scale":1,"type":"seating1"}
{"pos":[-4.154300212860107,-48.64400100708008,121.177001953125],"rotationMatrix":[-0.8076609373092651,-0.5896471738815308,0,0.5896471738815308,-0.8076609373092651,0,0,0,1],"scale":1,"type":"seating1"}
{"pos":[-39.25680160522461,-74.26480102539063,121.177001953125],"rotationMatrix":[-0.8076609373092651,-0.5896471738815308,0,0.5896471738815308,-0.8076609373092651,0,0,0,1],"scale":1,"type":"seating1"}
{"pos":[-77.79100036621094,-102.390998840332,121.177001953125],"rotationMatrix":[-0.8076609373092651,-0.5896471738815308,0,0.5896471738815308,-0.8076609373092651,0,0,0,1],"scale":1,"type":"seating1"}
{"pos":[-95.42400360107422,-115.2610015869141,121.177001953125],"rotationMatrix":[-0.8076609373092651,-0.5896471738815308,0,0.5896471738815308,-0.8076609373092651,0,0,0,1],"scale":1,"type":"seating1"}
{"pos":[-113.0609970092773,-128.1340026855469,121.177001953125],"rotationMatrix":[-0.8076609373092651,-0.5896471738815308,0,0.5896471738815308,-0.8076609373092651,0,0,0,1],"scale":1,"type":"seating1"}
{"pos":[-16.61249923706055,-211.5650024414063,125.2269973754883],"rotationMatrix":[-0.8424321413040161,0.538802444934845,0,-0.538802444934845,-0.8424321413040161,0,0,0,1],"scale":1,"type":"seating1"}
{"pos":[-34.95040130615234,-199.843994140625,125.3860015869141],"rotationMatrix":[-0.8424321413040161,0.538802444934845,0,-0.538802444934845,-0.8424321413040161,0,0,0,1],"scale":1,"type":"seating1"}
{"pos":[-53.10589981079102,-188.2389984130859,125.7429962158203],"rotationMatrix":[-0.8424321413040161,0.538802444934845,0,-0.538802444934845,-0.8424321413040161,0,0,0,1],"scale":1,"type":"seating1"}
{"pos":[-34.99200057983398,-142.1060028076172,127.6389999389648],"rotationMatrix":[0.8158968687057495,0.5781974792480469,0,-0.5781974792480469,0.8158968687057495,0,0,0,1],"scale":1,"type":"seating1"}
{"pos":[-52.57180023193359,-154.5650024414063,127.640998840332],"rotationMatrix":[0.8158968687057495,0.5781974792480469,0,-0.5781974792480469,0.8158968687057495,0,0,0,1],"scale":1,"type":"seating1"}
{"pos":[-130.5260009765625,-140.8820037841797,121.177001953125],"rotationMatrix":[-0.8076609373092651,-0.5896471738815308,0,0.5896471738815308,-0.8076609373092651,0,0,0,1],"scale":1,"type":"seating1"}
{"pos":[-106.2750015258789,-370.0820007324219,126.3529968261719],"rotationMatrix":[0.9994685649871826,0.03259735554456711,0,-0.03259735554456711,0.9994685649871826,0,0,0,1],"scale":1,"type":"seating1"}
{"pos":[-84.96540069580078,-392.3429870605469,126.3550033569336],"rotationMatrix":[0.3339111804962158,-0.9426045417785645,0,0.9426045417785645,0.3339111804962158,0,0,0,1],"scale":1,"type":"seating1"}
{"pos":[-77.77140045166016,-412.6539916992188,126.3529968261719],"rotationMatrix":[0.3339111804962158,-0.9426045417785645,0,0.9426045417785645,0.3339111804962158,0,0,0,1],"scale":1,"type":"seating1"}
{"pos":[-127.8099975585938,-370.7860107421875,126.3550033569336],"rotationMatrix":[0.9994685649871826,0.03259735554456711,0,-0.03259735554456711,0.9994685649871826,0,0,0,1],"scale":1,"type":"seating1"}
{"pos":[-58.86040115356445,-637.9169921875,134.1300048828125],"rotationMatrix":[0.3501999378204346,0.936674952507019,0,-0.936674952507019,0.3501999378204346,0,0,0,1],"scale":1,"type":"seating1"}
{"pos":[-3.370599985122681,-707.3510131835938,133.7619934082031],"rotationMatrix":[-0.8347616195678711,-0.5506114959716797,0,0.5506114959716797,-0.8347616195678711,0,0,0,1],"scale":1,"type":"seating1"}
{"pos":[-57.09189987182617,-693.8289794921875,134.1300048828125],"rotationMatrix":[-0.7909674644470215,0.6118581891059875,0,-0.6118581891059875,-0.7909674644470215,0,0,0,1],"scale":1,"type":"seating1"}
{"pos":[-40.04949951171875,-707.0130004882813,134.1329956054688],"rotationMatrix":[-0.7909674644470215,0.6118581891059875,0,-0.6118581891059875,-0.7909674644470215,0,0,0,1],"scale":1,"type":"seating1"}
{"pos":[-66.40740203857422,-658.0999755859375,134.1329956054688],"rotationMatrix":[0.3501999378204346,0.936674952507019,0,-0.936674952507019,0.3501999378204346,0,0,0,1],"scale":1,"type":"seating1"}
{"pos":[344.2999877929688,-2.365400075912476,131.8099975585938],"rotationMatrix":[-0.7905889749526978,-0.6123471856117249,0,0.6123471856117249,-0.7905889749526978,0,0,0,1],"scale":1,"type":"seating1"}
{"pos":[13.47879981994629,-35.77389907836914,121.177001953125],"rotationMatrix":[-0.8076609373092651,-0.5896471738815308,0,0.5896471738815308,-0.8076609373092651,0,0,0,1],"scale":1,"type":"seating1"}
{"pos":[0.2894999980926514,-134.4720001220703,127.640998840332],"rotationMatrix":[0.9517638683319092,-0.3068314492702484,0,0.3068314492702484,0.9517638683319092,0,0,0,1],"scale":1,"type":"seating1"}
{"pos":[20.79689979553223,-141.0839996337891,127.6389999389648],"rotationMatrix":[0.9517638683319092,-0.3068314492702484,0,0.3068314492702484,0.9517638683319092,0,0,0,1],"scale":1,"type":"seating1"}
{"pos":[14.61839962005615,-695.489990234375,133.7649993896484],"rotationMatrix":[-0.8347616195678711,-0.5506114959716797,0,0.5506114959716797,-0.8347616195678711,0,0,0,1],"scale":1,"type":"seating1"}
{"pos":[792.0789794921875,679.9340209960938,137.9969940185547],"rotationMatrix":[0.3106271028518677,-0.9505318403244019,0,0.9505318403244019,0.3106271028518677,0,0,0,1],"scale":1,"type":"seating1"}
{"pos":[785.3460083007813,700.5380249023438,138.7899932861328],"rotationMatrix":[0.3106271028518677,-0.9505318403244019,0,0.9505318403244019,0.3106271028518677,0,0,0,1],"scale":1,"type":"seating1"}
{"pos":[699.5419921875,603.2269897460938,127.7200012207031],"rotationMatrix":[-0.6664077043533325,-0.7455875277519226,0,0.7455875277519226,-0.6664077043533325,0,0,0,1],"scale":1,"type":"seating1"}
{"pos":[685.1799926757813,587.1640014648438,126.1849975585938],"rotationMatrix":[-0.6664077043533325,-0.7455875277519226,0,0.7455875277519226,-0.6664077043533325,0,0,0,1],"scale":1,"type":"seating1"}
{"pos":[647.801025390625,544.3610229492188,123.7809982299805],"rotationMatrix":[-0.6664077043533325,-0.7455875277519226,0,0.7455875277519226,-0.6664077043533325,0,0,0,1],"scale":1,"type":"seating1"}
{"pos":[662.1630249023438,560.4240112304688,124.7310028076172],"rotationMatrix":[-0.6664077043533325,-0.7455875277519226,0,0.7455875277519226,-0.6664077043533325,0,0,0,1],"scale":1,"type":"seating1"}
{"pos":[430.2980041503906,64.25990295410156,131.8099975585938],"rotationMatrix":[-0.7905889749526978,-0.6123471856117249,0,0.6123471856117249,-0.7905889749526978,0,0,0,1],"scale":1,"type":"seating1"}
{"pos":[413.0010070800781,50.85879898071289,131.8099975585938],"rotationMatrix":[-0.7905889749526978,-0.6123471856117249,0,0.6123471856117249,-0.7905889749526978,0,0,0,1],"scale":1,"type":"seating1"}
{"pos":[378.6549987792969,24.25,131.8099975585938],"rotationMatrix":[-0.7905889749526978,-0.6123471856117249,0,0.6123471856117249,-0.7905889749526978,0,0,0,1],"scale":1,"type":"seating1"}
{"pos":[395.9119873046875,37.61980056762695,131.8099975585938],"rotationMatrix":[-0.7905889749526978,-0.6123471856117249,0,0.6123471856117249,-0.7905889749526978,0,0,0,1],"scale":1,"type":"seating1"}
{"pos":[361.3940124511719,10.87769985198975,131.8099975585938],"rotationMatrix":[-0.7905889749526978,-0.6123471856117249,0,0.6123471856117249,-0.7905889749526978,0,0,0,1],"scale":1,"type":"seating1"}
