{"pos":[-290.6239929199219,80.16179656982422,111.8170013427734],"rotationMatrix":[-0.7001680135726929,0.713978111743927,0,-0.713978111743927,-0.7001680135726929,0,0,0,1],"scale":1,"type":"sign_truss2"}
{"pos":[797.427978515625,-309.0759887695313,154.218994140625],"rotationMatrix":[-0.398460865020752,0.9171853065490723,0,-0.9171853065490723,-0.398460865020752,0,0,0,1],"scale":1,"type":"sign_truss2"}
{"pos":[681.5540161132813,817.2979736328125,117.2259979248047],"rotationMatrix":[0.3857247829437256,-0.9226139187812805,0,0.9226139187812805,0.3857247829437256,0,0,0,1],"scale":1,"type":"sign_truss2"}
{"pos":[340.5769958496094,647.9199829101563,116.1940002441406],"rotationMatrix":[-0.5449303388595581,0.8384813070297241,0,-0.8384813070297241,-0.5449303388595581,0,0,0,1],"scale":1,"type":"sign_truss2"}
