{"pos":[-114.2880020141602,92.03720092773438,122.3880004882813],"rotationMatrix":[-0.7057044506072998,0.7085063457489014,0,-0.7085063457489014,-0.7057044506072998,0,0,0,1],"scale":1,"type":"solarpanel"}
{"pos":[-119.9329986572266,86.33580017089844,122.3880004882813],"rotationMatrix":[-0.7071824073791504,0.7070311307907104,0,-0.7070311307907104,-0.7071824073791504,0,0,0,1],"scale":1,"type":"solarpanel"}
{"pos":[-148.2409973144531,126.0199966430664,122.3880004882813],"rotationMatrix":[-0.706812858581543,0.7074005603790283,0,-0.7074005603790283,-0.706812858581543,0,0,0,1],"scale":1,"type":"solarpanel"}
{"pos":[-136.9230041503906,114.7050018310547,122.3880004882813],"rotationMatrix":[-0.7071824073791504,0.7070311307907104,0,-0.7070311307907104,-0.7071824073791504,0,0,0,1],"scale":1,"type":"solarpanel"}
{"pos":[-125.6119995117188,103.3809967041016,122.3880004882813],"rotationMatrix":[-0.7071824073791504,0.7070311307907104,0,-0.7070311307907104,-0.7071824073791504,0,0,0,1],"scale":1,"type":"solarpanel"}
{"pos":[-153.8869934082031,120.3470001220703,122.3880004882813],"rotationMatrix":[-0.7071824073791504,0.7070311307907104,0,-0.7070311307907104,-0.7071824073791504,0,0,0,1],"scale":1,"type":"solarpanel"}
{"pos":[-142.5700073242188,109.0039978027344,122.3880004882813],"rotationMatrix":[-0.7053350210189819,0.7088741064071655,0,-0.7088741064071655,-0.7053350210189819,0,0,0,1],"scale":1,"type":"solarpanel"}
{"pos":[-131.2530059814453,97.65540313720703,122.3880004882813],"rotationMatrix":[-0.7071824073791504,0.7070311307907104,0,-0.7070311307907104,-0.7071824073791504,0,0,0,1],"scale":1,"type":"solarpanel"}
{"pos":[-159.5670013427734,114.6029968261719,122.3880004882813],"rotationMatrix":[-0.7071824073791504,0.7070311307907104,0,-0.7070311307907104,-0.7071824073791504,0,0,0,1],"scale":1,"type":"solarpanel"}
{"pos":[-148.2720031738281,103.2679977416992,122.3880004882813],"rotationMatrix":[-0.7071824073791504,0.7070311307907104,0,-0.7070311307907104,-0.7071824073791504,0,0,0,1],"scale":1,"type":"solarpanel"}
{"pos":[-136.9019927978516,91.98600006103516,122.3880004882813],"rotationMatrix":[-0.7131004333496094,0.7010619044303894,0,-0.7010619044303894,-0.7131004333496094,0,0,0,1],"scale":1,"type":"solarpanel"}
{"pos":[-125.5719985961914,80.70860290527344,122.3880004882813],"rotationMatrix":[-0.7042272090911865,0.7099746465682983,0,-0.7099746465682983,-0.7042272090911865,0,0,0,1],"scale":1,"type":"solarpanel"}
{"pos":[-165.1710052490234,108.9919967651367,122.3880004882813],"rotationMatrix":[-0.706812858581543,0.7074005603790283,0,-0.7074005603790283,-0.706812858581543,0,0,0,1],"scale":1,"type":"solarpanel"}
{"pos":[-153.8739929199219,97.67579650878906,122.3880004882813],"rotationMatrix":[-0.7071824073791504,0.7070311307907104,0,-0.7070311307907104,-0.7071824073791504,0,0,0,1],"scale":1,"type":"solarpanel"}
{"pos":[-142.5370025634766,86.34120178222656,122.3880004882813],"rotationMatrix":[-0.7071824073791504,0.7070311307907104,0,-0.7070311307907104,-0.7071824073791504,0,0,0,1],"scale":1,"type":"solarpanel"}
{"pos":[-131.2129974365234,75.00869750976563,122.3880004882813],"rotationMatrix":[-0.706812858581543,0.7074005603790283,0,-0.7074005603790283,-0.706812858581543,0,0,0,1],"scale":1,"type":"solarpanel"}
{"pos":[-170.85400390625,103.3840026855469,122.3880004882813],"rotationMatrix":[-0.7038578987121582,0.7103407979011536,0,-0.7103407979011536,-0.7038578987121582,0,0,0,1],"scale":1,"type":"solarpanel"}
{"pos":[-159.5720062255859,92.04209899902344,122.3880004882813],"rotationMatrix":[-0.706812858581543,0.7074005603790283,0,-0.7074005603790283,-0.706812858581543,0,0,0,1],"scale":1,"type":"solarpanel"}
{"pos":[-148.2250061035156,80.70169830322266,122.3880004882813],"rotationMatrix":[-0.7071824073791504,0.7070311307907104,0,-0.7070311307907104,-0.7071824073791504,0,0,0,1],"scale":1,"type":"solarpanel"}
{"pos":[-136.9160003662109,69.39540100097656,122.3880004882813],"rotationMatrix":[-0.7071824073791504,0.7070311307907104,0,-0.7070311307907104,-0.7071824073791504,0,0,0,1],"scale":1,"type":"solarpanel"}
{"pos":[-176.3840026855469,97.88369750976563,122.3880004882813],"rotationMatrix":[-0.7071824073791504,0.7070311307907104,0,-0.7070311307907104,-0.7071824073791504,0,0,0,1],"scale":1,"type":"solarpanel"}
{"pos":[-165.1130065917969,86.50450134277344,122.3880004882813],"rotationMatrix":[-0.7001680135726929,0.713978111743927,0,-0.713978111743927,-0.7001680135726929,0,0,0,1],"scale":1,"type":"solarpanel"}
{"pos":[-153.8379974365234,75.12979888916016,122.3880004882813],"rotationMatrix":[-0.706812858581543,0.7074005603790283,0,-0.7074005603790283,-0.706812858581543,0,0,0,1],"scale":1,"type":"solarpanel"}
{"pos":[-142.5269927978516,63.78450012207031,122.3880004882813],"rotationMatrix":[-0.7034889459609985,0.7107061743736267,0,-0.7107061743736267,-0.7034889459609985,0,0,0,1],"scale":1,"type":"solarpanel"}
{"pos":[-182.2660064697266,92.03890228271484,122.3880004882813],"rotationMatrix":[-0.7071824073791504,0.7070311307907104,0,-0.7070311307907104,-0.7071824073791504,0,0,0,1],"scale":1,"type":"solarpanel"}
{"pos":[-170.9470062255859,80.71990203857422,122.3880004882813],"rotationMatrix":[-0.7071824073791504,0.7070311307907104,0,-0.7070311307907104,-0.7071824073791504,0,0,0,1],"scale":1,"type":"solarpanel"}
{"pos":[-159.6340026855469,69.40589904785156,122.3880004882813],"rotationMatrix":[-0.7071824073791504,0.7070311307907104,0,-0.7070311307907104,-0.7071824073791504,0,0,0,1],"scale":1,"type":"solarpanel"}
{"pos":[-148.3110046386719,58.08890151977539,122.3880004882813],"rotationMatrix":[-0.7071824073791504,0.7070311307907104,0,-0.7070311307907104,-0.7071824073791504,0,0,0,1],"scale":1,"type":"solarpanel"}
{"pos":[-187.7039947509766,86.52400207519531,122.3880004882813],"rotationMatrix":[-0.7071824073791504,0.7070311307907104,0,-0.7070311307907104,-0.7071824073791504,0,0,0,1],"scale":1,"type":"solarpanel"}
{"pos":[-176.4470062255859,75.16459655761719,122.3880004882813],"rotationMatrix":[-0.7001680135726929,0.713978111743927,0,-0.713978111743927,-0.7001680135726929,0,0,0,1],"scale":1,"type":"solarpanel"}
{"pos":[-165.1909942626953,63.77590179443359,122.3880004882813],"rotationMatrix":[-0.7053350210189819,0.7088741064071655,0,-0.7088741064071655,-0.7053350210189819,0,0,0,1],"scale":1,"type":"solarpanel"}
{"pos":[-153.8880004882813,52.43500137329102,122.3880004882813],"rotationMatrix":[-0.7053350210189819,0.7088741064071655,0,-0.7088741064071655,-0.7053350210189819,0,0,0,1],"scale":1,"type":"solarpanel"}
{"pos":[-182.218994140625,69.40440368652344,122.3880004882813],"rotationMatrix":[-0.706812858581543,0.7074005603790283,0,-0.7074005603790283,-0.706812858581543,0,0,0,1],"scale":1,"type":"solarpanel"}
{"pos":[-170.9040069580078,58.0817985534668,122.3880004882813],"rotationMatrix":[-0.706812858581543,0.7074005603790283,0,-0.7074005603790283,-0.706812858581543,0,0,0,1],"scale":1,"type":"solarpanel"}
{"pos":[-159.5749969482422,46.77470016479492,122.3880004882813],"rotationMatrix":[-0.7071824073791504,0.7070311307907104,0,-0.7070311307907104,-0.7071824073791504,0,0,0,1],"scale":1,"type":"solarpanel"}
{"pos":[-193.5440063476563,80.73519897460938,122.3880004882813],"rotationMatrix":[-0.7071824073791504,0.7070311307907104,0,-0.7070311307907104,-0.7071824073791504,0,0,0,1],"scale":1,"type":"solarpanel"}
{"pos":[-199.1790008544922,75.01080322265625,122.3880004882813],"rotationMatrix":[-0.706812858581543,0.7074005603790283,0,-0.7074005603790283,-0.706812858581543,0,0,0,1],"scale":1,"type":"solarpanel"}
{"pos":[-187.8580017089844,63.68650054931641,122.3880004882813],"rotationMatrix":[-0.7071824073791504,0.7070311307907104,0,-0.7070311307907104,-0.7071824073791504,0,0,0,1],"scale":1,"type":"solarpanel"}
{"pos":[-176.5319976806641,52.38100051879883,122.3880004882813],"rotationMatrix":[-0.7071824073791504,0.7070311307907104,0,-0.7070311307907104,-0.7071824073791504,0,0,0,1],"scale":1,"type":"solarpanel"}
{"pos":[-165.218994140625,41.06079864501953,122.3880004882813],