{"pos":[-554.3560180664063,-440.7139892578125,115.2939987182617],"rotationMatrix":[-0.9266846179962158,-0.37583988904953,0,0.37583988904953,-0.9266846179962158,0,0,0,1],"scale":1.044600009918213,"type":"spanishbayonet1"}
{"pos":[-551.8419799804688,-440.4209899902344,115.6070022583008],"rotationMatrix":[-0.5281016826629639,-0.8491811156272888,0,0.8491811156272888,-0.5281016826629639,0,0,0,1],"scale":1.397699952125549,"type":"spanishbayonet1"}
{"pos":[-554.93798828125,-438.5710144042969,115.1949996948242],"rotationMatrix":[0.9886296987533569,0.1503705978393555,0,-0.1503705978393555,0.9886296987533569,0,0,0,1],"scale":1.179000020027161,"type":"spanishbayonet1"}
{"pos":[-529.9229736328125,-446.3980102539063,117.1940002441406],"rotationMatrix":[0.7178492546081543,-0.696198582649231,0,0.696198582649231,0.7178492546081543,0,0,0,1],"scale":1.073699951171875,"type":"spanishbayonet1"}
{"pos":[-532.9650268554688,-445.2929992675781,116.9720001220703],"rotationMatrix":[-0.7841606140136719,-0.6205579042434692,0,0.6205579042434692,-0.7841606140136719,0,0,0,1],"scale":1.315400004386902,"type":"spanishbayonet1"}
{"pos":[-506.2059936523438,-482.6650085449219,119.0490036010742],"rotationMatrix":[-0.8122272491455078,0.583341121673584,0,-0.583341121673584,-0.8122272491455078,0,0,0,1],"scale":1.423200011253357,"type":"spanishbayonet1"}
{"pos":[-505.1329956054688,-480.6610107421875,118.9990005493164],"rotationMatrix":[0.4769401550292969,0.8789357542991638,0,-0.8789357542991638,0.4769401550292969,0,0,0,1],"scale":1.08870005607605,"type":"spanishbayonet1"}
{"pos":[-508.7699890136719,-478.4530029296875,118.661003112793],"rotationMatrix":[0.6092720031738281,-0.7929612994194031,0,0.7929612994194031,0.6092720031738281,0,0,0,1],"scale":1.196799993515015,"type":"spanishbayonet1"}
{"pos":[-598.3660278320313,-438.6549987792969,113.3199996948242],"rotationMatrix":[-0.6876519918441772,-0.7260404229164124,0,0.7260404229164124,-0.6876519918441772,0,0,0,1],"scale":1.219599962234497,"type":"spanishbayonet1"}
{"pos":[-583.6539916992188,-441.093994140625,114.0660018920898],"rotationMatrix":[-0.7279404401779175,0.6856403946876526,0,-0.6856403946876526,-0.7279404401779175,0,0,0,1],"scale":1.360299944877625,"type":"spanishbayonet1"}
{"pos":[-570.8679809570313,-441.4559936523438,114.5690002441406],"rotationMatrix":[0.9745523929595947,0.224159836769104,0,-0.224159836769104,0.9745523929595947,0,0,0,1],"scale":1.263299942016602,"type":"spanishbayonet1"}
{"pos":[-569.4349975585938,-457.572998046875,114.5220031738281],"rotationMatrix":[-0.5144959688186646,0.8574928045272827,0,-0.8574928045272827,-0.5144959688186646,0,0,0,1],"scale":1.011600017547607,"type":"spanishbayonet1"}
{"pos":[-572.1290283203125,-456.9159851074219,114.4140014648438],"rotationMatrix":[-0.8451205492019653,-0.5345757603645325,0,0.5345757603645325,-0.8451205492019653,0,0,0,1],"scale":1.477800011634827,"type":"spanishbayonet1"}
{"pos":[-568.7990112304688,-462.6950073242188,114.9850006103516],"rotationMatrix":[-0.02016329765319824,0.9997966885566711,0,-0.9997966885566711,-0.02016329765319824,0,0,0,1],"scale":1.198699951171875,"type":"spanishbayonet1"}
{"pos":[-571.52099609375,-461.2579956054688,114.7850036621094],"rotationMatrix":[0.3714553117752075,-0.9284508228302002,0,0.9284508228302002,0.3714553117752075,0,0,0,1],"scale":1.152699947357178,"type":"spanishbayonet1"}
{"pos":[-34.26010131835938,527.0159912109375,75.01309967041016],"rotationMatrix":[-0.01702332496643066,0.999855101108551,0,-0.999855101108551,-0.01702332496643066,0,0,0,1],"scale":1.319900035858154,"type":"spanishbayonet1"}
{"pos":[-402.0429992675781,638.6170043945313,74.81300354003906],"rotationMatrix":[-0.9995999336242676,0.02828378789126873,0,-0.02828378789126873,-0.9995999336242676,0,0,0,1],"scale":1.422500014305115,"type":"spanishbayonet1"}
{"pos":[-404.5809936523438,641.4190063476563,75.21009826660156],"rotationMatrix":[-0.8752096891403198,-0.4837437272071838,0,0.4837437272071838,-0.8752096891403198,0,0,0,1],"scale":1.157299995422363,"type":"spanishbayonet1"}
{"pos":[-400.114990234375,636.7410278320313,75.00749969482422],"rotationMatrix":[-0.7049658298492432,-0.7092412710189819,0,0.7092412710189819,-0.7049658298492432,0,0,0,1],"scale":1.150500059127808,"type":"spanishbayonet1"}
{"pos":[-450.5390014648438,737.0139770507813,75.06420135498047],"rotationMatrix":[0.7160434722900391,0.6980556845664978,0,-0.6980556845664978,0.7160434722900391,0,0,0,1],"scale":1.717200040817261,"type":"spanishbayonet1"}
{"pos":[-443.1851501464844,726.2238159179688,75.02330017089844],"rotationMatrix":[-0.1781125068664551,0.9840101003646851,0,-0.9840101003646851,-0.1781125068664551,0,0,0,1],"scale":1.734599947929382,"type":"spanishbayonet1"}
{"pos":[-384.3619995117188,617.4299926757813,75.00119781494141],"rotationMatrix":[-0.9992002248764038,0.03998637944459915,0,-0.03998637944459915,-0.9992002248764038,0,0,0,1],"scale":1.014400005340576,"type":"spanishbayonet1"}
{"pos":[-383.4419860839844,619.7069702148438,74.93779754638672],"rotationMatrix":[-0.2848045825958252,-0.9585856199264526,0,0.9585856199264526,-0.2848045825958252,0,0,0,1],"scale":1.331799983978271,"type":"spanishbayonet1"}
{"pos":[-387.6069946289063,623.698974609375,74.85449981689453],"rotationMatrix":[0.8614515066146851,0.5078398585319519,0,-0.5078398585319519,0.8614515066146851,0,0,0,1],"scale":1.205999970436096,"type":"spanishbayonet1"}
{"pos":[-484.9259948730469,510.8739929199219,98.25029754638672],"rotationMatrix":[-0.09105992317199707,-0.9958454370498657,0,0.9958454370498657,-0.09105992317199707,0,0,0,1],"scale":1.448699951171875,"type":"spanishbayonet1"}
{"pos":[-493.8999938964844,519.7210083007813,98.293701171875],"rotationMatrix":[-0.9479430913925171,-0.318439781665802,0,0.318439781665802,-0.9479430913925171,0,0,0,1],"scale":1.685199975967407,"type":"spanishbayonet1"}
{"pos":[-496.1059875488281,522.323974609375,98.34860229492188],"rotationMatrix":[-0.7747279405593872,-0.6322947144508362,0,0.6322947144508362,-0.7747279405593872,0,0,0,1],"scale":1.706400036811829,"type":"spanishbayonet1"}
{"pos":[-13.81079959869385,456.7780151367188,101.6709976196289],"rotationMatrix":[0.3978567123413086,0.917447566986084,0,-0.917447566986084,0.3978567123413086,0,0,0,1],"scale":1.324900031089783,"type":"spanishbayonet1"}
{"pos":[-20.81310081481934,447.85400390625,101.6790008544922],"rotationMatrix":[-0.8748226165771484,-0.4844433665275574,0,0.4844433665275574,-0.8748226165771484,0,0,0,1],"scale":1.176699995994568,"type":"spanishbayonet1"}
{"pos":[-17.78339958190918,454.8599853515625,101.677001953125],"rotationMatrix":[-0.9984003305435181,-0.05654007568955421,0,0.05654007568955421,-0.9984003305435181,0,0,0,1],"scale":1.332499980926514,"type":"spanishbayonet1"}
{"pos":[-17.24029922485352,448.4939880371094,101.6709976196289],"rotationMatrix":[0.816745400428772,0.576998233795166,0,-0.576998233795166,0.816745400428772,0,0,0,1],"scale":1.248700022697449,"type":"spanishbayonet1"}
{"pos":[-11.60330009460449,460.3970031738281,101.6709976196289],"rotationMatrix":[-0.9661445617675781,0.2580013275146484,0,-0.2580013275146484,-0.9661445617675781,0,0,0,1],"scale":1.471099972724915,"type":"spanishbayonet1"}
{"pos":[-304.8269958496094,491.3710021972656,84.67649841308594],"rotationMatrix":[0.5332287549972534,0.8459711074829102,0,-0.8459711074829102,0.5332287549972534,0,0,0,1],"scale":2.311399936676025,"type":"spanishbayonet1"}
{"pos":[-324.8219909667969,468.197998046875,87.54859924316406],"rotationMatrix":[0.9973790645599365,-0.0723533108830452,0,0.0723533108830452,0.9973790645599365,0,0,0,1],"scale":2.579299926757813,"type":"spanishbayonet1"}
{"pos":[-416.447998046875,417.5409851074219,97.05169677734375],"rotationMatrix":[-0.9908105134963989,-0.1352572590112686,0,0.1352572590112686,-0.9908105134963989,0,0,0,1],"scale":1.340100049972534,"type":"spanishbayonet1"}
{"pos":[-394.2720031738281,415.3410034179688,96.99199676513672],"rotationMatrix":[-0.4165811538696289,-0.9090985059738159,0,0.9090985059738159,-0.4165811538696289,0,0,0,1],