{"pos":[-276.4150085449219,-665.177978515625,125.1719970703125],"rotationMatrix":[0.3419661521911621,0.9397122859954834,0,-0.9397122859954834,0.3419661521911621,0,0,0,1],"scale":2.809499979019165,"type":"spanishbayonet2"}
{"pos":[-507.3349914550781,-480.4819946289063,118.8639984130859],"rotationMatrix":[-0.9972009658813477,-0.07476786524057388,0,0.07476786524057388,-0.9972009658813477,0,0,0,1],"scale":2.234699964523315,"type":"spanishbayonet2"}
{"pos":[-505.510986328125,-479.14599609375,118.9609985351563],"rotationMatrix":[0.03061103820800781,0.9995313882827759,0,-0.9995313882827759,0.03061103820800781,0,0,0,1],"scale":2.610599994659424,"type":"spanishbayonet2"}
{"pos":[-454.3869934082031,749.6339721679688,75.04769897460938],"rotationMatrix":[-0.7593128681182861,0.6507257223129272,0,-0.6507257223129272,-0.7593128681182861,0,0,0,1],"scale":2.432199954986572,"type":"spanishbayonet2"}
{"pos":[-486.5969848632813,512.3629760742188,98.32589721679688],"rotationMatrix":[0.8281848430633545,-0.5604550242424011,0,0.5604550242424011,0.8281848430633545,0,0,0,1],"scale":2.068900108337402,"type":"spanishbayonet2"}
{"pos":[-484.8609924316406,507.6430053710938,98.42880249023438],"rotationMatrix":[0.3504281044006348,0.9365896582603455,0,-0.9365896582603455,0.3504281044006348,0,0,0,1],"scale":2.076200008392334,"type":"spanishbayonet2"}
{"pos":[-492.3049926757813,500.5289916992188,98.44879913330078],"rotationMatrix":[-0.9876192808151245,0.1568698734045029,0,-0.1568698734045029,-0.9876192808151245,0,0,0,1],"scale":2.940299987792969,"type":"spanishbayonet2"}
{"pos":[-490.4819946289063,516.4829711914063,98.33899688720703],"rotationMatrix":[-0.9047615528106689,-0.4259184598922729,0,0.4259184598922729,-0.9047615528106689,0,0,0,1],"scale":2.01449990272522,"type":"spanishbayonet2"}
{"pos":[-499.2730102539063,525.5330200195313,98.43460083007813],"rotationMatrix":[-0.7458330392837524,0.666132926940918,0,-0.666132926940918,-0.7458330392837524,0,0,0,1],"scale":2.454499959945679,"type":"spanishbayonet2"}
{"pos":[-20.09440040588379,451.2080078125,101.6809997558594],"rotationMatrix":[0.7409440279006958,0.6715667843818665,0,-0.6715667843818665,0.7409440279006958,0,0,0,1],"scale":2.753000020980835,"type":"spanishbayonet2"}
{"pos":[-308.2749938964844,493.6990051269531,84.47550201416016],"rotationMatrix":[0.9333144426345825,-0.3590601086616516,0,0.3590601086616516,0.9333144426345825,0,0,0,1],"scale":2.295399904251099,"type":"spanishbayonet2"}
{"pos":[-406.656005859375,427.4580078125,97.00160217285156],"rotationMatrix":[0.7880995273590088,-0.6155478358268738,0,0.6155478358268738,0.7880995273590088,0,0,0,1],"scale":2.628299951553345,"type":"spanishbayonet2"}
{"pos":[-409.2260131835938,400.0090026855469,97.20749664306641],"rotationMatrix":[-0.9856258630752563,0.1689427644014359,0,-0.1689427644014359,-0.9856258630752563,0,0,0,1],"scale":2.869800090789795,"type":"spanishbayonet2"}
{"pos":[-662.7589721679688,782.6229858398438,75.5968017578125],"rotationMatrix":[0.06674885749816895,-0.997769832611084,0,0.997769832611084,0.06674885749816895,0,0,0,1],"scale":2.623699903488159,"type":"spanishbayonet2"}
{"pos":[-510.4360046386719,572.7039794921875,94.04350280761719],"rotationMatrix":[0.9138875007629395,-0.4059675335884094,0,0.4059675335884094,0.9138875007629395,0,0,0,1],"scale":2.478399991989136,"type":"spanishbayonet2"}
{"pos":[-504.9559936523438,530.9849853515625,96.29309844970703],"rotationMatrix":[0.2577507495880127,0.9662114381790161,0,-0.9662114381790161,0.2577507495880127,0,0,0,1],"scale":2.121799945831299,"type":"spanishbayonet2"}
{"pos":[-510.7789916992188,536.780029296875,96.27770233154297],"rotationMatrix":[-0.9463646411895752,0.3231005370616913,0,-0.3231005370616913,-0.9463646411895752,0,0,0,1],"scale":2.072999954223633,"type":"spanishbayonet2"}
{"pos":[-710.5819702148438,532.2470092773438,120.2819976806641],"rotationMatrix":[0.9633878469467163,0.2681116461753845,0,-0.2681116461753845,0.9633878469467163,0,0,0,1],"scale":1.62720000743866,"type":"spanishbayonet2"}
{"pos":[-704.0040283203125,526.1160278320313,120.0459976196289],"rotationMatrix":[-0.7671999931335449,0.6414079666137695,0,-0.6414079666137695,-0.7671999931335449,0,0,0,1],"scale":2.589200019836426,"type":"spanishbayonet2"}
{"pos":[-781.7730102539063,888.5789794921875,75.70220184326172],"rotationMatrix":[0.4324615001678467,-0.9016523957252502,0,0.9016523957252502,0.4324615001678467,0,0,0,1],"scale":2.079400062561035,"type":"spanishbayonet2"}
{"pos":[-752.8049926757813,888.5230102539063,75.76580047607422],"rotationMatrix":[-0.944786548614502,0.3276863992214203,0,-0.3276863992214203,-0.944786548614502,0,0,0,1],"scale":2.471499919891357,"type":"spanishbayonet2"}
{"pos":[-818.52001953125,888.614013671875,75.65249633789063],"rotationMatrix":[-0.4429606199264526,-0.8965410590171814,0,0.8965410590171814,-0.4429606199264526,0,0,0,1],"scale":2.159800052642822,"type":"spanishbayonet2"}
{"pos":[-821.75,862.7379760742188,75.16110229492188],"rotationMatrix":[-0.07399165630340576,0.9972588419914246,0,-0.9972588419914246,-0.07399165630340576,0,0,0,1],"scale":2.538100004196167,"type":"spanishbayonet2"}
{"pos":[-753.9569702148438,669.947998046875,106.515998840332],"rotationMatrix":[-0.2143052816390991,0.9767667055130005,0,-0.9767667055130005,-0.2143052816390991,0,0,0,1],"scale":1.994699954986572,"type":"spanishbayonet2"}
{"pos":[-930.8720092773438,651.4010009765625,112.8639984130859],"rotationMatrix":[0.575326681137085,0.8179237246513367,0,-0.8179237246513367,0.575326681137085,0,0,0,1],"scale":2.200000047683716,"type":"spanishbayonet2"}
{"pos":[-603.1710205078125,443.5119934082031,113.3089981079102],"rotationMatrix":[0.9933414459228516,0.1152075156569481,0,-0.1152075156569481,0.9933414459228516,0,0,0,1],"scale":2.135600090026855,"type":"spanishbayonet2"}
{"pos":[-594.5280151367188,435.1780090332031,112.0930023193359],"rotationMatrix":[0.5011992454528809,0.8653318881988525,0,-0.8653318881988525,0.5011992454528809,0,0,0,1],"scale":2.069400072097778,"type":"spanishbayonet2"}
{"pos":[915.364990234375,-222.2440032958984,149.7790069580078],"rotationMatrix":[-0.9365121126174927,0.3506352305412292,0,-0.3506352305412292,-0.9365121126174927,0,0,0,1],"scale":2.620800018310547,"type":"spanishbayonet2"}
{"pos":[890.0159912109375,-242.0420074462891,152.9880065917969],"rotationMatrix":[0.1155499219894409,-0.9933016896247864,0,0.9933016896247864,0.1155499219894409,0,0,0,1],"scale":2.949199914932251,"type":"spanishbayonet2"}
{"pos":[929.177978515625,-211.25,150.4900054931641],"rotationMatrix":[-0.5449303388595581,0.8384813070297241,0,-0.8384813070297241,-0.5449303388595581,0,0,0,1],"scale":2.62689995765686,"type":"spanishbayonet2"}
{"pos":[906.1710205078125,-262.75,153.1089935302734],"rotationMatrix":[0.3428835868835449,-0.9393779039382935,0,0.9393779039382935,0.3428835868835449,0,0,0,1],"scale":2.700299978256226,"type":"spanishbayonet2"}
{"pos":[526.5579833984375,-416.4339904785156,149.8209991455078],"rotationMatrix":[-0.9369055032730103,0.3495827317237854,0,-0.3495827317237854,-0.9369055032730103,0,0,0,1],"scale":2.667399883270264,"type":"spanishbayonet2"}
{"pos":[555.9860229492188,-381.6419982910156,148.4940032958984],"rotationMatrix":[0.9612467288970947,0.2756895422935486,0,-0.2756895422935486,0.9612467288970947,0,0,0,1],"scale":2.388000011444092,"type":"spanishbayonet2"}
{"pos":[578.68701171875,-379.3299865722656,148.031005859375],"rotationMatrix":[-0.7566877603530884,-0.6537764668464661,0,0.6537764668464661,-0.7566877603530884,0,0,0,1],"scale":2.211499929428101,"type":"spanishbayonet2"}
{"pos":[850.1010131835938,-664.489990234375,172.5180053710938],"rotationMatrix":[-0.8651528358459473,0.5015082955360413,0,-0.5015082955360413,-0.8651528358459473,0,0,0,1],"scale":2.011300086975098,"type":"spanishbayonet2"}
{"pos":[491.1390075683594,-382.5750122070313,150.2779998779297],"rotationMatrix":[0.6884238719940186,0.7253085970878601,0,-0.7253085970878601,0.6884238719940186,0,0,0,1],"scale":2.3024001121521,