{"pos":[-19.84250068664551,698.1129760742188,74.47920227050781],"rotationMatrix":[-0.9932057857513428,-0.1163712441921234,0,0.1163712441921234,-0.9932057857513428,0,0,0,1],"scale":1,"type":"spool"}
{"pos":[-5.078199863433838,682.0120239257813,74.51709747314453],"rotationMatrix":[0.20947265625,0.9778144955635071,0,-0.9778144955635071,0.20947265625,0,0,0,1],"scale":1,"type":"spool"}
{"pos":[-2.496099948883057,674.9810180664063,75.65769958496094],"rotationMatrix":[1,0,0,0,-0.06434047222137451,0.9979280233383179,0,-0.9979280233383179,-0.06434047222137451],"scale":1,"type":"spool"}
{"pos":[-65.83290100097656,623.3709716796875,75.31749725341797],"rotationMatrix":[1,0,0,0,0.01326847076416016,-0.9999119639396667,0,0.9999119639396667,0.01326847076416016],"scale":1,"type":"spool"}
{"pos":[46.0348014831543,732.0059814453125,74.51100158691406],"rotationMatrix":[0.4836688041687012,-0.8752511143684387,0,0.8752511143684387,0.4836688041687012,0,0,0,1],"scale":1,"type":"spool"}
{"pos":[49.05410003662109,692.885986328125,74.47920227050781],"rotationMatrix":[1,0,0,0,1,0,0,0,1],"scale":1,"type":"spool"}
{"pos":[47.78310012817383,690.0469970703125,74.47920227050781],"rotationMatrix":[0.5351591110229492,0.8447512984275818,0,-0.8447512984275818,0.5351591110229492,0,0,0,1],"scale":1,"type":"spool"}
{"pos":[42.20980072021484,617.1589965820313,74.47920227050781],"rotationMatrix":[1,0,0,0,1,0,0,0,1],"scale":1,"type":"spool"}
{"pos":[-558.9891967773438,121.0487747192383,100.6533050537109],"rotationMatrix":[1,0,0,0,1,0,0,0,1],"scale":1,"type":"spool"}
{"pos":[631.9573364257813,799.4146728515625,117.1144714355469],"rotationMatrix":[1,0,0,0,1,0,0,0,1],"scale":1,"type":"spool"}
{"pos":[-925.8013916015625,-550.3027954101563,104.7041168212891],"rotationMatrix":[1,0,0,0,1,0,0,0,1],"scale":1,"type":"spool"}
{"pos":[-1018.166625976563,-496.4275817871094,99.11021423339844],"rotationMatrix":[1,0,0,0,1,0,0,0,1],"scale":1,"type":"spool"}
{"pos":[962.4741821289063,-966.7442626953125,167.8004760742188],"rotationMatrix":[1,0,0,0,-0.03092760592699051,-0.9995219111442566,0,0.9995219111442566,-0.03092760592699051],"scale":1,"type":"spool"}
{"pos":[731.5919189453125,-877.6425170898438,150.2971496582031],"rotationMatrix":[1,0,0,0,0.003852198831737041,0.9999932646751404,0,-0.9999932646751404,0.003852198831737041],"scale":1,"type":"spool"}
