{"pos":[-11.73890018463135,759.27197265625,74.75890350341797],"rotationMatrix":[1,0,0,0,1,0,0,0,1],"scale":1,"type":"substation_lightning"}
{"pos":[-11.83870029449463,728.8720092773438,74.77809906005859],"rotationMatrix":[1,0,0,0,1,0,0,0,1],"scale":1,"type":"substation_lightning"}
{"pos":[-82.70919799804688,651.7000122070313,74.57920074462891],"rotationMatrix":[1,0,0,0,1,0,0,0,1],"scale":1,"type":"substation_lightning"}
{"pos":[-241.0200042724609,0.4977999925613403,122.5770034790039],"rotationMatrix":[0.7070814371109009,-0.70713210105896,0,0.70713210105896,0.7070814371109009,0,0,0,1],"scale":1,"type":"substation_lightning"}
{"pos":[-255.1940002441406,15.54829978942871,122.6539993286133],"rotationMatrix":[0.7070814371109009,-0.70713210105896,0,0.70713210105896,0.7070814371109009,0,0,0,1],"scale":1,"type":"substation_lightning"}
{"pos":[81.77449798583984,721.1630249023438,80.57740020751953],"rotationMatrix":[1,0,0,0,1,0,0,0,1],"scale":1,"type":"substation_lightning"}
{"pos":[95.41439819335938,698.2899780273438,80.57740020751953],"rotationMatrix":[1,0,0,0,1,0,0,0,1],"scale":1,"type":"substation_lightning"}
{"pos":[113.9619979858398,670.489990234375,80.57740020751953],"rotationMatrix":[1,0,0,0,1,0,0,0,1],"scale":1,"type":"substation_lightning"}
