{"pos":[-68.29910278320313,639.0289916992188,74.57920074462891],"rotationMatrix":[1,0,0,0,1,0,0,0,1],"scale":1,"type":"substation_transformer"}
{"pos":[-249.8470001220703,11.29650020599365,122.3880004882813],"rotationMatrix":[0.7070814371109009,-0.70713210105896,0,0.70713210105896,0.7070814371109009,0,0,0,1],"scale":1,"type":"substation_transformer"}
{"pos":[-244.4869995117188,5.894299983978271,122.3880004882813],"rotationMatrix":[0.7070814371109009,-0.70713210105896,0,0.70713210105896,0.7070814371109009,0,0,0,1],"scale":1,"type":"substation_transformer"}
