{"pos":[-235.8580017089844,20.44319915771484,122.3880004882813],"rotationMatrix":[0.7070814371109009,-0.70713210105896,0,0.70713210105896,0.7070814371109009,0,0,0,1],"scale":1,"type":"substation_circuitbreaker"}
