{"pos":[185.3509368896484,-4.741836547851563,128.7862243652344],"rotationMatrix":[0.8251116275787354,0.5649696588516235,0,-0.5649696588516235,0.8251116275787354,0,0,0,1],"scale":1,"type":"tent1"}
{"pos":[174.9255676269531,-11.88016510009766,128.7862243652344],"rotationMatrix":[0.8251116275787354,0.5649696588516235,0,-0.5649696588516235,0.8251116275787354,0,0,0,1],"scale":1,"type":"tent1"}
{"pos":[149.4675445556641,20.55541229248047,128.7862243652344],"rotationMatrix":[0.5619851350784302,-0.827147364616394,0,0.827147364616394,0.5619851350784302,0,0,0,1],"scale":1,"type":"tent1"}
{"pos":[156.5681457519531,10.10438537597656,128.7862243652344],"rotationMatrix":[0.5619851350784302,-0.827147364616394,0,0.827147364616394,0.5619851350784302,0,0,0,1],"scale":1,"type":"tent1"}
{"pos":[-215.5006103515625,-222.8662261962891,118.8025054931641],"rotationMatrix":[0.5888791084289551,-0.808221161365509,6.012385711073875e-05,0.8081029057502747,0.5887942314147949,0.01706242375075817,-0.01382561214268208,-0.009999118745326996,0.9998544454574585],"scale":1,"type":"tent1"}
{"pos":[-222.9410400390625,-212.6543121337891,118.8017501831055],"rotationMatrix":[0.5888791084289551,-0.808221161365509,6.005773320794106e-05,0.8081029057502747,0.5887942314147949,0.01706242561340332,-0.01382557488977909,-0.009999173693358898,0.9998544454574585],"scale":1,"type":"tent1"}
{"pos":[-207.921630859375,-233.26806640625,118.8032836914063],"rotationMatrix":[0.5888791084289551,-0.808221161365509,6.005540490150452e-05,0.8081029057502747,0.5887942314147949,0.01706206984817982,-0.01382528617978096,-0.009998966008424759,0.9998544454574585],"scale":1,"type":"tent1"}
{"pos":[-200.481201171875,-243.4800109863281,118.8040390014648],"rotationMatrix":[0.5888791084289551,-0.808221161365509,5.999067798256874e-05,0.8081029057502747,0.5887942314147949,0.01706207543611526,-0.01382525078952312,-0.009999020956456661,0.9998544454574585],"scale":1,"type":"tent1"}
{"pos":[-252.7080078125,-265.8883056640625,118.1667175292969],"rotationMatrix":[-0.5888797044754028,0.8082206845283508,1.818881173676345e-05,-0.8082206845283508,-0.5888797044754028,-3.136356099275872e-07,1.045753560902085e-05,-1.488526777393417e-05,1],"scale":1,"type":"tent1"}
{"pos":[-245.2674560546875,-276.1002807617188,118.1664886474609],"rotationMatrix":[-0.5888797044754028,0.8082206845283508,1.818880991777405e-05,-0.8082206845283508,-0.5888797044754028,-3.136351551802363e-07,1.045753379003145e-05,-1.488526504545007e-05,1],"scale":1,"type":"tent1"}
{"pos":[-201.1440582275391,-98.21189117431641,119.3095321655273],"rotationMatrix":[-0.8082196712493896,-0.5888809561729431,0,0.5888809561729431,-0.8082196712493896,0,0,0,1],"scale":1,"type":"tent1"}
{"pos":[-190.9321441650391,-90.77136993408203,119.3348007202148],"rotationMatrix":[-0.8082196712493896,-0.5888809561729431,0,0.5888809561729431,-0.8082196712493896,0,0,0,1],"scale":1,"type":"tent1"}
{"pos":[-242.3850402832031,-128.2604827880859,119.2107620239258],"rotationMatrix":[-0.8082199096679688,-0.5888808369636536,0,0.5888808369636536,-0.8082199096679688,0,0,0,1],"scale":1,"type":"tent1"}
{"pos":[-232.173095703125,-120.8199844360352,119.2457733154297],"rotationMatrix":[-0.8082199096679688,-0.5888808369636536,0,0.5888808369636536,-0.8082199096679688,0,0,0,1],"scale":1,"type":"tent1"}
{"pos":[-211.5593566894531,-105.8005676269531,119.2848434448242],"rotationMatrix":[-0.8082199096679688,-0.5888808369636536,0,0.5888808369636536,-0.8082199096679688,0,0,0,1],"scale":1,"type":"tent1"}
{"pos":[-221.7712707519531,-113.2410888671875,119.2501678466797],"rotationMatrix":[-0.8082199096679688,-0.5888808369636536,0,0.5888808369636536,-0.8082199096679688,0,0,0,1],"scale":1,"type":"tent1"}
{"pos":[-242.515625,-258.3910522460938,118.1667251586914],"rotationMatrix":[0.5888798832893372,-0.8082205653190613,-1.818880991777405e-05,0.8082205653190613,0.5888798832893372,3.136369741696399e-07,1.045753560902085e-05,-1.488526504545007e-05,1],"scale":1,"type":"tent1"}
{"pos":[-235.0751953125,-268.6029663085938,118.1664886474609],"rotationMatrix":[0.5888798832893372,-0.8082205653190613,-1.818880991777405e-05,0.8082205653190613,0.5888798832893372,3.136369741696399e-07,1.045753560902085e-05,-1.488526504545007e-05,1],"scale":1,"type":"tent1"}
{"pos":[-233.124267578125,-219.9911193847656,118.5875701904297],"rotationMatrix":[-0.5888793468475342,0.8082209229469299,-6.00786879658699e-05,-0.8081026673316956,-0.588794469833374,-0.01706216670572758,-0.01382537558674812,-0.009999007917940617,0.9998544454574585],"scale":1,"type":"tent1"}
{"pos":[-225.6837158203125,-230.2030334472656,118.5883255004883],"rotationMatrix":[-0.5888793468475342,0.8082209229469299,-6.005913019180298e-05,-0.8081026673316956,-0.588794469833374,-0.01706241630017757,-0.01382556464523077,-0.009999170899391174,0.9998544454574585],"scale":1,"type":"tent1"}
{"pos":[-210.6644287109375,-250.8168182373047,118.5898590087891],"rotationMatrix":[-0.5888793468475342,0.8082209229469299,-6.006145849823952e-05,-0.8081026673316956,-0.588794469833374,-0.01706252433359623,-0.01382565312087536,-0.009999232366681099,0.9998544454574585],"scale":1,"type":"tent1"}
{"pos":[-218.1048583984375,-240.6049041748047,118.5891036987305],"rotationMatrix":[-0.5888793468475342,0.8082209229469299,-6.005913019180298e-05,-0.8081026673316956,-0.588794469833374,-0.01706241630017757,-0.01382556464523077,-0.009999170899391174,0.9998544454574585],"scale":1,"type":"tent1"}
{"pos":[81.08349609375,93.75100708007813,119.388542175293],"rotationMatrix":[-0.5888797044754028,0.8082205653190613,0,-0.8082205653190613,-0.5888797044754028,0,0,0,1],"scale":1,"type":"tent1"}
{"pos":[72.3026123046875,105.8024597167969,119.388542175293],"rotationMatrix":[-0.5888797044754028,0.8082205653190613,0,-0.8082205653190613,-0.5888797044754028,0,0,0,1],"scale":1,"type":"tent1"}
