{"pos":[-861.3319702148438,-547.0819702148438,106.4530029296875],"rotationMatrix":[-0.7038578987121582,0.7103407979011536,0,-0.7103407979011536,-0.7038578987121582,0,0,0,1],"scale":1,"type":"toll_side"}
