{"pos":[-866.875,-549.4879760742188,106.4570007324219],"rotationMatrix":[0.7037039995193481,-0.710493266582489,0,0.710493266582489,0.7037039995193481,0,0,0,1],"scale":1,"type":"toll_edge"}
{"pos":[-873.1190185546875,-528.2930297851563,106.4179992675781],"rotationMatrix":[-0.7079215049743652,0.706291139125824,0,-0.706291139125824,-0.7079215049743652,0,0,0,1],"scale":1,"type":"toll_edge"}
{"pos":[913.3060302734375,895.6740112304688,117.4069976806641],"rotationMatrix":[-0.1953673362731934,0.9807301163673401,0,-0.9807301163673401,-0.1953673362731934,0,0,0,1],"scale":1,"type":"toll_edge"}
{"pos":[901.7360229492188,901.1420288085938,117.072998046875],"rotationMatrix":[0.2003934383392334,-0.9797155261039734,0,0.9797155261039734,0.2003934383392334,0,0,0,1],"scale":1,"type":"toll_edge"}
