{"pos":[-873.1279907226563,-528.2260131835938,106.4400024414063],"rotationMatrix":[-0.7105100154876709,0.7036870718002319,0,-0.7036870718002319,-0.7105100154876709,0,0,0,1],"scale":1,"type":"toll"}
{"pos":[-870.1060180664063,-531.27197265625,106.4359970092773],"rotationMatrix":[-0.7057044506072998,0.7085063457489014,0,-0.7085063457489014,-0.7057044506072998,0,0,0,1],"scale":1,"type":"toll"}
{"pos":[-867.1090087890625,-534.3200073242188,106.4390029907227],"rotationMatrix":[-0.7016434669494629,0.7125282287597656,0,-0.7125282287597656,-0.7016434669494629,0,0,0,1],"scale":1,"type":"toll"}
{"pos":[-864.0120239257813,-537.4180297851563,106.4359970092773],"rotationMatrix":[-0.7009057998657227,0.7132538557052612,0,-0.7132538557052612,-0.7009057998657227,0,0,0,1],"scale":1,"type":"toll"}
{"pos":[-860.9829711914063,-540.5599975585938,106.4499969482422],"rotationMatrix":[-0.7001680135726929,0.713978111743927,0,-0.713978111743927,-0.7001680135726929,0,0,0,1],"scale":1,"type":"toll"}
{"pos":[913.3699951171875,895.6010131835938,117.4150009155273],"rotationMatrix":[-0.186724066734314,0.9824123978614807,0,-0.9824123978614807,-0.186724066734314,0,0,0,1],"scale":1,"type":"toll"}
{"pos":[914.218994140625,891.4019775390625,117.4250030517578],"rotationMatrix":[-0.1778055429458618,0.9840656518936157,0,-0.9840656518936157,-0.1778055429458618,0,0,0,1],"scale":1,"type":"toll"}
{"pos":[914.989990234375,887.1430053710938,117.4039993286133],"rotationMatrix":[-0.174737811088562,0.9846150279045105,0,-0.9846150279045105,-0.174737811088562,0,0,0,1],"scale":1,"type":"toll"}
{"pos":[915.7269897460938,882.9409790039063,117.3740005493164],"rotationMatrix":[-0.1802624464035034,0.9836185574531555,0,-0.9836185574531555,-0.1802624464035034,0,0,0,1],"scale":1,"type":"toll"}
{"pos":[916.510009765625,878.7249755859375,117.3050003051758],"rotationMatrix":[-0.1765780448913574,0.9842866659164429,0,-0.9842866659164429,-0.1765780448913574,0,0,0,1],"scale":1,"type":"toll"}
{"pos":[911.677978515625,905.1580200195313,117.0770034790039],"rotationMatrix":[-0.174737811088562,0.9846150279045105,0,-0.9846150279045105,-0.174737811088562,0,0,0,1],"scale":1,"type":"toll"}
{"pos":[910.9089965820313,909.447998046875,117.125],"rotationMatrix":[-0.1787266731262207,0.9838987588882446,0,-0.9838987588882446,-0.1787266731262207,0,0,0,1],"scale":1,"type":"toll"}
{"pos":[910.114013671875,913.6829833984375,117.177001953125],"rotationMatrix":[-0.1753511428833008,0.9845059514045715,0,-0.9845059514045715,-0.1753511428833008,0,0,0,1],"scale":1,"type":"toll"}
{"pos":[909.323974609375,917.9400024414063,117.2429962158203],"rotationMatrix":[-0.1787266731262207,0.9838987588882446,0,-0.9838987588882446,-0.1787266731262207,0,0,0,1],"scale":1,"type":"toll"}
{"pos":[908.5440063476563,922.1420288085938,117.2789993286133],"rotationMatrix":[-0.1830296516418457,0.9831073880195618,0,-0.9831073880195618,-0.1830296516418457,0,0,0,1],"scale":1,"type":"toll"}
