{"pos":[-374.7160034179688,617.4829711914063,78.69280242919922],"rotationMatrix":[-0.7071824073791504,0.7070311307907104,0,-0.7070311307907104,-0.7071824073791504,0,0,0,1],"scale":1,"type":"trafficlight_city1"}
{"pos":[-453.7820129394531,696.4559936523438,78.69280242919922],"rotationMatrix":[-0.7071824073791504,0.7070311307907104,0,-0.7070311307907104,-0.7071824073791504,0,0,0,1],"scale":1,"type":"trafficlight_city1"}
{"pos":[-451.2420043945313,513.1630249023438,100.0830001831055],"rotationMatrix":[-0.7849161624908447,0.6196019649505615,0,-0.6196019649505615,-0.7849161624908447,0,0,0,1],"scale":1,"type":"trafficlight_city1"}
{"pos":[-469.8290100097656,525.8040161132813,99.96330261230469],"rotationMatrix":[0.7070814371109009,-0.70713210105896,0,0.70713210105896,0.7070814371109009,0,0,0,1],"scale":1,"type":"trafficlight_city1"}
{"pos":[-479.6589965820313,505.7860107421875,100.1600036621094],"rotationMatrix":[0.7070814371109009,-0.70713210105896,0,0.70713210105896,0.7070814371109009,0,0,0,1],"scale":1,"type":"trafficlight_city1"}
{"pos":[-374.2369995117188,436.0150146484375,99.70890045166016],"rotationMatrix":[-0.7849161624908447,0.6196019649505615,0,-0.6196019649505615,-0.7849161624908447,0,0,0,1],"scale":1,"type":"trafficlight_city1"}
{"pos":[-465.2200012207031,497.2919921875,100.0699996948242],"rotationMatrix":[-0.7071824073791504,0.7070311307907104,0,-0.7070311307907104,-0.7071824073791504,0,0,0,1],"scale":1,"type":"trafficlight_city1"}
{"pos":[-385.9429931640625,418.1820068359375,99.65450286865234],"rotationMatrix":[-0.7071824073791504,0.7070311307907104,0,-0.7070311307907104,-0.7071824073791504,0,0,0,1],"scale":1,"type":"trafficlight_city1"}
{"pos":[-403.2430114746094,429.5880126953125,99.66020202636719],"rotationMatrix":[0.7070814371109009,-0.70713210105896,0,0.70713210105896,0.7070814371109009,0,0,0,1],"scale":1,"type":"trafficlight_city1"}
{"pos":[-391.5549926757813,447.56298828125,99.61250305175781],"rotationMatrix":[0.7070814371109009,-0.70713210105896,0,0.70713210105896,0.7070814371109009,0,0,0,1],"scale":1,"type":"trafficlight_city1"}
{"pos":[-490.8030090332031,313.2239990234375,100.5410003662109],"rotationMatrix":[-0.7071824073791504,0.7070311307907104,0,-0.7070311307907104,-0.7071824073791504,0,0,0,1],"scale":1,"type":"trafficlight_city1"}
{"pos":[-499.5169982910156,339.4450073242188,100.5410003662109],"rotationMatrix":[0.7070814371109009,-0.70713210105896,0,0.70713210105896,0.7070814371109009,0,0,0,1],"scale":1,"type":"trafficlight_city1"}
{"pos":[-482.0220031738281,328.3200073242188,100.5709991455078],"rotationMatrix":[-0.7071824073791504,0.7070311307907104,0,-0.7070311307907104,-0.7071824073791504,0,0,0,1],"scale":1,"type":"trafficlight_city1"}
{"pos":[-541.322998046875,573.551025390625,93.65019989013672],"rotationMatrix":[-0.7071824073791504,0.7070311307907104,0,-0.7070311307907104,-0.7071824073791504,0,0,0,1],"scale":1,"type":"trafficlight_city1"}
{"pos":[-558.5679931640625,584.760009765625,93.68309783935547],"rotationMatrix":[0.7070814371109009,-0.70713210105896,0,0.70713210105896,0.7070814371109009,0,0,0,1],"scale":1,"type":"trafficlight_city1"}
{"pos":[-546.7319946289063,602.7249755859375,93.53669738769531],"rotationMatrix":[0.7070814371109009,-0.70713210105896,0,0.70713210105896,0.7070814371109009,0,0,0,1],"scale":1,"type":"trafficlight_city1"}
{"pos":[-529.47802734375,591.281005859375,93.58059692382813],"rotationMatrix":[-0.7849161624908447,0.6196019649505615,0,-0.6196019649505615,-0.7849161624908447,0,0,0,1],"scale":1,"type":"trafficlight_city1"}
{"pos":[-762.7570190429688,652.3389892578125,110.0110015869141],"rotationMatrix":[-1,0,0,0,-1,0,0,0,1],"scale":1,"type":"trafficlight_city1"}
{"pos":[-778.6890258789063,656.3579711914063,110.0139999389648],"rotationMatrix":[1,0,0,0,1,0,0,0,1],"scale":1,"type":"trafficlight_city1"}
{"pos":[-775.0659790039063,670.6079711914063,109.8679962158203],"rotationMatrix":[1,0,0,0,1,0,0,0,1],"scale":1,"type":"trafficlight_city1"}
{"pos":[-758.75,666.3619995117188,109.9120025634766],"rotationMatrix":[-0.9932057857513428,-0.1163712441921234,0,0.1163712441921234,-0.9932057857513428,0,0,0,1],"scale":1,"type":"trafficlight_city1"}
{"pos":[-759.1329956054688,561.6240234375,127.2389984130859],"rotationMatrix":[-0.9932057857513428,-0.1163712441921234,0,0.1163712441921234,-0.9932057857513428,0,0,0,1],"scale":1,"type":"trafficlight_city1"}
{"pos":[-775.2579956054688,565.2000122070313,127.1949996948242],"rotationMatrix":[1,0,0,0,1,0,0,0,1],"scale":1,"type":"trafficlight_city1"}
{"pos":[-777.9229736328125,548.3189697265625,127.3410034179688],"rotationMatrix":[1,0,0,0,1,0,0,0,1],"scale":1,"type":"trafficlight_city1"}
{"pos":[-762.7329711914063,545.0170288085938,127.3379974365234],"rotationMatrix":[-1,0,0,0,-1,0,0,0,1],"scale":1,"type":"trafficlight_city1"}
{"pos":[-561.375,401.3240051269531,112.4670028686523],"rotationMatrix":[-0.7849161624908447,0.6196019649505615,0,-0.6196019649505615,-0.7849161624908447,0,0,0,1],"scale":1,"type":"trafficlight_city1"}
{"pos":[-569.9429931640625,415.7730102539063,112.4229965209961],"rotationMatrix":[0.7070814371109009,-0.70713210105896,0,0.70713210105896,0.7070814371109009,0,0,0,1],"scale":1,"type":"trafficlight_city1"}
{"pos":[-584.7319946289063,406.6329956054688,112.5699996948242],"rotationMatrix":[0.7070814371109009,-0.70713210105896,0,0.70713210105896,0.7070814371109009,0,0,0,1],"scale":1,"type":"trafficlight_city1"}
{"pos":[-576.260009765625,392.2319946289063,112.5670013427734],"rotationMatrix":[-0.7071824073791504,0.7070311307907104,0,-0.7070311307907104,-0.7071824073791504,0,0,0,1],"scale":1,"type":"trafficlight_city1"}
{"pos":[-508.9869995117188,331.2950134277344,100.4769973754883],"rotationMatrix":[-0.7071824073791504,0.7070311307907104,0,-0.7070311307907104,-0.7071824073791504,0,0,0,1],"scale":1,"type":"trafficlight_city1"}
{"pos":[-508.4309997558594,324.5020141601563,100.5950012207031],"rotationMatrix":[0.7070814371109009,-0.70713210105896,0,0.70713210105896,0.7070814371109009,0,0,0,1],"scale":1,"type":"trafficlight_city1"}
{"pos":[-637.4550170898438,477.4030151367188,120.5429992675781],"rotationMatrix":[-0.7849161624908447,0.6196019649505615,0,-0.6196019649505615,-0.7849161624908447,0,0,0,1],"scale":1,"type":"trafficlight_city1"}
{"pos":[-648.8610229492188,494.7130126953125,120.4990005493164],"rotationMatrix":[0.7070814371109009,-0.70713210105896,0,0.70713210105896,0.7070814371109009,0,0,0,1],"scale":1,"type":"trafficlight_city1"}
{"pos":[-663.6119995117188,485.5079956054688,120.6460037231445],"rotationMatrix":[0.7070814371109009,-0.70713210105896,0,0.70713210105896,0.7070814371109009,0,0,0,1],"scale":1,"type":"trafficlight_city1"}
{"pos":[-652.322021484375,468.3269958496094,120.6419982910156],"rotationMatrix":[-0.7071824073791504,0.7070311307907104,0,-0.7070311307907104,-0.7071824073791504,0,0,0,1],"scale":1,"type":"trafficlight_city1"}
{"pos":[-681.947998046875,286.5499877929688,132.8589935302734],"rotationMatrix":[-0.7071824073791504,0.7070311307907104,0,-0.7070311307907104,-0.7071824073791504,0,0,0,1],"scale":1,"type":"trafficlight_city1"}
{"pos":[-690.4249877929688,300.9049987792969,132.9810028076172],"rotationMatrix":[0.7070814371109009,-0.70713210105896,0,0.70713210105896,0.7070814371109009,0,0,0,1],"scale":1,"type":"trafficlight_city1"}
{"pos":[-675.6300048828125,310.0610046386719,132.8549957275391],"rotationMatrix":[0.7070814371109009,-0.70713210105896,0,0.70713210105896,0.7070814371109009,0,0,0,1],"scale":1,"type":"trafficlight_city1"}
{"pos":[-667.06298828125,295.5750122070313,132.8990020751953],"rotationMatrix":[-0.7849161624908447,0.6196019649505615,0,-0.6196019649505615,-0.7849161624908447,0,0,0,1],"scale":1,"type":"trafficlight_city1"}
{"pos":[-586.7150268554688,215.5010070800781,115.7089996337891],"rotationMatrix":[0.7070814371109009,-0.70713210105896,0,0.70713210105896,0.7070814371109009,0,0,0,1],"scale":1,"type":"trafficlight_city1"}
{"pos":[-596.5969848632813,207.60400390625,115.8160018920898],