{"pos":[-107.8450012207031,-953.0900268554688,135.6719970703125],"rotationMatrix":[0.3061580657958984,0.9519807100296021,0,-0.9519807100296021,0.3061580657958984,0,0,0,1],"scale":1,"type":"trafficlight_city2"}
{"pos":[-95.18879699707031,-981.6290283203125,135.4210052490234],"rotationMatrix":[0.3061580657958984,0.9519807100296021,0,-0.9519807100296021,0.3061580657958984,0,0,0,1],"scale":1,"type":"trafficlight_city2"}
{"pos":[-337.9809875488281,623.6409912109375,78.44210052490234],"rotationMatrix":[-0.7071824073791504,-0.7070311307907104,0,0.7070311307907104,-0.7071824073791504,0,0,0,1],"scale":1,"type":"trafficlight_city2"}
{"pos":[-374.4490051269531,611.3519897460938,78.57430267333984],"rotationMatrix":[0.7070814371109009,0.70713210105896,0,-0.70713210105896,0.7070814371109009,0,0,0,1],"scale":1,"type":"trafficlight_city2"}
{"pos":[-453.5809936523438,690.0670166015625,78.60910034179688],"rotationMatrix":[0.7070814371109009,0.70713210105896,0,-0.70713210105896,0.7070814371109009,0,0,0,1],"scale":1,"type":"trafficlight_city2"}
{"pos":[-420.3420104980469,699.8289794921875,78.30329895019531],"rotationMatrix":[-0.7071824073791504,-0.7070311307907104,0,0.7070311307907104,-0.7071824073791504,0,0,0,1],"scale":1,"type":"trafficlight_city2"}
{"pos":[-479.5369873046875,506.2420043945313,100.1600036621094],"rotationMatrix":[0.7070814371109009,0.70713210105896,0,-0.70713210105896,0.7070814371109009,0,0,0,1],"scale":1,"type":"trafficlight_city2"}
{"pos":[-470.2999877929688,525.9099731445313,99.96420288085938],"rotationMatrix":[-0.7071824073791504,-0.7070311307907104,0,0.7070311307907104,-0.7071824073791504,0,0,0,1],"scale":1,"type":"trafficlight_city2"}
{"pos":[-451.1539916992188,512.89501953125,100.0400009155273],"rotationMatrix":[-0.7071824073791504,-0.7070311307907104,0,0.7070311307907104,-0.7071824073791504,0,0,0,1],"scale":1,"type":"trafficlight_city2"}
{"pos":[-42.73880004882813,406.39599609375,104.6660003662109],"rotationMatrix":[-0.7071824073791504,0.7070311307907104,0,-0.7070311307907104,-0.7071824073791504,0,0,0,1],"scale":1,"type":"trafficlight_city2"}
{"pos":[-31.94269943237305,394.2980041503906,104.9400024414063],"rotationMatrix":[-0.7071824073791504,0.7070311307907104,0,-0.7070311307907104,-0.7071824073791504,0,0,0,1],"scale":1,"type":"trafficlight_city2"}
{"pos":[-374.1480102539063,435.7470092773438,99.66590118408203],"rotationMatrix":[-0.7071824073791504,-0.7070311307907104,0,0.7070311307907104,-0.7071824073791504,0,0,0,1],"scale":1,"type":"trafficlight_city2"}
{"pos":[-295.5079956054688,316.9159851074219,104.8050003051758],"rotationMatrix":[-0.5012979507446289,0.8652747273445129,0,-0.8652747273445129,-0.5012979507446289,0,0,0,1],"scale":1,"type":"trafficlight_city2"}
{"pos":[-306.1700134277344,330.9620056152344,105.1080017089844],"rotationMatrix":[-0.5012979507446289,0.8652747273445129,0,-0.8652747273445129,-0.5012979507446289,0,0,0,1],"scale":1,"type":"trafficlight_city2"}
{"pos":[-464.7560119628906,497.406005859375,100.0699996948242],"rotationMatrix":[0.7070814371109009,0.70713210105896,0,-0.70713210105896,0.7070814371109009,0,0,0,1],"scale":1,"type":"trafficlight_city2"}
{"pos":[-392.0260009765625,447.6679992675781,99.61329650878906],"rotationMatrix":[-0.7071824073791504,-0.7070311307907104,0,0.7070311307907104,-0.7071824073791504,0,0,0,1],"scale":1,"type":"trafficlight_city2"}
{"pos":[-385.4800109863281,418.2969970703125,99.65450286865234],"rotationMatrix":[0.7070814371109009,0.70713210105896,0,-0.70713210105896,0.7070814371109009,0,0,0,1],"scale":1,"type":"trafficlight_city2"}
{"pos":[-403.1210021972656,430.0440063476563,99.66020202636719],"rotationMatrix":[0.7070814371109009,0.70713210105896,0,-0.70713210105896,0.7070814371109009,0,0,0,1],"scale":1,"type":"trafficlight_city2"}
{"pos":[-490.3320007324219,313.1189880371094,100.5419998168945],"rotationMatrix":[0.7070814371109009,0.70713210105896,0,-0.70713210105896,0.7070814371109009,0,0,0,1],"scale":1,"type":"trafficlight_city2"}
{"pos":[-499.9880065917969,339.5499877929688,100.5419998168945],"rotationMatrix":[-0.7071824073791504,-0.7070311307907104,0,0.7070311307907104,-0.7071824073791504,0,0,0,1],"scale":1,"type":"trafficlight_city2"}
{"pos":[-482.1440124511719,327.864013671875,100.5709991455078],"rotationMatrix":[-0.7071824073791504,-0.7070311307907104,0,0.7070311307907104,-0.7071824073791504,0,0,0,1],"scale":1,"type":"trafficlight_city2"}
{"pos":[-426.2120056152344,152.6360015869141,103.2689971923828],"rotationMatrix":[0.937483549118042,-0.3480295836925507,0,0.3480295836925507,0.937483549118042,0,0,0,1],"scale":1,"type":"trafficlight_city2"}
{"pos":[-435.5840148925781,136.2740020751953,103.4209976196289],"rotationMatrix":[-0.9582204818725586,0.2860306203365326,0,-0.2860306203365326,-0.9582204818725586,0,0,0,1],"scale":1,"type":"trafficlight_city2"}
{"pos":[-464.9960021972656,144.3979949951172,103.5619964599609],"rotationMatrix":[-0.9582204818725586,0.2860306203365326,0,-0.2860306203365326,-0.9582204818725586,0,0,0,1],"scale":1,"type":"trafficlight_city2"}
{"pos":[-458.4570007324219,159.0559997558594,103.9209976196289],"rotationMatrix":[0.937483549118042,-0.3480295836925507,0,0.3480295836925507,0.937483549118042,0,0,0,1],"scale":1,"type":"trafficlight_city2"}
{"pos":[-529.3900146484375,591.0120239257813,93.53759765625],"rotationMatrix":[-0.7071824073791504,-0.7070311307907104,0,0.7070311307907104,-0.7071824073791504,0,0,0,1],"scale":1,"type":"trafficlight_city2"}
{"pos":[-540.8590087890625,573.666015625,93.65019989013672],"rotationMatrix":[0.7070814371109009,0.70713210105896,0,-0.70713210105896,0.7070814371109009,0,0,0,1],"scale":1,"type":"trafficlight_city2"}
{"pos":[-558.4459838867188,585.2169799804688,93.68309783935547],"rotationMatrix":[0.7070814371109009,0.70713210105896,0,-0.70713210105896,0.7070814371109009,0,0,0,1],"scale":1,"type":"trafficlight_city2"}
{"pos":[-762.5440063476563,652.2100219726563,110.0550003051758],"rotationMatrix":[1.931190490722656e-05,-1,0,1,1.931190490722656e-05,0,0,0,1],"scale":1,"type":"trafficlight_city2"}
{"pos":[-758.4970092773438,666.2349853515625,109.8690032958984],"rotationMatrix":[1.931190490722656e-05,-1,0,1,1.931190490722656e-05,0,0,0,1],"scale":1,"type":"trafficlight_city2"}
{"pos":[-775.4739990234375,670.3499755859375,109.8690032958984],"rotationMatrix":[1.931190490722656e-05,-1,0,1,1.931190490722656e-05,0,0,0,1],"scale":1,"type":"trafficlight_city2"}
{"pos":[-762.510009765625,652.7479858398438,110.0110015869141],"rotationMatrix":[1.931190490722656e-05,1,0,-1,1.931190490722656e-05,0,0,0,1],"scale":1,"type":"trafficlight_city2"}
{"pos":[-778.9249877929688,656.7670288085938,110.0139999389648],"rotationMatrix":[1.931190490722656e-05,1,0,-1,1.931190490722656e-05,0,0,0,1],"scale":1,"type":"trafficlight_city2"}
{"pos":[-762.5289916992188,544.9010009765625,127.3679962158203],"rotationMatrix":[1.931190490722656e-05,-1,0,1,1.931190490722656e-05,0,0,0,1],"scale":1,"type":"trafficlight_city2"}
{"pos":[-778.1599731445313,548.72802734375,127.3410034179688],"rotationMatrix":[1.931190490722656e-05,1,0,-1,1.931190490722656e-05,0,0,0,1],"scale":1,"type":"trafficlight_city2"}
{"pos":[-762.4860229492188,545.426025390625,127.3379974365234],"rotationMatrix":[1.931190490722656e-05,1,0,-1,1.931190490722656e-05,0,0,0,1],"scale":1,"type":"trafficlight_city2"}
{"pos":[-775.6649780273438,564.9420166015625,127.1959991455078],"rotationMatrix":[1.931190490722656e-05,-1,0,1,1.931190490722656e-05,0,0,0,1],"scale":1,"type":"trafficlight_city2"}
{"pos":[-758.8800048828125,561.4959716796875,127.1959991455078],"rotationMatrix":[1.931190490722656e-05,-1,0,1,1.931190490722656e-05,0,0,0,1],"scale":1,"type":"trafficlight_city2"}
{"pos":[-584.6099853515625,407.0889892578125,112.5699996948242],"rotationMatrix":[0.7070814371109009,0.70713210105896,0,-0.70713210105896,0.7070814371109009,0,0,0,1],"scale":1,"type":"trafficlight_city2"}
{"pos":[-575.7960205078125,392.3469848632813,112.5670013427734],