{"pos":[-441.06201171875,713.3070068359375,74.72889709472656],"rotationMatrix":[-0.7071824073791504,-0.7070311307907104,0,0.7070311307907104,-0.7071824073791504,0,0,0,1],"scale":1,"type":"trafficlightbox_green"}
{"pos":[-376.7200012207031,618.7839965820313,74.64140319824219],"rotationMatrix":[-0.7071824073791504,-0.7070311307907104,0,0.7070311307907104,-0.7071824073791504,0,0,0,1],"scale":1,"type":"trafficlightbox_green"}
{"pos":[-462.5719909667969,527.7919921875,96.14530181884766],"rotationMatrix":[-0.7071824073791504,0.7070311307907104,0,-0.7070311307907104,-0.7071824073791504,0,0,0,1],"scale":1,"type":"trafficlightbox_green"}
{"pos":[-323.7569885253906,322.7520141601563,101.6119995117188],"rotationMatrix":[-0.5650342702865601,0.8250674605369568,0,-0.8250674605369568,-0.5650342702865601,0,0,0,1],"scale":1,"type":"trafficlightbox_green"}
{"pos":[-405.0639953613281,437.0849914550781,95.83399963378906],"rotationMatrix":[-0.7071824073791504,-0.7070311307907104,0,0.7070311307907104,-0.7071824073791504,0,0,0,1],"scale":1,"type":"trafficlightbox_green"}
{"pos":[-471.4859924316406,132.0030059814453,100.1029968261719],"rotationMatrix":[-0.9554508924484253,0.2951501309871674,0,-0.2951501309871674,-0.9554508924484253,0,0,0,1],"scale":1,"type":"trafficlightbox_green"}
{"pos":[-527.6909790039063,584.1110229492188,89.88860321044922],"rotationMatrix":[0.7070814371109009,0.70713210105896,0,-0.70713210105896,0.7070814371109009,0,0,0,1],"scale":1,"type":"trafficlightbox_green"}
{"pos":[-756.7369995117188,666.7440185546875,105.9919967651367],"rotationMatrix":[1.931190490722656e-05,-1,0,1,1.931190490722656e-05,0,0,0,1],"scale":1,"type":"trafficlightbox_green"}
{"pos":[-762.1539916992188,543.4039916992188,123.6640014648438],"rotationMatrix":[1,0,0,0,1,0,0,0,1],"scale":1,"type":"trafficlightbox_green"}
{"pos":[-559.573974609375,400.1600036621094,108.4580001831055],"rotationMatrix":[-0.7071824073791504,-0.7070311307907104,0,0.7070311307907104,-0.7071824073791504,0,0,0,1],"scale":1,"type":"trafficlightbox_green"}
{"pos":[-510.0979919433594,323.6189880371094,96.74259948730469],"rotationMatrix":[-0.7071824073791504,0.7070311307907104,0,-0.7070311307907104,-0.7071824073791504,0,0,0,1],"scale":1,"type":"trafficlightbox_green"}
{"pos":[-653.93798828125,465.9630126953125,117.1940002441406],"rotationMatrix":[-0.706812858581543,0.7074005603790283,0,-0.7074005603790283,-0.706812858581543,0,0,0,1],"scale":1,"type":"trafficlightbox_green"}
{"pos":[-691.822998046875,294.7349853515625,129.2160034179688],"rotationMatrix":[0.7070814371109009,-0.70713210105896,0,0.70713210105896,0.7070814371109009,0,0,0,1],"scale":1,"type":"trafficlightbox_green"}
{"pos":[-585.5120239257813,224.0720062255859,111.9380035400391],"rotationMatrix":[-0.7071824073791504,0.7070311307907104,0,-0.7070311307907104,-0.7071824073791504,0,0,0,1],"scale":1,"type":"trafficlightbox_green"}
{"pos":[-702.7839965820313,131.1109924316406,118.1660003662109],"rotationMatrix":[0.7070814371109009,-0.70713210105896,0,0.70713210105896,0.7070814371109009,0,0,0,1],"scale":1,"type":"trafficlightbox_green"}
{"pos":[-781.0599975585938,363.052001953125,143.4530029296875],"rotationMatrix":[-0.7071824073791504,0.7070311307907104,0,-0.7070311307907104,-0.7071824073791504,0,0,0,1],"scale":1,"type":"trafficlightbox_green"}
