{"pos":[-86.49349975585938,-963.9340209960938,135.64599609375],"rotationMatrix":[0.9101120233535767,-0.4143622815608978,0,0.4143622815608978,0.9101120233535767,0,0,0,1],"scale":1,"type":"trafficlight_overhead1"}
{"pos":[-118.0120010375977,-974.2639770507813,135.6820068359375],"rotationMatrix":[-0.9102305173873901,0.4141019284725189,0,-0.4141019284725189,-0.9102305173873901,0,0,0,1],"scale":1,"type":"trafficlight_overhead1"}
{"pos":[-95.39749908447266,-982.0390014648438,135.4620056152344],"rotationMatrix":[-0.9534739255905151,0.3014754951000214,0,-0.3014754951000214,-0.9534739255905151,0,0,0,1],"scale":1,"type":"trafficlight_overhead1"}
{"pos":[-93.91269683837891,-977.81298828125,137.9859924316406],"rotationMatrix":[-0.9534739255905151,0.3014754951000214,0,-0.3014754951000214,-0.9534739255905151,0,0,0,1],"scale":1,"type":"trafficlight_overhead1"}
{"pos":[-91.47560119628906,-970.0800170898438,138.1320037841797],"rotationMatrix":[-0.9534739255905151,0.3014754951000214,0,-0.3014754951000214,-0.9534739255905151,0,0,0,1],"scale":1,"type":"trafficlight_overhead1"}
{"pos":[-112.6480026245117,-965.1069946289063,138.2019958496094],"rotationMatrix":[0.9296875,-0.3683492243289948,0,0.3683492243289948,0.9296875,0,0,0,1],"scale":1,"type":"trafficlight_overhead1"}
{"pos":[-109.6679992675781,-957.5679931640625,138.2019958496094],"rotationMatrix":[0.9296875,-0.3683492243289948,0,0.3683492243289948,0.9296875,0,0,0,1],"scale":1,"type":"trafficlight_overhead1"}
{"pos":[-107.8860015869141,-953.4569702148438,135.677001953125],"rotationMatrix":[0.9296875,-0.3683492243289948,0,0.3683492243289948,0.9296875,0,0,0,1],"scale":1,"type":"trafficlight_overhead1"}
{"pos":[-365.0260009765625,626.5360107421875,81.07659912109375],"rotationMatrix":[0.7070814371109009,-0.70713210105896,0,0.70713210105896,0.7070814371109009,0,0,0,1],"scale":1,"type":"trafficlight_overhead1"}
{"pos":[-362.3829956054688,629.1790161132813,80.92759704589844],"rotationMatrix":[0.7070814371109009,-0.70713210105896,0,0.70713210105896,0.7070814371109009,0,0,0,1],"scale":1,"type":"trafficlight_overhead1"}
{"pos":[-359.4779968261719,632.0830078125,80.80190277099609],"rotationMatrix":[0.7070814371109009,-0.70713210105896,0,0.70713210105896,0.7070814371109009,0,0,0,1],"scale":1,"type":"trafficlight_overhead1"}
{"pos":[-356.2120056152344,635.1489868164063,78.27729797363281],"rotationMatrix":[0.7070814371109009,-0.70713210105896,0,0.70713210105896,0.7070814371109009,0,0,0,1],"scale":1,"type":"trafficlight_overhead1"}
{"pos":[-337.531005859375,623.5689697265625,78.26519775390625],"rotationMatrix":[0.7070814371109009,-0.70713210105896,0,0.70713210105896,0.7070814371109009,0,0,0,1],"scale":1,"type":"trafficlight_overhead1"}
{"pos":[-359.8299865722656,602.2059936523438,78.29779815673828],"rotationMatrix":[-0.7071824073791504,0.7070311307907104,0,-0.7070311307907104,-0.7071824073791504,0,0,0,1],"scale":1,"type":"trafficlight_overhead1"}
{"pos":[-356.5639953613281,605.27197265625,80.82230377197266],"rotationMatrix":[-0.7071824073791504,0.7070311307907104,0,-0.7070311307907104,-0.7071824073791504,0,0,0,1],"scale":1,"type":"trafficlight_overhead1"}
{"pos":[-353.6589965820313,608.176025390625,80.947998046875],"rotationMatrix":[-0.7071824073791504,0.7070311307907104,0,-0.7070311307907104,-0.7071824073791504,0,0,0,1],"scale":1,"type":"trafficlight_overhead1"}
{"pos":[-351.0159912109375,610.8200073242188,81.09700012207031],"rotationMatrix":[-0.7071824073791504,0.7070311307907104,0,-0.7070311307907104,-0.7071824073791504,0,0,0,1],"scale":1,"type":"trafficlight_overhead1"}
{"pos":[-420.1619873046875,693.6370239257813,78.26519775390625],"rotationMatrix":[0.7070814371109009,-0.70713210105896,0,0.70713210105896,0.7070814371109009,0,0,0,1],"scale":1,"type":"trafficlight_overhead1"}
{"pos":[-427.8200073242188,686.6790161132813,81.01740264892578],"rotationMatrix":[-0.7071824073791504,0.7070311307907104,0,-0.7070311307907104,-0.7071824073791504,0,0,0,1],"scale":1,"type":"trafficlight_overhead1"}
{"pos":[-430.4630126953125,684.0349731445313,80.86840057373047],"rotationMatrix":[-0.7071824073791504,0.7070311307907104,0,-0.7070311307907104,-0.7071824073791504,0,0,0,1],"scale":1,"type":"trafficlight_overhead1"}
{"pos":[-433.3680114746094,681.1309814453125,80.74269866943359],"rotationMatrix":[-0.7071824073791504,0.7070311307907104,0,-0.7070311307907104,-0.7071824073791504,0,0,0,1],"scale":1,"type":"trafficlight_overhead1"}
{"pos":[-436.6340026855469,678.0659790039063,78.21810150146484],"rotationMatrix":[-0.7071824073791504,0.7070311307907104,0,-0.7070311307907104,-0.7071824073791504,0,0,0,1],"scale":1,"type":"trafficlight_overhead1"}
{"pos":[-438.0889892578125,711.6129760742188,78.19770050048828],"rotationMatrix":[0.7070814371109009,-0.70713210105896,0,0.70713210105896,0.7070814371109009,0,0,0,1],"scale":1,"type":"trafficlight_overhead1"}
{"pos":[-441.3550109863281,708.5479736328125,80.72219848632813],"rotationMatrix":[0.7070814371109009,-0.70713210105896,0,0.70713210105896,0.7070814371109009,0,0,0,1],"scale":1,"type":"trafficlight_overhead1"}
{"pos":[-444.260009765625,705.6430053710938,80.847900390625],"rotationMatrix":[0.7070814371109009,-0.70713210105896,0,0.70713210105896,0.7070814371109009,0,0,0,1],"scale":1,"type":"trafficlight_overhead1"}
{"pos":[-446.9039916992188,703,80.99690246582031],"rotationMatrix":[0.7070814371109009,-0.70713210105896,0,0.70713210105896,0.7070814371109009,0,0,0,1],"scale":1,"type":"trafficlight_overhead1"}
{"pos":[-450.625,506.8450012207031,99.94049835205078],"rotationMatrix":[0.7070814371109009,-0.70713210105896,0,0.70713210105896,0.7070814371109009,0,0,0,1],"scale":1,"type":"trafficlight_overhead1"}
{"pos":[-460.6780090332031,501.4079895019531,102.9469985961914],"rotationMatrix":[-0.7071824073791504,0.7070311307907104,0,-0.7070311307907104,-0.7071824073791504,0,0,0,1],"scale":1,"type":"trafficlight_overhead1"}
{"pos":[-474.0719909667969,521.781982421875,102.8929977416992],"rotationMatrix":[0.7070814371109009,-0.70713210105896,0,0.70713210105896,0.7070814371109009,0,0,0,1],"scale":1,"type":"trafficlight_overhead1"}
{"pos":[-28.72279930114746,417.3590087890625,105.0490036010742],"rotationMatrix":[0.7070814371109009,0.70713210105896,0,-0.70713210105896,0.7070814371109009,0,0,0,1],"scale":1,"type":"trafficlight_overhead1"}
{"pos":[-38.61460113525391,401.4930114746094,107.4700012207031],"rotationMatrix":[0.7616739273071289,0.6479605436325073,0,-0.6479605436325073,0.7616739273071289,0,0,0,1],"scale":1,"type":"trafficlight_overhead1"}
{"pos":[-42.42350006103516,406.2099914550781,104.6650009155273],"rotationMatrix":[0.7472394704818726,0.6645548939704895,0,-0.6645548939704895,0.7472394704818726,0,0,0,1],"scale":1,"type":"trafficlight_overhead1"}
{"pos":[-19.80739974975586,404.4249877929688,104.6650009155273],"rotationMatrix":[-0.7473282814025879,-0.6644549965858459,0,0.6644549965858459,-0.7473282814025879,0,0,0,1],"scale":1,"type":"trafficlight_overhead1"}
{"pos":[-23.10630035400391,408.3489990234375,107.1900024414063],"rotationMatrix":[-0.7473282814025879,-0.6644549965858459,0,0.6644549965858459,-0.7473282814025879,0,0,0,1],"scale":1,"type":"trafficlight_overhead1"}
{"pos":[-26.19869995117188,411.8259887695313,107.3150024414063],"rotationMatrix":[-0.7473282814025879,-0.6644549965858459,0,0.6644549965858459,-0.7473282814025879,0,0,0,1],"scale":1,"type":"trafficlight_overhead1"}
{"pos":[-373.5639953613281,429.7829895019531,99.62789916992188],"rotationMatrix":[0.7070814371109009,-0.70713210105896,0,0.70713210105896,0.7070814371109009,0,0,0,1],"scale":1,"type":"trafficlight_overhead1"}
{"pos":[-290.072998046875,338.7359924316406,105.2429962158203],"rotationMatrix":[0.8850878477096558,0.4654240012168884,0,-0.4654240012168884,0.8850878477096558,0,0,0,1],"scale":1,"type":"trafficlight_overhead1"}
{"pos":[-302.8580017089844,325.625,107.6589965820313],"rotationMatrix":[0.8436477184295654,0.5368971228599548,0,-0.5368971228599548,0.8436477184295654,0,0,0,1],"scale":1,