{"pos":[-521.426025390625,-657.8909912109375,161.7729949951172],"rotationMatrix":[0.9699875116348267,0.2431547343730927,0,-0.2431547343730927,0.9699875116348267,0,0,0,1],"scale":1.125599980354309,"type":"wca_rock11"}
{"pos":[-671.9290161132813,-746.4840087890625,141.6139984130859],"rotationMatrix":[0.9769304990768433,0.2135574817657471,0,-0.2135574817657471,0.9769304990768433,0,0,0,1],"scale":0.9445000290870667,"type":"wca_rock11"}
{"pos":[-849.4420166015625,-800.7650146484375,115.2959976196289],"rotationMatrix":[-0.9840319156646729,0.1779921054840088,0,-0.1779921054840088,-0.9840319156646729,0,0,0,1],"scale":0.8102999925613403,"type":"wca_rock11"}
{"pos":[-30.02790069580078,468.4849853515625,74.64019775390625],"rotationMatrix":[-0.1628124713897705,-0.9866570234298706,0,0.9866570234298706,-0.1628124713897705,0,0,0,1],"scale":1.016299962997437,"type":"wca_rock11"}
{"pos":[-79.26760101318359,450.3399963378906,74.65170288085938],"rotationMatrix":[-0.5012979507446289,0.8652747273445129,0,-0.8652747273445129,-0.5012979507446289,0,0,0,1],"scale":0.9851999878883362,"type":"wca_rock11"}
{"pos":[952.9539794921875,-32.11349868774414,149.1269989013672],"rotationMatrix":[0.02810323238372803,0.9996050000190735,0,-0.9996050000190735,0.02810323238372803,0,0,0,1],"scale":0.8885999917984009,"type":"wca_rock11"}
{"pos":[901.1290283203125,-259.2590026855469,151.4830017089844],"rotationMatrix":[0.9254248142242432,0.3789312839508057,0,-0.3789312839508057,0.9254248142242432,0,0,0,1],"scale":1.182000041007996,"type":"wca_rock11"}
{"pos":[747.6400146484375,-682.2760009765625,194.4149932861328],"rotationMatrix":[0.5510270595550537,0.8344873785972595,0,-0.8344873785972595,0.5510270595550537,0,0,0,1],"scale":1.571699976921082,"type":"wca_rock11"}
{"pos":[706.8300170898438,-705.5349731445313,197.5460052490234],"rotationMatrix":[0.9795939922332764,-0.1890779882669449,0.06815514713525772,0.2009865790605545,0.9216490983963013,-0.3319146335124969,-5.737763058277778e-05,0.3388398587703705,0.9408440589904785],"scale":1.324900031089783,"type":"wca_rock11"}
{"pos":[673.7589721679688,-705.125,199.0249938964844],"rotationMatrix":[-0.9995999336242676,-0.02828378789126873,0,0.02828378789126873,-0.9995999336242676,0,0,0,1],"scale":1.047000050544739,"type":"wca_rock11"}
{"pos":[502.9530029296875,-606.3469848632813,178.447998046875],"rotationMatrix":[-0.9888222217559814,-0.05206387117505074,-0.1397138833999634,0.0515584908425808,-0.9986437559127808,0.007236763834953308,-0.1399011611938477,-4.75637789350003e-05,0.9901654720306396],"scale":0.8772000074386597,"type":"wca_rock11"}
{"pos":[544.2750244140625,-627.5089721679688,185.5480041503906],"rotationMatrix":[-0.3305540084838867,0.8692423701286316,-0.3676298558712006,-0.9319577813148499,-0.3621088266372681,-0.01821934059262276,-0.1489590406417847,0.3365930020809174,0.9297937154769897],"scale":0.8582999706268311,"type":"wca_rock11"}
{"pos":[528.5040283203125,-650.6240234375,185.1499938964844],"rotationMatrix":[0.5240702629089355,0.8299099802970886,-0.1913108229637146,-0.8329387307167053,0.4525847434997559,-0.3184024393558502,-0.1776610016822815,0.3262154459953308,0.928450345993042],"scale":1.1492999792099,"type":"wca_rock11"}
{"pos":[530.7930297851563,-643.1699829101563,184.2819976806641],"rotationMatrix":[-0.3761405944824219,0.9265626072883606,0,-0.9265626072883606,-0.3761405944824219,0,0,0,1],"scale":1.010800004005432,"type":"wca_rock11"}
{"pos":[531.4810180664063,-653.1010131835938,186.8820037841797],"rotationMatrix":[-0.2780805826187134,-0.960557758808136,0,0.960557758808136,-0.2780805826187134,0,0,0,1],"scale":1.34309995174408,"type":"wca_rock11"}
{"pos":[523.7379760742188,-658.2509765625,185.3119964599609],"rotationMatrix":[-0.6696953773498535,-0.7426359057426453,0,0.7426359057426453,-0.6696953773498535,0,0,0,1],"scale":0.8575999736785889,"type":"wca_rock11"}
{"pos":[516.052001953125,-677.18701171875,188.5720062255859],"rotationMatrix":[0.8901478052139282,-0.4008397161960602,0.216712698340416,0.4556719064712524,0.7830911874771118,-0.4232390820980072,-5.477412923937663e-05,0.4754952192306519,0.8797183036804199],"scale":0.9714000225067139,"type":"wca_rock11"}
{"pos":[519.344970703125,-669.2100219726563,185.9969940185547],"rotationMatrix":[0.3339734077453613,-0.7502483725547791,0.5706042051315308,0.8866037726402283,0.4555507898330688,0.08004523068666458,-0.3199930191040039,0.4791668653488159,0.8173148632049561],"scale":1.330700039863586,"type":"wca_rock11"}
{"pos":[503.7929992675781,-691.968994140625,189.0540008544922],"rotationMatrix":[0.5621860027313232,0.8121196031570435,-0.1562328189611435,-0.7869855165481567,0.4672858715057373,-0.4028618633747101,-0.2541666328907013,0.3494362831115723,0.9018279314041138],"scale":0.973800003528595,"type":"wca_rock11"}
{"pos":[384.0230102539063,-305.2669982910156,150.5529937744141],"rotationMatrix":[0.854200005531311,-0.5199445486068726,0,0.5199445486068726,0.854200005531311,0,0,0,1],"scale":0.8693000078201294,"type":"wca_rock11"}
{"pos":[467.8219909667969,-722.3790283203125,189.9550018310547],"rotationMatrix":[0.4129054546356201,-0.9107738733291626,0,0.9107738733291626,0.4129054546356201,0,0,0,1],"scale":1.144400000572205,"type":"wca_rock11"}
{"pos":[450.614990234375,-733.10400390625,191.8029937744141],"rotationMatrix":[0.9266252517700195,-0.1475099176168442,0.3458416759967804,0.3759862184524536,0.3637824058532715,-0.852230429649353,-9.86710874713026e-05,0.9197299480438232,0.3925516605377197],"scale":0.9918000102043152,"type":"wca_rock11"}
{"pos":[447.3200073242188,-737.3729858398438,191.0879974365234],"rotationMatrix":[-0.9740493297576904,0.05702764913439751,0.2196146845817566,0.05702764913439751,-0.8754323720932007,0.4801912307739258,0.2196146845817566,0.4801912307739258,0.8492165803909302],"scale":1.097399950027466,"type":"wca_rock11"}
{"pos":[961.81298828125,573.5549926757813,142.1340026855469],"rotationMatrix":[-0.9816423654556274,0.19073086977005,0,-0.19073086977005,-0.9816423654556274,0,0,0,1],"scale":1.386700034141541,"type":"wca_rock11"}
{"pos":[951.1430053710938,485.6050109863281,144.6809997558594],"rotationMatrix":[0.6312313079833984,0.7755946516990662,0,-0.7755946516990662,0.6312313079833984,0,0,0,1],"scale":1.034600019454956,"type":"wca_rock11"}
{"pos":[970.9429931640625,404.81201171875,149.1159973144531],"rotationMatrix":[0.4390475749969482,0.8984637856483459,0,-0.8984637856483459,0.4390475749969482,0,0,0,1],"scale":1.132300019264221,"type":"wca_rock11"}
{"pos":[971.1209716796875,403.8280029296875,149.1739959716797],"rotationMatrix":[-0.9756743907928467,-0.2192247360944748,0,0.2192247360944748,-0.9756743907928467,0,0,0,1],"scale":1.264299988746643,"type":"wca_rock11"}
{"pos":[20.97529983520508,517.9340209960938,74.52690124511719],"rotationMatrix":[0.1266868114471436,0.9919427633285522,0,-0.9919427633285522,0.1266868114471436,0,0,0,1],"scale":0.9598000049591064,"type":"wca_rock11"}
{"pos":[14.31910037994385,510.2950134277344,74.57769775390625],"rotationMatrix":[0.9937950372695923,-0.1112269014120102,0,0.1112269014120102,0.9937950372695923,0,0,0,1],"scale":0.8464999794960022,"type":"wca_rock11"}
{"pos":[22.73819923400879,500.7900085449219,87.41929626464844],"rotationMatrix":[-0.9685248136520386,0.2489170283079147,0,-0.2489170283079147,-0.9685248136520386,0,0,0,1],"scale":0.8920999765396118,"type":"wca_rock11"}
{"pos":[2.236200094223022,499.9670104980469,74.54299926757813],"rotationMatrix":[-0.4641027450561523,-0.8857813477516174,0,0.8857813477516174,-0.4641027450561523,0,0,0,1],"scale":0.9193000197410583,"type":"wca_rock11"}
{"pos":[50.89623260498047,-995.0255126953125,131.4812316894531],"rotationMatrix":[-0.7562568187713623,-0.6542748808860779,0,0.6542748808860779,-0.7562568187713623,0,0,0,1],"scale":0.9345153570175171,"type":"wca_rock11"}
{"pos":[-17.34994506835938,-988.0993041992188,129.0867462158203],"rotationMatrix":[-0.9933655261993408,-0.1150000095367432,0,0.1150000095367432,-0.9933655261993408,0,0,0,1],"scale":1.025728106498718,